vehicle_id,scheduled_depart_s,sampled_headway_s,preferred_speed_mps,min_gap_m,preferred_tau_s
veh_000000,5.783865,5.783865,25.701690,2.881091,2.143868
veh_000001,11.524509,5.740645,23.179641,3.593831,1.934261
veh_000002,17.357535,5.833026,23.891782,3.100393,1.819621
veh_000003,24.410511,7.052976,24.309835,2.920769,1.946755
veh_000004,30.219128,5.808618,20.477031,2.537075,2.258917
veh_000005,33.973098,3.753970,18.856248,4.023960,1.893597
veh_000006,40.471576,6.498478,19.839542,3.883030,2.200697
veh_000007,46.070570,5.598994,23.113039,2.957765,1.594148
veh_000008,51.745132,5.674562,24.713610,3.689040,1.410843
veh_000009,57.918959,6.173827,22.637642,3.684519,1.939406
veh_000010,64.267405,6.348447,19.312283,2.479812,1.153380
veh_000011,72.012743,7.745338,25.493691,3.268267,2.001781
veh_000012,78.997698,6.984955,18.763647,3.301978,1.040228
veh_000013,85.163459,6.165761,21.260803,3.270558,1.872317
veh_000014,90.055977,4.892518,21.078086,3.004853,1.538045
veh_000015,94.533983,4.478006,22.912150,1.838506,2.200471
veh_000016,100.903496,6.369513,24.804335,2.970899,1.359058
veh_000017,108.870118,7.966621,19.015393,3.820043,1.440205
veh_000018,114.932603,6.062485,21.639089,3.397973,1.399764
veh_000019,120.773118,5.840515,23.057263,2.780340,1.741762
veh_000020,127.570782,6.797664,19.743486,4.393203,1.444428
veh_000021,131.390464,3.819682,22.147854,2.374268,2.138453
veh_000022,136.922048,5.531584,22.772999,3.878045,1.837433
veh_000023,143.657592,6.735544,19.367159,2.553171,1.624885
veh_000024,150.967699,7.310107,19.429892,1.775913,2.091662
veh_000025,156.606754,5.639055,22.229355,3.513235,2.059351
veh_000026,163.171654,6.564900,21.845392,3.632656,1.952621
veh_000027,169.543974,6.372320,22.846497,3.763898,1.522047
veh_000028,176.717464,7.173490,24.352643,4.459032,1.907543
veh_000029,181.047631,4.330167,23.346795,2.504573,1.494960
veh_000030,187.900007,6.852376,20.764645,2.848141,2.046433
veh_000031,191.628226,3.728219,24.431690,3.428388,2.181872
veh_000032,193.698308,2.070082,20.603889,4.717791,2.022121
veh_000033,198.787972,5.089664,25.860053,3.838001,2.052483
veh_000034,203.414257,4.626285,25.004605,2.368028,1.669365
veh_000035,210.728276,7.314018,19.725541,2.857053,2.117517
veh_000036,217.724674,6.996399,21.924671,2.042882,2.503157
veh_000037,221.896062,4.171388,21.454853,2.444021,1.513408
veh_000038,229.167104,7.271042,19.533805,2.546321,1.500647
veh_000039,233.663800,4.496696,19.612463,3.095547,1.851697
veh_000040,239.534434,5.870634,23.966130,4.420945,1.691725
veh_000041,245.093585,5.559150,21.162342,3.851729,2.031798
veh_000042,251.265215,6.171630,18.935046,3.347555,1.179442
veh_000043,258.493169,7.227954,21.724816,3.366989,1.863161
veh_000044,265.450790,6.957621,24.519119,2.205757,2.055457
veh_000045,271.975617,6.524828,26.113834,4.004264,2.029820
veh_000046,278.950539,6.974922,22.490108,3.023987,1.473704
veh_000047,285.668278,6.717738,21.648805,3.433816,1.558059
veh_000048,290.727799,5.059522,20.554116,3.368327,1.545104
veh_000049,295.651743,4.923943,21.188585,2.403575,1.968264
veh_000050,300.946790,5.295048,23.543356,2.612327,1.198271
veh_000051,307.695780,6.748990,25.153610,3.900133,1.975655
veh_000052,313.320607,5.624827,25.131479,3.589270,1.404501
veh_000053,322.824238,9.503631,21.806829,3.071422,2.084174
veh_000054,327.595299,4.771061,24.330000,3.394891,1.662871
veh_000055,331.946987,4.351688,24.058681,3.716787,1.714609
veh_000056,339.099697,7.152710,23.366084,1.832555,1.740180
veh_000057,347.232472,8.132775,22.211018,2.579938,1.436050
veh_000058,353.991011,6.758539,21.717953,3.722207,1.482764
veh_000059,361.244737,7.253726,25.318812,3.941775,1.581166
veh_000060,369.384255,8.139517,21.719208,2.781726,1.746239
veh_000061,375.243214,5.858959,23.360401,3.454492,1.682489
veh_000062,379.108775,3.865562,22.936863,3.036443,1.894204
veh_000063,384.310660,5.201885,25.183544,2.478090,1.600813
veh_000064,391.740004,7.429344,24.056190,2.209954,1.350158
veh_000065,395.574487,3.834482,24.651422,4.262629,1.606519
veh_000066,401.624783,6.050297,25.694882,3.387765,1.550431
veh_000067,408.004640,6.379856,24.495562,4.213647,1.968510
veh_000068,413.531251,5.526612,24.101410,3.835866,1.789741
veh_000069,420.616699,7.085448,21.769396,3.781189,1.570880
veh_000070,427.487869,6.871170,22.569739,1.935786,2.174047
veh_000071,436.969982,9.482113,22.428520,3.657921,1.908741
veh_000072,443.899933,6.929952,23.491326,2.896643,1.683219
veh_000073,448.985828,5.085895,22.183327,2.297971,1.701319
veh_000074,454.143132,5.157304,21.701867,3.142589,2.100980
veh_000075,458.895760,4.752628,26.177730,2.954152,1.353499
veh_000076,466.324170,7.428410,19.710292,1.910897,1.518017
veh_000077,471.473921,5.149751,20.492928,2.167411,2.013111
veh_000078,477.368530,5.894609,25.379704,3.893757,2.057640
veh_000079,484.492484,7.123954,22.414431,2.477102,1.434753
veh_000080,489.407289,4.914806,21.099208,3.646055,1.663386
veh_000081,494.966802,5.559513,18.231937,2.657748,1.600420
veh_000082,498.204873,3.238071,23.728273,3.743783,1.467255
veh_000083,502.581155,4.376282,20.627732,2.706027,1.679402
veh_000084,507.729551,5.148395,22.120690,2.372885,1.691163
veh_000085,514.353192,6.623641,21.392131,1.491031,1.485941
veh_000086,522.143432,7.790240,23.781879,2.890405,1.840346
veh_000087,528.115732,5.972300,19.545913,3.671921,2.058799
veh_000088,534.507778,6.392046,24.267784,3.131222,1.720912
veh_000089,540.759732,6.251954,20.808515,2.419767,1.943638
veh_000090,548.386844,7.627112,21.557833,2.017043,1.951905
veh_000091,555.726877,7.340033,18.126777,2.403091,1.795900
veh_000092,562.137417,6.410540,19.805538,3.931280,1.400061
veh_000093,566.621000,4.483584,21.388103,3.310926,1.706507
veh_000094,573.976078,7.355078,24.176645,2.462851,1.751947
veh_000095,580.547649,6.571571,22.901024,4.409718,2.191510
veh_000096,588.388061,7.840412,23.638522,2.554235,1.520879
veh_000097,594.343201,5.955140,23.986467,3.146819,1.220000
veh_000098,603.272853,8.929651,19.258792,2.650525,1.830530
veh_000099,608.734538,5.461685,25.598656,3.726465,1.593017
veh_000100,617.124129,8.389591,21.626245,2.571444,1.896930
veh_000101,623.296807,6.172678,23.882800,1.503574,1.723819
veh_000102,628.522404,5.225596,21.946835,3.376254,1.731269
veh_000103,632.829732,4.307328,22.946974,4.694259,2.431744
veh_000104,638.603186,5.773454,23.795692,1.948098,1.737613
veh_000105,646.738168,8.134982,22.741277,2.736994,1.508939
veh_000106,653.962729,7.224562,24.796271,1.803303,2.173583
veh_000107,660.996055,7.033326,22.838624,2.884922,1.754723
veh_000108,663.432246,2.436191,22.548999,4.390195,1.935985
veh_000109,670.498693,7.066446,19.397791,1.967392,1.524623
veh_000110,677.332471,6.833779,21.477345,1.818883,1.801216
veh_000111,682.507582,5.175111,22.014587,2.589520,2.034683
veh_000112,687.566505,5.058923,25.878955,2.657597,2.009367
veh_000113,693.563040,5.996534,18.142363,4.453415,1.605194
veh_000114,702.150354,8.587314,20.814514,2.788298,1.775296
veh_000115,706.567703,4.417349,21.520061,4.221267,1.556027
veh_000116,711.925995,5.358292,24.954015,1.750372,1.209298
veh_000117,719.968672,8.042677,25.120894,3.032515,1.390170
veh_000118,725.299446,5.330774,22.491663,2.452390,2.157133
veh_000119,730.753069,5.453623,22.556428,2.590451,1.887328
veh_000120,736.899734,6.146665,21.990626,3.187053,1.921351
veh_000121,741.037800,4.138066,21.257389,2.706704,1.533736
veh_000122,747.367718,6.329918,21.276278,4.665769,1.749769
veh_000123,751.553291,4.185574,21.310267,2.925267,1.935627
veh_000124,758.881089,7.327797,22.008706,3.721812,1.292616
veh_000125,764.885860,6.004771,22.526652,2.136769,2.173521
veh_000126,774.311007,9.425147,20.931731,3.755285,1.676992
veh_000127,780.732268,6.421261,23.752141,2.026719,1.946039
veh_000128,788.780802,8.048534,22.268203,3.658182,1.413527
veh_000129,792.825906,4.045104,23.547400,3.416469,1.787270
veh_000130,798.642697,5.816791,19.299482,3.314507,1.885311
veh_000131,805.127416,6.484718,20.781019,3.586374,1.707640
veh_000132,813.745997,8.618581,22.560076,3.383607,1.876360
veh_000133,817.224623,3.478626,22.988205,3.916111,1.851248
veh_000134,824.710553,7.485930,21.955851,2.595463,1.615738
veh_000135,831.597584,6.887031,25.794630,3.207476,1.810137
veh_000136,839.897903,8.300319,21.881496,2.986866,1.787165
veh_000137,846.966481,7.068578,25.545432,3.058549,2.126396
veh_000138,853.044588,6.078107,25.470998,1.525798,2.167872
veh_000139,858.262114,5.217526,23.905720,3.806688,1.654468
veh_000140,862.389844,4.127730,23.347708,2.468889,1.614543
veh_000141,868.682978,6.293134,23.590333,2.840391,1.719889
veh_000142,874.395433,5.712455,22.027772,3.532244,2.318069
veh_000143,883.425834,9.030401,19.835174,2.154383,1.890383
veh_000144,888.509297,5.083463,21.185680,3.540812,1.421266
veh_000145,894.989885,6.480588,20.935397,3.400352,2.095173
veh_000146,898.636382,3.646498,21.428294,3.426307,1.579954
veh_000147,904.043189,5.406806,20.709785,3.470699,1.741564
veh_000148,910.434910,6.391722,19.947295,2.614163,1.919086
veh_000149,917.670850,7.235940,22.641344,2.892944,2.007020
veh_000150,925.843003,8.172153,25.532279,2.282728,1.391659
veh_000151,931.776781,5.933778,20.395675,3.292613,1.684907
veh_000152,936.100913,4.324133,18.232177,4.143097,1.787636
veh_000153,942.787689,6.686776,21.055890,2.858896,2.245032
veh_000154,949.563170,6.775481,19.590091,2.469290,1.617477
veh_000155,956.300657,6.737488,20.065464,2.952395,1.925534
veh_000156,961.250226,4.949568,19.446321,3.315877,2.378897
veh_000157,968.950302,7.700077,22.021258,2.241684,2.113730
veh_000158,975.082146,6.131844,23.519847,2.479839,1.870294
veh_000159,982.131883,7.049737,19.699840,2.514826,1.889616
veh_000160,990.042993,7.911110,19.177516,2.557369,1.884706
veh_000161,996.956901,6.913908,21.958687,3.912097,2.189356
veh_000162,1003.386675,6.429774,22.041458,2.569730,2.222055
veh_000163,1012.615868,9.229193,25.944765,4.491176,1.502723
veh_000164,1018.981423,6.365555,25.255197,3.446605,1.496889
veh_000165,1024.537476,5.556054,20.845089,2.859071,1.794289
veh_000166,1030.705427,6.167951,23.623848,2.601377,1.482623
veh_000167,1038.929580,8.224153,21.346117,2.200421,2.293595
veh_000168,1045.107649,6.178069,25.408934,3.018394,1.272790
veh_000169,1051.886715,6.779066,22.066255,2.515476,2.101999
veh_000170,1059.680312,7.793597,22.014809,3.280694,1.155274
veh_000171,1064.911024,5.230712,19.678137,1.812716,1.838408
veh_000172,1068.321170,3.410145,22.251014,2.505661,1.715061
veh_000173,1074.770304,6.449135,24.928912,3.650214,1.531538
veh_000174,1081.114907,6.344602,20.527738,3.457377,2.150613
veh_000175,1086.202891,5.087985,22.795297,3.279273,1.662566
veh_000176,1093.509521,7.306630,21.033448,3.539285,2.167177
veh_000177,1100.420872,6.911351,24.378268,3.826708,2.187566
veh_000178,1104.928383,4.507511,22.223519,2.340286,1.584286
veh_000179,1111.705711,6.777328,23.569760,1.063373,2.036699
veh_000180,1117.411554,5.705843,23.056936,2.676959,2.165907
veh_000181,1121.187016,3.775462,20.368582,1.276942,2.113129
veh_000182,1127.866441,6.679425,19.769634,2.948143,1.819153
veh_000183,1133.798619,5.932178,25.287570,2.116790,1.928691
veh_000184,1138.680695,4.882076,21.574228,2.984338,1.373345
veh_000185,1145.465113,6.784418,20.044782,3.425146,1.654314
veh_000186,1152.197253,6.732140,20.893353,2.048271,1.378501
veh_000187,1157.330947,5.133694,26.060924,4.036043,1.449918
veh_000188,1163.931476,6.600528,22.561158,2.580684,1.535782
veh_000189,1171.454073,7.522597,24.835803,4.094643,1.570237
veh_000190,1176.385073,4.931000,22.541989,1.382576,2.097277
veh_000191,1182.956408,6.571335,25.344839,4.464478,1.262959
veh_000192,1188.960542,6.004134,21.656419,4.726515,1.572753
veh_000193,1198.359557,9.399015,22.232171,2.342263,1.952938
veh_000194,1201.566103,3.206546,24.294754,3.176436,1.788949
veh_000195,1208.609029,7.042926,26.584892,4.323995,1.616968
veh_000196,1214.149661,5.540632,22.725094,3.389652,2.192766
veh_000197,1219.999365,5.849704,20.848346,2.095403,2.140266
veh_000198,1228.851748,8.852383,24.641754,4.088323,1.551351
veh_000199,1234.838888,5.987140,19.340248,3.330884,1.593675
veh_000200,1244.200304,9.361416,20.475674,2.155365,1.799206
veh_000201,1249.537082,5.336778,23.802451,3.482641,1.721716
veh_000202,1256.062850,6.525768,21.394055,2.787515,1.353330
veh_000203,1261.326579,5.263729,22.357919,1.976868,2.368800
veh_000204,1266.290547,4.963968,23.020454,3.468993,1.664892
veh_000205,1272.384272,6.093725,23.930118,2.517895,2.183027
veh_000206,1277.960414,5.576143,25.510518,3.419100,1.979629
veh_000207,1284.264152,6.303737,19.447545,3.878357,2.113133
veh_000208,1287.106610,2.842458,21.159941,2.656471,1.808590
veh_000209,1296.110311,9.003702,22.236319,3.489968,1.480075
veh_000210,1301.859816,5.749505,23.310879,2.692390,1.614387
veh_000211,1310.474174,8.614358,20.689377,2.714441,1.553350
veh_000212,1314.963506,4.489332,22.431484,3.277561,1.786287
veh_000213,1321.402310,6.438804,20.639464,3.713166,1.886221
veh_000214,1332.149723,10.747413,24.299535,3.270074,1.921114
veh_000215,1336.845129,4.695406,25.182590,3.040330,1.422219
veh_000216,1340.602179,3.757050,20.652281,2.843393,1.625105
veh_000217,1345.782415,5.180236,23.702594,2.185092,1.401344
veh_000218,1352.491148,6.708733,20.052012,3.400902,1.895204
veh_000219,1359.531158,7.040010,23.274766,2.355373,1.868246
veh_000220,1367.466708,7.935550,19.174986,3.544392,1.483911
veh_000221,1373.081189,5.614481,22.941773,2.268021,1.857906
veh_000222,1376.677813,3.596624,24.981028,3.239673,1.967600
veh_000223,1382.025268,5.347455,24.432803,2.982642,1.847369
veh_000224,1389.885602,7.860334,18.238399,3.504361,2.144736
veh_000225,1396.584096,6.698494,22.697789,2.120588,1.787549
veh_000226,1399.648688,3.064592,21.583484,2.054936,1.692592
veh_000227,1405.596111,5.947423,25.575936,3.910433,1.799256
veh_000228,1413.693363,8.097252,23.306127,3.081654,1.547511
veh_000229,1422.883185,9.189822,25.681770,3.317788,1.451528
veh_000230,1429.725715,6.842530,21.172513,4.196773,1.216633
veh_000231,1436.189669,6.463953,19.811828,3.515406,2.398412
veh_000232,1440.329360,4.139691,23.056784,1.942328,1.325353
veh_000233,1445.064496,4.735136,21.767303,4.371833,1.968476
veh_000234,1451.134870,6.070374,23.070571,2.963098,1.210993
veh_000235,1457.889666,6.754797,22.029297,2.861081,2.059801
veh_000236,1464.759943,6.870276,22.930013,2.591521,1.572410
veh_000237,1470.042630,5.282687,25.641570,1.636407,1.636848
veh_000238,1474.314716,4.272087,19.671405,1.252662,2.481007
veh_000239,1479.148044,4.833327,23.598209,3.945616,1.490867
veh_000240,1483.412582,4.264538,25.240806,3.086026,1.755427
veh_000241,1490.377696,6.965114,23.576617,1.829184,1.345367
veh_000242,1492.909274,2.531578,26.570860,2.447775,2.144255
veh_000243,1498.409357,5.500083,21.682204,4.034736,2.092208
veh_000244,1505.084175,6.674817,22.751207,3.385192,2.633721
veh_000245,1513.367194,8.283019,21.733948,2.813314,1.738276
veh_000246,1519.474143,6.106950,21.653562,2.620166,1.767392
veh_000247,1526.976069,7.501926,26.392871,2.496458,2.198154
veh_000248,1532.377563,5.401494,19.188227,4.220496,2.083473
veh_000249,1537.260957,4.883394,21.089347,2.578119,1.383572
veh_000250,1542.249367,4.988410,21.252695,2.840782,1.929303
veh_000251,1550.540371,8.291004,22.449617,1.908071,1.709815
veh_000252,1558.031703,7.491332,21.726327,4.034687,1.650063
veh_000253,1564.762800,6.731097,23.811590,2.982119,1.465565
veh_000254,1575.758203,10.995403,23.573950,3.116679,2.170140
veh_000255,1581.709691,5.951488,26.438218,3.867595,1.644510
veh_000256,1588.640215,6.930524,24.345058,4.000103,1.945340
veh_000257,1595.101603,6.461387,20.356938,3.534484,1.527462
veh_000258,1600.768774,5.667171,18.814252,2.821696,1.636715
veh_000259,1610.243031,9.474257,21.474169,2.575436,1.469142
veh_000260,1618.502939,8.259907,21.021634,3.259177,1.464352
veh_000261,1622.403719,3.900781,21.812575,2.236183,1.908357
veh_000262,1627.803950,5.400231,25.363066,4.760687,1.202159
veh_000263,1634.446454,6.642505,23.154915,2.445224,1.765672
veh_000264,1641.621229,7.174775,19.325345,2.945128,1.571037
veh_000265,1645.598559,3.977329,20.618912,3.267344,1.710157
veh_000266,1648.215216,2.616658,25.966550,1.665530,2.195667
veh_000267,1651.355666,3.140450,19.694320,4.382452,1.923961
veh_000268,1657.248999,5.893333,24.029664,2.060865,1.514682
veh_000269,1663.094194,5.845195,24.287123,4.132741,1.989054
veh_000270,1669.612023,6.517829,19.679328,3.142200,1.779821
veh_000271,1674.457511,4.845488,19.460680,3.143891,2.358453
veh_000272,1678.621154,4.163643,23.103742,3.284924,1.417200
veh_000273,1681.586587,2.965432,23.035143,3.905109,1.652582
veh_000274,1688.080368,6.493781,24.647830,3.187601,2.331684
veh_000275,1694.635449,6.555081,23.631921,2.856081,2.005503
veh_000276,1702.124939,7.489491,20.118068,2.933696,1.975485
veh_000277,1709.311133,7.186194,26.431821,3.401821,2.302338
veh_000278,1715.025059,5.713927,22.784583,2.966314,1.804696
veh_000279,1723.048951,8.023891,22.676497,3.410883,1.742320
veh_000280,1728.844400,5.795450,22.826774,2.936576,2.154621
veh_000281,1733.853146,5.008745,18.987169,1.943188,2.337699
veh_000282,1739.072278,5.219132,20.541062,3.625418,1.236689
veh_000283,1744.195061,5.122783,24.194610,2.722128,1.814525
veh_000284,1746.946456,2.751395,23.922253,2.988306,1.971630
veh_000285,1753.180945,6.234489,21.240483,3.752691,1.886142
veh_000286,1759.555773,6.374828,22.626208,2.963886,2.009679
veh_000287,1765.012374,5.456601,21.180789,3.509974,1.851168
veh_000288,1769.941612,4.929238,21.118370,3.671395,1.761979
veh_000289,1776.499318,6.557706,21.400943,2.790079,1.507803
veh_000290,1785.074624,8.575306,19.887115,2.627618,2.069220
veh_000291,1791.132006,6.057383,20.750236,2.241917,1.868338
veh_000292,1796.370556,5.238550,22.104423,3.290880,1.743342
veh_000293,1801.483385,5.112829,22.379690,3.585661,1.386289
veh_000294,1807.378751,5.895365,22.020189,3.688969,1.349927
veh_000295,1811.481602,4.102852,21.950708,3.206772,1.705856
veh_000296,1817.293711,5.812109,23.310062,2.418537,2.143385
veh_000297,1823.385485,6.091773,22.635419,3.072238,1.767446
veh_000298,1832.152503,8.767018,22.522134,2.705352,1.958938
veh_000299,1839.567713,7.415211,21.496530,2.806753,2.320251
veh_000300,1847.118757,7.551044,22.227592,1.528112,1.253053
veh_000301,1852.049334,4.930577,24.145497,2.779354,1.752111
veh_000302,1859.054217,7.004882,23.915253,2.985804,2.079894
veh_000303,1863.345143,4.290926,21.711339,4.047583,2.115654
veh_000304,1869.813084,6.467941,20.992056,4.607661,1.729989
veh_000305,1876.441190,6.628106,20.774613,4.380349,1.848395
veh_000306,1881.291576,4.850386,19.970596,3.501974,1.732423
veh_000307,1890.290645,8.999070,25.976303,3.029015,1.997821
veh_000308,1897.141706,6.851060,20.488280,1.721035,2.123717
veh_000309,1900.287613,3.145908,24.450610,3.174640,1.664887
veh_000310,1907.116903,6.829290,22.239932,3.965784,2.170415
veh_000311,1912.505786,5.388882,23.829184,3.904630,1.411207
veh_000312,1918.507850,6.002064,21.054586,2.720734,2.141844
veh_000313,1925.206497,6.698647,21.868216,4.218614,1.108850
veh_000314,1931.792296,6.585799,24.655234,2.133735,2.013902
veh_000315,1934.733569,2.941273,25.897303,3.659571,1.127482
veh_000316,1938.996089,4.262520,22.868310,3.304277,1.893769
veh_000317,1946.155026,7.158936,24.966471,2.736000,1.971790
veh_000318,1954.106832,7.951806,23.976797,3.457566,1.733160
veh_000319,1962.961561,8.854729,24.551926,2.561290,1.969027
veh_000320,1971.666314,8.704752,23.205446,3.207854,1.368080
veh_000321,1974.583009,2.916695,22.260613,2.604675,1.962324
veh_000322,1981.737232,7.154223,21.722811,3.041278,1.656694
veh_000323,1984.862797,3.125565,24.354042,3.310732,1.703796
veh_000324,1993.283198,8.420401,21.947299,3.125933,1.780178
veh_000325,1999.663222,6.380024,23.433626,3.536742,1.619759
veh_000326,2003.951469,4.288247,21.180640,4.795574,1.916095
veh_000327,2012.966320,9.014851,20.858640,2.361653,1.682588
veh_000328,2019.932276,6.965956,22.096168,3.869134,2.218477
veh_000329,2023.095553,3.163277,24.270359,2.586989,1.806916
veh_000330,2029.535755,6.440202,19.957595,3.249964,2.198388
veh_000331,2034.439045,4.903290,25.518742,2.188950,1.708514
veh_000332,2040.605989,6.166943,22.592838,3.548225,1.541138
veh_000333,2045.908197,5.302208,23.475979,3.703106,1.980772
veh_000334,2053.968438,8.060241,20.943449,3.223325,1.733020
veh_000335,2057.833508,3.865070,24.891133,3.025610,2.125706
veh_000336,2064.309616,6.476108,22.133863,3.865978,2.119736
veh_000337,2073.030898,8.721283,23.406801,2.606016,1.412715
veh_000338,2077.790458,4.759560,18.801275,3.677744,2.541151
veh_000339,2084.106431,6.315973,26.794883,3.212586,1.619529
veh_000340,2090.409433,6.303002,24.275571,2.195671,1.817310
veh_000341,2095.374880,4.965447,20.876813,3.148985,1.873849
veh_000342,2102.346720,6.971840,21.092698,3.460210,1.900325
veh_000343,2108.492296,6.145575,22.916348,4.338322,1.699859
veh_000344,2113.076645,4.584349,20.652319,3.219353,1.848293
veh_000345,2121.719669,8.643024,19.208904,3.208582,2.155062
veh_000346,2128.907091,7.187422,22.185111,2.983944,2.592047
veh_000347,2134.656431,5.749340,25.481812,4.058119,1.568277
veh_000348,2139.701419,5.044988,23.909753,3.535943,2.045167
veh_000349,2144.524875,4.823456,23.514334,2.813594,1.973198
veh_000350,2152.371286,7.846411,21.390089,2.473673,2.019816
veh_000351,2158.151569,5.780283,26.224567,3.309419,2.035088
veh_000352,2164.840726,6.689157,20.383519,2.892691,2.209720
veh_000353,2170.564041,5.723315,20.541963,2.672835,1.738965
veh_000354,2177.488655,6.924614,19.734790,2.894124,2.079144
veh_000355,2183.314687,5.826031,23.434255,3.566155,1.829009
veh_000356,2190.460467,7.145781,20.637851,3.353044,2.055267
veh_000357,2196.185651,5.725184,22.549348,3.274763,1.766351
veh_000358,2203.430032,7.244381,24.292495,3.185903,2.008812
veh_000359,2210.438608,7.008576,18.864400,2.748525,2.284467
veh_000360,2216.263693,5.825085,20.635334,2.800515,1.851190
veh_000361,2220.974028,4.710334,23.835720,3.701988,1.643992
veh_000362,2225.563848,4.589820,22.759880,2.583005,1.332352
veh_000363,2230.452742,4.888895,22.148218,4.023084,2.192329
veh_000364,2234.976011,4.523269,22.487127,3.300401,1.472085
veh_000365,2242.274706,7.298695,20.998806,2.778104,1.535369
veh_000366,2248.204802,5.930097,23.112861,2.854447,1.476601
veh_000367,2256.559954,8.355151,24.281418,2.707854,1.779454
veh_000368,2265.978948,9.418995,20.954004,3.770816,1.738108
veh_000369,2272.015282,6.036334,20.973838,3.777403,1.536074
veh_000370,2275.693256,3.677974,19.688366,4.299868,2.348629
veh_000371,2281.121076,5.427820,22.055208,3.391367,1.135689
veh_000372,2287.008053,5.886977,24.930469,2.191772,1.894401
veh_000373,2290.775390,3.767336,20.936329,2.549360,1.473948
veh_000374,2296.399650,5.624260,21.947964,2.691175,2.224276
veh_000375,2302.830069,6.430419,25.491136,2.898022,1.904431
veh_000376,2308.140928,5.310858,20.569010,4.147401,2.121531
veh_000377,2312.988289,4.847361,21.695066,3.692254,2.325678
veh_000378,2317.850153,4.861865,22.303676,3.684095,1.485134
veh_000379,2326.530179,8.680026,22.054339,4.408657,1.929737
veh_000380,2332.290710,5.760531,21.962496,3.554428,2.144964
veh_000381,2337.045815,4.755105,25.622600,4.222373,1.643892
veh_000382,2342.486467,5.440652,23.661794,3.341937,1.898720
veh_000383,2349.917983,7.431516,18.816484,3.890461,1.718363
veh_000384,2354.890951,4.972968,23.440869,3.303907,1.174145
veh_000385,2361.613722,6.722771,22.233405,2.547580,1.677167
veh_000386,2368.705549,7.091827,25.608103,2.772984,1.497243
veh_000387,2375.829226,7.123677,26.291210,3.225710,1.481437
veh_000388,2383.928768,8.099542,23.072432,2.637339,2.204165
veh_000389,2389.103045,5.174277,22.212626,2.335514,1.568952
veh_000390,2396.802144,7.699099,23.719092,2.833723,1.230438
veh_000391,2401.612864,4.810720,19.891687,3.255563,1.377729
veh_000392,2407.018054,5.405190,23.304780,3.494933,1.415470
veh_000393,2414.812185,7.794131,23.646625,2.524712,1.785566
veh_000394,2422.045748,7.233563,22.737472,1.993497,1.824417
veh_000395,2428.048894,6.003146,20.291929,3.118674,1.785192
veh_000396,2432.261773,4.212879,24.251502,3.390824,1.626041
veh_000397,2439.104263,6.842490,21.978259,2.837793,2.338040
veh_000398,2444.158704,5.054441,21.205929,3.084409,1.923263
veh_000399,2448.772877,4.614173,23.278339,2.462845,1.903892
veh_000400,2453.800675,5.027799,20.456651,2.913257,1.802182
veh_000401,2460.170417,6.369741,24.501739,1.786539,2.300925
veh_000402,2462.988868,2.818452,22.229163,2.064417,1.883146
veh_000403,2469.530013,6.541145,20.355845,4.417364,1.944850
veh_000404,2475.790878,6.260864,23.034935,2.611974,1.551111
veh_000405,2480.914088,5.123210,24.835037,3.401977,1.692926
veh_000406,2488.469479,7.555391,19.195075,3.373210,2.039544
veh_000407,2495.386640,6.917161,20.311866,2.510008,1.880360
veh_000408,2500.477213,5.090574,23.814031,3.254976,2.115993
veh_000409,2505.472188,4.994975,24.475281,4.234941,1.764495
veh_000410,2512.514916,7.042727,21.962515,1.532131,1.108330
veh_000411,2516.240805,3.725890,24.088685,2.534526,1.585386
veh_000412,2521.741872,5.501066,19.877559,2.598521,1.515630
veh_000413,2526.795302,5.053430,24.276930,2.932043,1.812004
veh_000414,2532.900118,6.104816,19.014506,3.888809,1.746187
veh_000415,2539.216808,6.316690,23.266381,2.896327,1.843527
veh_000416,2545.271990,6.055182,25.329007,2.741659,1.664303
veh_000417,2552.974262,7.702272,22.136597,2.933553,1.445303
veh_000418,2559.316356,6.342095,24.031995,3.339184,1.599695
veh_000419,2564.843868,5.527512,24.385815,1.898171,2.399166
veh_000420,2569.027586,4.183718,21.977937,2.669132,1.782674
veh_000421,2576.110360,7.082775,24.159460,3.246386,1.565101
veh_000422,2582.902580,6.792220,19.405898,2.860256,1.967649
veh_000423,2591.078794,8.176214,26.458353,3.416968,1.854949
veh_000424,2595.957612,4.878818,22.854883,4.337083,1.268607
veh_000425,2601.997239,6.039627,26.157017,2.795474,1.244663
veh_000426,2607.909200,5.911961,19.494916,3.169307,1.405750
veh_000427,2613.777784,5.868584,20.479419,3.980722,1.951067
veh_000428,2619.793369,6.015585,25.423327,3.707580,1.387394
veh_000429,2623.221560,3.428191,23.488419,3.213676,1.569591
veh_000430,2630.459038,7.237478,20.210811,2.120685,1.794406
veh_000431,2637.438847,6.979809,20.930868,3.258654,1.348345
veh_000432,2645.134557,7.695710,20.684837,1.863173,1.661679
veh_000433,2654.508919,9.374362,24.747195,2.429411,1.868163
veh_000434,2660.030468,5.521549,21.054248,2.355500,1.763392
veh_000435,2665.976253,5.945785,22.474049,1.403007,1.844539
veh_000436,2671.990929,6.014675,24.712189,3.342177,1.287969
veh_000437,2680.904207,8.913278,20.497502,2.312333,1.389213
veh_000438,2684.307377,3.403170,21.221689,3.422136,1.413288
veh_000439,2691.036029,6.728652,20.862920,3.258927,1.493753
veh_000440,2694.829782,3.793753,25.127328,3.206791,1.683247
veh_000441,2696.957426,2.127644,21.263018,3.322638,1.922898
veh_000442,2699.926177,2.968751,24.696863,3.441080,1.557701
veh_000443,2703.853524,3.927347,24.043239,3.367562,2.163355
veh_000444,2711.457062,7.603538,23.336996,3.030012,2.504214
veh_000445,2716.154521,4.697459,24.288365,3.413736,1.863658
veh_000446,2721.813335,5.658814,24.032203,3.567023,1.909673
veh_000447,2726.068066,4.254731,21.329095,2.397583,1.715329
veh_000448,2732.984491,6.916426,24.271990,3.826366,1.146231
veh_000449,2737.331549,4.347058,23.635996,3.110793,1.960846
veh_000450,2745.308027,7.976478,22.429341,3.993737,2.128556
veh_000451,2749.818369,4.510342,22.661584,3.268050,1.814212
veh_000452,2754.671128,4.852759,21.810806,2.000453,2.023291
veh_000453,2760.855240,6.184112,22.034632,3.086673,1.268124
veh_000454,2766.892307,6.037067,17.896786,4.722104,2.050259
veh_000455,2775.029342,8.137035,20.208881,1.655345,1.755632
veh_000456,2781.209953,6.180611,24.719915,3.876503,1.693265
veh_000457,2785.398201,4.188249,23.258166,3.869616,1.754259
veh_000458,2790.557698,5.159497,23.192747,2.717590,2.142235
veh_000459,2795.698522,5.140824,20.934756,2.917979,2.086783
veh_000460,2802.786086,7.087563,22.874938,2.163491,1.684550
veh_000461,2809.361775,6.575690,22.921348,3.802338,1.724661
veh_000462,2815.182689,5.820913,21.087318,3.083654,1.935152
veh_000463,2822.487100,7.304411,18.775220,3.540743,1.575247
veh_000464,2827.694355,5.207255,20.498214,2.313506,1.955867
veh_000465,2833.490004,5.795649,23.270481,3.838211,1.935464
veh_000466,2839.761145,6.271141,24.033098,2.417246,1.348566
veh_000467,2848.053417,8.292272,22.179344,2.716116,1.942264
veh_000468,2853.905617,5.852200,23.605940,2.644174,1.254583
veh_000469,2859.379419,5.473802,18.489946,3.666629,2.092476
veh_000470,2863.810663,4.431244,18.605223,4.067879,1.815460
veh_000471,2870.839741,7.029078,23.491464,3.418041,1.625370
veh_000472,2875.958273,5.118532,20.115884,2.710057,2.472659
veh_000473,2882.473801,6.515528,26.624080,2.831303,2.059712
veh_000474,2885.621386,3.147585,22.270565,2.894366,1.313492
veh_000475,2893.186166,7.564780,19.228883,2.730541,2.262599
veh_000476,2897.188260,4.002093,24.139619,1.867355,1.768777
veh_000477,2902.022246,4.833986,19.519748,2.153509,2.305702
veh_000478,2909.610118,7.587872,23.739683,2.838949,1.928819
veh_000479,2913.608412,3.998294,20.795771,3.211222,1.372578
veh_000480,2919.489229,5.880817,18.547765,2.921492,2.257169
veh_000481,2925.600613,6.111384,26.160085,3.012259,2.345977
veh_000482,2930.102778,4.502165,20.576530,4.349017,1.391154
veh_000483,2938.117178,8.014400,23.115864,3.473771,2.107318
veh_000484,2946.365345,8.248167,23.090478,1.749235,1.922112
veh_000485,2949.407919,3.042574,20.404586,1.018964,1.947389
veh_000486,2953.234433,3.826515,19.830337,3.949233,1.881537
veh_000487,2960.446782,7.212348,23.779981,3.881786,2.404325
veh_000488,2964.492246,4.045464,26.001218,3.306279,1.300731
veh_000489,2969.909290,5.417044,24.602941,3.510586,1.853555
veh_000490,2976.103618,6.194328,21.821397,4.579700,1.517306
veh_000491,2983.141393,7.037775,21.906533,3.754569,1.844569
veh_000492,2988.806514,5.665121,23.900286,2.410391,2.250317
veh_000493,2994.949345,6.142831,23.390660,3.877040,2.002320
veh_000494,2999.784246,4.834901,18.717375,3.046290,1.922357
veh_000495,3007.722788,7.938542,24.068357,3.407973,1.383458
veh_000496,3012.979818,5.257029,23.501383,1.723144,2.121168
veh_000497,3019.489417,6.509599,18.866204,3.371205,2.058580
veh_000498,3024.721960,5.232543,22.028217,3.201397,2.261598
veh_000499,3030.881445,6.159485,19.693713,3.921604,1.676149
veh_000500,3036.629200,5.747755,24.123636,3.546391,2.174463
veh_000501,3042.385504,5.756304,23.436520,2.181570,1.286717
veh_000502,3046.864833,4.479329,22.335356,2.947718,1.814267
veh_000503,3054.059452,7.194619,21.840067,3.507878,1.657068
veh_000504,3062.180516,8.121064,22.373758,2.961797,1.760274
veh_000505,3068.545238,6.364722,22.760987,3.433860,2.034820
veh_000506,3075.643741,7.098503,21.438755,2.350617,2.046599
veh_000507,3082.900842,7.257102,24.109716,3.202905,2.044482
veh_000508,3090.292821,7.391979,20.970827,3.210766,1.741226
veh_000509,3096.747856,6.455035,22.534773,3.206966,1.490076
veh_000510,3103.066242,6.318386,21.281686,4.687822,1.460444
veh_000511,3110.362253,7.296011,22.032160,2.702416,1.850107
veh_000512,3116.465502,6.103248,23.383125,1.898615,1.836616
veh_000513,3121.004624,4.539122,18.235991,1.850843,1.902464
veh_000514,3127.040396,6.035773,18.369459,3.627410,1.929067
veh_000515,3130.207773,3.167377,24.764868,3.547690,2.084261
veh_000516,3136.198923,5.991150,20.885712,3.565357,2.019366
veh_000517,3142.818982,6.620059,19.894032,3.325104,2.212677
veh_000518,3150.672953,7.853971,20.769598,3.824468,2.158005
veh_000519,3156.899869,6.226916,20.515517,3.554042,1.539273
veh_000520,3164.292078,7.392210,25.432247,2.840541,1.648464
veh_000521,3170.291272,5.999194,26.013792,1.854001,2.240582
veh_000522,3174.756058,4.464785,23.009698,3.044735,2.340850
veh_000523,3178.638988,3.882930,20.256291,3.318253,1.671301
veh_000524,3183.184386,4.545398,24.248012,2.997771,1.750382
veh_000525,3187.135165,3.950778,20.784711,2.415293,1.765508
veh_000526,3194.085727,6.950562,20.933347,2.690267,2.037753
veh_000527,3199.774305,5.688578,26.682463,3.736054,2.374435
veh_000528,3206.629777,6.855472,22.112414,3.350796,1.221707
veh_000529,3212.739924,6.110147,20.832986,3.128091,1.548434
veh_000530,3220.305998,7.566074,23.697699,3.267313,1.742050
veh_000531,3227.896288,7.590289,26.375864,3.366137,1.463819
veh_000532,3232.928281,5.031993,18.901481,2.268940,2.518453
veh_000533,3238.516807,5.588526,21.602898,3.110307,2.484393
veh_000534,3243.717564,5.200757,23.266757,2.639868,1.921199
veh_000535,3247.285596,3.568032,19.921881,3.344135,1.868563
veh_000536,3254.298421,7.012826,21.802861,3.385226,1.738543
veh_000537,3262.081613,7.783192,19.514100,2.822481,2.003787
veh_000538,3268.071971,5.990357,23.430932,2.764224,1.830498
veh_000539,3273.332183,5.260212,25.227183,3.269486,2.154809
veh_000540,3280.968540,7.636358,22.606961,3.620784,1.769265
veh_000541,3283.451097,2.482557,21.168205,3.737425,1.337425
veh_000542,3289.717309,6.266213,19.780070,2.118470,1.890839
veh_000543,3295.932235,6.214926,25.248902,3.871116,1.476620
veh_000544,3301.075950,5.143714,22.383830,2.864591,1.878729
veh_000545,3309.163312,8.087362,25.299608,3.075332,2.043998
veh_000546,3316.619415,7.456103,20.669559,3.437680,1.965068
veh_000547,3322.227679,5.608264,20.190276,3.307537,1.455222
veh_000548,3328.097635,5.869956,22.137595,2.975419,1.386515
veh_000549,3333.515599,5.417964,22.876034,3.311582,1.812296
veh_000550,3338.747419,5.231820,24.761277,2.577540,1.354888
veh_000551,3342.785119,4.037700,23.585859,4.335506,1.910141
veh_000552,3350.855042,8.069923,22.024158,2.301380,2.119913
veh_000553,3358.397042,7.542000,20.365002,2.068398,2.005709
veh_000554,3365.594292,7.197249,20.489363,3.366892,1.958358
veh_000555,3369.952788,4.358496,23.756229,3.857443,1.578930
veh_000556,3379.074055,9.121268,23.255458,2.138102,2.016296
veh_000557,3388.044303,8.970248,22.298171,1.843960,1.902116
veh_000558,3394.326389,6.282086,23.315970,3.660330,1.684385
veh_000559,3398.970058,4.643669,25.840554,3.732249,1.656630
veh_000560,3403.670413,4.700355,24.676621,2.060444,1.933888
veh_000561,3410.298236,6.627823,21.138731,4.269748,1.682828
veh_000562,3414.928715,4.630479,25.460015,1.405075,2.112115
veh_000563,3420.877398,5.948684,19.667684,4.768063,1.998508
veh_000564,3428.510366,7.632967,22.548482,3.452332,1.931542
veh_000565,3432.250130,3.739764,21.797537,2.713516,1.768884
veh_000566,3441.258723,9.008593,22.516508,3.358792,2.072488
veh_000567,3449.608786,8.350063,23.389574,3.128739,1.663584
veh_000568,3453.753157,4.144371,22.858097,3.861553,1.978934
veh_000569,3457.632695,3.879538,23.709466,3.728111,2.163997
veh_000570,3463.207562,5.574867,19.162841,2.447943,2.044543
veh_000571,3467.660847,4.453285,25.675134,2.640542,1.974820
veh_000572,3473.265266,5.604419,21.518079,2.609870,1.479096
veh_000573,3475.393487,2.128221,22.794131,3.622921,1.911063
veh_000574,3481.050434,5.656947,25.272686,1.845721,1.893146
veh_000575,3489.754719,8.704285,21.418366,3.357118,1.201061
veh_000576,3494.079827,4.325108,20.804437,2.730955,1.963155
veh_000577,3499.670223,5.590397,18.952588,3.839139,1.997355
veh_000578,3503.435810,3.765586,24.427871,2.771213,2.029863
veh_000579,3510.393166,6.957356,22.501250,2.262957,1.878201
veh_000580,3516.055187,5.662021,22.886572,3.052837,1.997391
veh_000581,3524.966287,8.911100,23.951345,2.667594,1.821922
veh_000582,3531.276546,6.310259,21.092446,1.644305,1.791999
veh_000583,3536.718276,5.441730,18.625582,3.157204,1.754820
veh_000584,3543.543685,6.825409,22.938499,2.572850,1.960113
veh_000585,3548.784343,5.240658,24.000626,4.029638,1.917544
veh_000586,3552.775380,3.991038,21.422093,2.637947,1.947619
veh_000587,3559.228302,6.452922,23.904787,3.117917,1.701208
veh_000588,3564.965999,5.737697,21.885411,1.660414,1.536442
veh_000589,3571.215471,6.249473,22.364412,2.300166,2.352815
veh_000590,3577.778657,6.563186,25.126952,3.741398,1.845619
veh_000591,3583.013178,5.234520,22.868720,3.479889,1.861658
veh_000592,3589.645543,6.632365,24.538442,2.111259,1.451423
veh_000593,3598.252087,8.606545,19.881608,3.320164,1.804738
veh_000594,3602.590388,4.338301,24.819906,3.200455,1.366662
veh_000595,3611.196526,8.606138,18.514742,3.052228,2.056987
veh_000596,3616.832321,5.635795,24.607035,1.610993,1.871093
veh_000597,3621.682381,4.850060,24.006517,1.889285,1.769656
veh_000598,3631.323212,9.640831,21.789356,3.260384,1.316610
veh_000599,3637.555745,6.232532,24.611591,2.287813,1.408436
veh_000600,3645.611349,8.055605,24.409987,2.967683,1.809236
veh_000601,3652.837741,7.226391,24.490149,2.557003,1.887844
veh_000602,3656.316848,3.479108,23.231462,2.902239,1.804074
veh_000603,3662.498078,6.181229,23.754225,3.474681,1.873775
veh_000604,3667.710098,5.212020,26.293748,3.812008,1.711852
veh_000605,3671.697409,3.987311,18.859159,3.689717,1.913536
veh_000606,3675.039842,3.342433,24.746585,3.524839,1.751472
veh_000607,3681.193278,6.153435,19.258244,3.552263,1.749641
veh_000608,3688.078657,6.885380,20.325453,3.850944,1.528599
veh_000609,3694.664659,6.586002,20.376677,3.108454,1.442708
veh_000610,3700.205917,5.541257,18.965004,2.879027,1.386104
veh_000611,3705.008141,4.802225,21.972813,2.800536,1.651369
veh_000612,3709.527849,4.519708,18.328848,3.051557,1.689466
veh_000613,3714.695108,5.167259,21.286828,2.614673,1.211961
veh_000614,3719.145526,4.450417,23.239864,2.856873,1.957836
veh_000615,3724.840614,5.695088,22.806592,3.181094,2.053333
veh_000616,3730.806283,5.965669,26.437315,3.217187,1.576690
veh_000617,3735.462301,4.656018,25.176004,3.694512,1.802538
veh_000618,3741.114226,5.651925,24.881624,3.237179,1.403464
veh_000619,3745.973746,4.859520,22.727311,1.943386,2.026647
veh_000620,3751.967037,5.993291,22.468098,3.058273,1.867967
veh_000621,3758.727668,6.760632,21.989380,1.793913,1.775885
veh_000622,3764.994856,6.267188,18.764333,1.694970,1.916134
veh_000623,3771.703083,6.708226,22.835046,3.430999,1.732611
veh_000624,3775.225061,3.521978,20.261095,2.333482,1.973866
veh_000625,3780.657016,5.431955,20.889520,2.830218,2.096193
veh_000626,3787.072125,6.415109,19.008161,3.061629,1.133312
veh_000627,3794.033869,6.961744,22.492514,2.892477,2.393015
veh_000628,3797.636864,3.602995,23.485086,3.260032,1.623563
veh_000629,3803.875631,6.238767,24.122325,3.142853,2.186523
veh_000630,3811.685262,7.809631,23.060981,2.913562,1.738185
veh_000631,3817.417346,5.732084,22.608505,3.829286,2.392611
veh_000632,3823.275209,5.857863,20.768990,3.032552,1.334422
veh_000633,3829.950894,6.675685,23.989493,4.625221,1.793872
veh_000634,3836.321571,6.370677,19.554440,1.893623,1.794890
veh_000635,3843.333528,7.011956,24.066682,3.576090,1.905834
veh_000636,3849.442148,6.108621,21.837840,2.197588,1.728932
veh_000637,3855.670892,6.228744,26.165875,3.791285,2.294912
veh_000638,3860.497226,4.826333,21.665444,4.354465,2.123418
veh_000639,3866.241569,5.744343,24.061761,2.868578,1.728527
veh_000640,3874.121252,7.879683,22.869058,4.216576,1.664455
veh_000641,3879.814997,5.693745,23.854539,3.320946,1.380731
veh_000642,3885.562151,5.747154,23.683041,3.208679,2.020630
veh_000643,3890.824896,5.262745,19.376153,2.954040,1.384387
veh_000644,3898.005675,7.180779,23.574742,2.073119,1.552507
veh_000645,3902.723656,4.717981,20.839192,3.671091,2.181520
veh_000646,3910.089409,7.365753,20.066306,2.373152,1.776526
veh_000647,3914.683949,4.594540,21.033564,3.096415,1.921748
veh_000648,3919.097278,4.413328,24.158247,2.257179,1.745492
veh_000649,3925.406187,6.308909,22.566910,1.543645,2.002817
veh_000650,3931.601456,6.195269,19.688867,2.486586,1.929047
veh_000651,3938.047792,6.446336,22.304294,2.143900,1.841922
veh_000652,3945.641598,7.593806,21.965877,3.873429,1.940730
veh_000653,3951.022854,5.381256,20.494548,1.827993,2.253005
veh_000654,3957.687344,6.664490,21.786368,2.774709,1.278962
veh_000655,3962.322618,4.635274,21.998474,2.603799,1.777087
veh_000656,3970.211372,7.888754,23.492491,3.303307,1.360608
veh_000657,3977.160060,6.948688,22.704274,3.335245,2.020574
veh_000658,3983.964838,6.804778,24.404271,3.060118,1.605042
veh_000659,3990.246656,6.281818,19.982477,4.433079,1.798677
veh_000660,3995.068256,4.821601,22.645934,3.025387,1.970305
veh_000661,4000.577199,5.508943,19.555820,3.277821,2.125376
veh_000662,4007.329868,6.752669,20.137217,3.354928,1.428423
veh_000663,4013.301092,5.971224,23.525907,4.045124,1.356276
veh_000664,4019.486709,6.185617,22.428880,1.799735,1.395594
veh_000665,4023.446980,3.960271,19.911958,3.168765,1.732626
veh_000666,4029.718621,6.271641,23.341997,3.785300,2.265465
veh_000667,4034.680730,4.962109,22.254175,2.553458,1.916228
veh_000668,4039.055725,4.374995,18.622051,2.513015,2.269983
veh_000669,4044.823697,5.767972,19.976182,3.596060,1.753718
veh_000670,4048.038940,3.215244,24.491667,4.036673,1.551707
veh_000671,4055.086795,7.047855,21.615705,3.312963,1.399064
veh_000672,4062.364815,7.278019,24.919250,1.966118,1.586501
veh_000673,4068.284661,5.919846,24.277966,3.179574,1.882491
veh_000674,4072.793987,4.509327,19.276151,3.787978,1.989862
veh_000675,4077.375934,4.581947,25.912169,2.684438,1.400945
veh_000676,4083.149250,5.773315,22.804025,2.408540,1.964095
veh_000677,4085.513649,2.364399,18.161484,2.973357,2.273365
veh_000678,4091.784364,6.270715,20.185170,2.126467,1.411939
veh_000679,4098.781012,6.996648,22.431450,3.477352,1.493899
veh_000680,4104.313170,5.532158,22.381269,3.071798,1.942461
veh_000681,4109.571566,5.258396,20.391737,2.493410,1.892382
veh_000682,4115.844517,6.272951,20.748791,3.066379,1.940568
veh_000683,4122.370483,6.525966,24.698560,1.796627,1.554585
veh_000684,4130.011711,7.641228,22.935791,4.125795,2.152804
veh_000685,4136.039306,6.027595,24.949532,2.879312,1.535414
veh_000686,4141.004670,4.965364,22.511445,2.530920,1.713034
veh_000687,4146.312772,5.308102,20.406136,2.586375,1.257047
veh_000688,4152.585691,6.272919,24.972101,4.008032,1.517011
veh_000689,4160.919991,8.334301,23.818893,4.144846,1.527604
veh_000690,4166.439581,5.519590,22.856392,1.891054,1.982435
veh_000691,4170.860791,4.421210,22.600589,2.990166,2.077037
veh_000692,4175.555631,4.694840,23.496826,1.512734,2.469861
veh_000693,4178.411129,2.855498,24.069235,3.672340,1.553016
veh_000694,4184.905820,6.494691,25.307597,2.502935,1.537923
veh_000695,4188.863834,3.958014,20.848921,3.459446,1.525463
veh_000696,4193.013570,4.149736,18.869216,2.979616,1.985840
veh_000697,4196.049548,3.035978,21.548975,3.381127,2.334520
veh_000698,4200.372565,4.323017,20.567249,2.647209,1.653239
veh_000699,4207.225187,6.852622,22.710845,4.041351,1.755982
veh_000700,4211.258156,4.032969,22.403971,3.760469,2.257947
veh_000701,4214.633692,3.375536,23.688468,3.825126,1.854481
veh_000702,4220.901087,6.267395,24.019150,3.352562,1.796995
veh_000703,4226.389330,5.488243,18.674916,3.040305,1.714291
veh_000704,4233.037615,6.648285,21.737673,2.298911,1.598701
veh_000705,4240.148455,7.110840,26.215359,2.400121,2.221183
veh_000706,4246.135706,5.987252,20.536790,2.335054,1.220310
veh_000707,4250.189065,4.053359,19.510141,3.708284,1.806441
veh_000708,4256.003365,5.814300,20.238744,3.788587,1.348943
veh_000709,4262.753754,6.750389,20.961494,2.935606,2.248107
veh_000710,4267.879271,5.125517,19.928711,3.090938,1.302950
veh_000711,4271.723079,3.843808,19.900256,2.768789,1.768278
veh_000712,4279.376997,7.653918,24.706101,1.515622,2.004724
veh_000713,4284.754126,5.377129,18.531099,3.233899,1.707387
veh_000714,4290.140281,5.386155,19.518496,2.003838,1.679293
veh_000715,4296.164224,6.023943,21.727825,3.171271,1.996476
veh_000716,4303.709932,7.545709,24.159774,2.631077,1.659618
veh_000717,4310.105362,6.395430,21.943734,2.186849,2.125898
veh_000718,4315.605523,5.500161,18.423700,3.297292,1.253775
veh_000719,4322.628723,7.023200,19.352086,2.886383,2.054345
veh_000720,4331.849260,9.220537,22.106000,2.372873,2.091695
veh_000721,4339.930939,8.081679,22.159448,2.669949,2.076730
veh_000722,4346.940246,7.009307,22.533869,4.428528,1.804074
veh_000723,4351.256826,4.316579,18.826179,2.251264,1.285094
veh_000724,4362.884914,11.628088,20.474263,3.586863,1.338767
veh_000725,4367.086928,4.202014,21.290152,2.689705,1.561007
veh_000726,4372.529224,5.442296,22.778700,3.983158,1.494316
veh_000727,4377.479390,4.950166,22.972149,2.948684,1.603508
veh_000728,4385.919728,8.440338,22.711041,3.010561,1.906592
veh_000729,4392.550088,6.630360,24.353082,3.378536,1.436761
veh_000730,4396.409400,3.859313,19.968677,4.201513,2.048689
veh_000731,4402.810781,6.401381,23.613795,2.430003,1.863941
veh_000732,4409.631140,6.820359,18.372264,2.229171,1.561178
veh_000733,4415.153415,5.522275,25.125009,3.083644,1.778995
veh_000734,4419.323130,4.169715,22.827789,2.112635,1.681277
veh_000735,4424.235580,4.912450,23.331557,4.210272,2.284535
veh_000736,4429.580307,5.344726,23.912585,2.615668,1.616942
veh_000737,4435.614404,6.034097,23.478608,2.133425,1.567740
veh_000738,4440.834539,5.220135,24.806791,3.380911,1.913993
veh_000739,4447.937370,7.102831,21.922710,1.931422,2.161558
veh_000740,4452.512449,4.575079,23.196044,2.377464,1.381881
veh_000741,4455.915368,3.402920,23.796468,3.495177,1.602829
veh_000742,4460.806278,4.890910,18.286511,2.829170,1.586838
veh_000743,4468.829614,8.023336,17.895341,3.705246,2.221568
veh_000744,4473.969880,5.140266,20.992529,2.698574,1.711197
veh_000745,4483.481093,9.511213,21.052707,2.463773,1.544452
veh_000746,4490.218319,6.737226,22.058000,2.661022,2.619000
veh_000747,4494.471680,4.253361,23.346927,2.488999,1.644936
veh_000748,4499.220251,4.748571,19.730466,2.921951,1.982428
veh_000749,4505.585310,6.365059,21.613793,1.961314,1.595249
veh_000750,4509.818844,4.233534,23.024646,2.861497,2.133722
veh_000751,4519.380712,9.561868,23.279340,3.151941,2.010885
veh_000752,4523.894376,4.513664,20.813024,2.835523,1.875770
veh_000753,4530.915791,7.021415,23.939671,3.378448,1.669710
veh_000754,4539.105986,8.190195,22.105599,1.939058,2.427156
veh_000755,4544.942185,5.836199,21.837740,4.569439,1.630104
veh_000756,4549.448393,4.506208,25.465246,2.898502,1.585594
veh_000757,4555.038794,5.590400,20.750651,3.413052,2.425735
veh_000758,4561.582118,6.543325,22.034004,3.917561,2.152136
veh_000759,4568.895746,7.313628,23.373666,3.202856,1.855876
veh_000760,4574.980822,6.085075,23.244317,1.956676,2.074634
veh_000761,4578.880488,3.899666,20.466084,3.998300,2.279293
veh_000762,4584.943974,6.063486,23.811331,3.140741,1.700792
veh_000763,4589.933937,4.989963,23.553214,2.549758,1.355599
veh_000764,4592.659083,2.725146,22.021367,2.663138,1.636474
veh_000765,4597.612743,4.953660,22.841817,3.969423,1.661230
veh_000766,4601.464067,3.851324,26.636077,4.386255,2.006314
veh_000767,4608.344348,6.880282,22.046303,2.844576,1.943972
veh_000768,4617.260596,8.916247,20.087836,3.268220,1.510541
veh_000769,4626.048726,8.788130,21.436315,4.179954,1.794785
veh_000770,4631.188913,5.140187,25.090180,3.189866,1.770673
veh_000771,4636.487821,5.298908,22.947954,3.495139,1.906378
veh_000772,4643.520994,7.033173,20.156901,3.543160,1.769351
veh_000773,4651.112923,7.591928,25.771372,1.928507,1.940514
veh_000774,4656.484815,5.371892,23.369082,3.452470,1.932640
veh_000775,4662.270861,5.786046,23.886686,1.849252,2.045146
veh_000776,4671.581255,9.310394,22.602154,3.421671,1.979404
veh_000777,4677.420078,5.838823,20.409533,3.096096,1.183335
veh_000778,4682.692096,5.272018,21.920671,3.900442,1.925841
veh_000779,4688.871967,6.179871,20.074940,3.708077,1.947021
veh_000780,4695.741520,6.869554,23.811690,3.194657,2.365752
veh_000781,4700.209057,4.467537,22.625190,3.030083,2.409745
veh_000782,4705.836453,5.627396,24.354616,2.083904,1.664003
veh_000783,4710.086912,4.250459,24.481227,4.072714,2.119285
veh_000784,4715.669517,5.582605,23.427783,2.742435,1.369529
veh_000785,4724.484904,8.815387,20.641438,3.013878,2.138011
veh_000786,4731.597487,7.112583,22.520007,4.684801,1.669362
veh_000787,4737.458672,5.861185,21.996325,2.135211,1.705301
veh_000788,4742.059004,4.600332,23.670206,2.231068,1.871647
veh_000789,4747.591892,5.532888,23.174538,3.039738,1.582449
veh_000790,4755.167992,7.576100,23.966006,2.317165,2.277267
veh_000791,4760.325462,5.157470,19.757220,2.950577,1.944697
veh_000792,4768.501093,8.175631,25.570920,2.922495,1.383233
veh_000793,4772.440638,3.939545,23.657218,2.207052,1.258775
veh_000794,4778.005569,5.564931,24.070153,3.354408,1.757785
veh_000795,4786.619715,8.614146,20.644057,2.320098,1.769765
veh_000796,4789.607957,2.988242,22.813166,3.653660,1.574664
veh_000797,4797.390577,7.782620,22.998775,4.722127,1.782093
veh_000798,4800.613511,3.222934,24.040987,3.533664,1.508184
veh_000799,4806.478392,5.864880,23.208160,2.292385,1.876254
veh_000800,4812.219589,5.741198,20.869623,3.087297,2.088517
veh_000801,4819.456030,7.236440,22.416402,4.662745,1.674220
veh_000802,4822.579315,3.123285,21.452397,4.161178,2.498460
veh_000803,4827.730290,5.150976,23.041085,2.520627,1.659688
veh_000804,4833.785633,6.055343,24.658635,4.136324,1.571902
veh_000805,4838.445808,4.660175,20.527501,2.517503,1.845935
veh_000806,4844.114507,5.668700,22.128432,2.668292,1.589548
veh_000807,4848.335248,4.220740,23.172911,3.904246,1.590136
veh_000808,4853.733338,5.398091,22.813080,1.902713,1.895336
veh_000809,4858.463189,4.729851,23.363073,2.735165,2.148016
veh_000810,4864.829221,6.366032,20.757313,3.928912,1.672348
veh_000811,4871.701351,6.872130,20.183064,5.130521,1.736881
veh_000812,4879.850746,8.149395,25.482193,2.834169,1.621919
veh_000813,4884.866118,5.015372,21.402932,2.772112,1.675500
veh_000814,4890.389130,5.523012,20.123574,3.665887,1.839111
veh_000815,4896.460748,6.071618,22.342785,5.321980,1.707301
veh_000816,4902.018369,5.557621,24.827567,2.848852,1.173594
veh_000817,4907.940384,5.922014,24.056362,3.253049,1.823662
veh_000818,4911.597115,3.656732,19.807733,3.010152,2.348489
veh_000819,4918.154748,6.557632,22.130514,2.888291,1.385975
veh_000820,4922.781960,4.627213,24.346585,3.188523,1.936659
veh_000821,4927.346518,4.564558,21.725741,2.424063,1.894406
veh_000822,4930.964329,3.617811,21.480928,4.598557,1.457779
veh_000823,4938.705831,7.741502,24.554774,3.016622,1.765274
veh_000824,4944.494917,5.789086,22.598509,4.742918,1.479682
veh_000825,4952.219155,7.724238,25.212572,1.754425,1.615364
veh_000826,4958.627608,6.408453,18.667369,2.937031,1.847136
veh_000827,4962.072567,3.444959,21.440427,3.390879,1.793827
veh_000828,4966.447022,4.374455,25.560269,2.511068,1.436072
veh_000829,4973.583920,7.136898,19.505499,3.601049,1.464437
veh_000830,4978.435396,4.851476,24.749904,2.752321,1.915911
veh_000831,4982.799880,4.364484,21.155113,3.482175,1.649859
veh_000832,4988.530811,5.730931,25.599063,2.920380,1.919778
veh_000833,4994.265360,5.734549,24.666226,3.120124,1.906563
veh_000834,4998.747559,4.482199,23.354782,2.589177,1.978541
veh_000835,5004.258341,5.510782,22.677946,4.007742,1.946556
veh_000836,5009.540602,5.282261,20.571753,2.670813,1.597421
veh_000837,5011.655618,2.115016,19.387869,3.384369,1.955601
veh_000838,5018.409613,6.753995,22.906337,3.085049,1.974565
veh_000839,5023.192551,4.782938,20.700693,2.371289,1.723591
veh_000840,5031.149210,7.956659,22.174673,2.614710,1.554824
veh_000841,5035.424024,4.274814,19.923208,3.608814,1.745360
veh_000842,5039.054626,3.630602,25.950028,3.937963,2.334530
veh_000843,5046.836062,7.781436,22.772144,3.746294,2.102945
veh_000844,5050.458479,3.622417,21.203846,2.737717,1.763785
veh_000845,5055.504218,5.045739,20.534192,2.455169,2.013634
veh_000846,5062.400223,6.896005,21.306300,2.810590,2.064498
veh_000847,5067.905754,5.505531,22.944996,2.930726,2.321523
veh_000848,5071.422546,3.516792,22.945261,3.848486,1.798426
veh_000849,5077.704599,6.282053,20.784584,2.906256,1.670021
veh_000850,5083.413114,5.708516,23.195226,2.124459,2.206690
veh_000851,5091.338897,7.925783,26.197795,2.085393,2.449324
veh_000852,5098.221869,6.882972,20.075875,2.741163,1.955041
veh_000853,5108.775440,10.553571,24.476050,3.345918,1.824008
veh_000854,5112.306599,3.531159,19.763462,3.701591,2.052685
veh_000855,5118.274087,5.967488,21.998117,3.838924,2.153323
veh_000856,5122.674105,4.400018,20.418580,3.970289,1.689530
veh_000857,5130.406231,7.732126,20.660230,3.376642,1.836455
veh_000858,5137.638988,7.232757,24.691626,2.908891,2.574424
veh_000859,5144.770045,7.131057,23.581594,2.303673,2.321921
veh_000860,5149.604047,4.834002,21.944259,2.060612,1.032758
veh_000861,5154.486319,4.882273,22.259634,3.324402,1.453550
veh_000862,5157.441800,2.955480,22.452452,3.069698,1.960571
veh_000863,5166.006050,8.564250,21.826519,4.117941,1.900236
veh_000864,5172.768379,6.762329,23.308507,2.622162,1.993899
veh_000865,5178.377089,5.608710,24.327316,2.716022,1.650765
veh_000866,5185.777362,7.400273,23.741892,3.369099,2.184191
veh_000867,5192.903735,7.126373,25.353260,3.050941,1.959630
veh_000868,5200.366631,7.462896,19.447077,3.703241,1.776264
veh_000869,5203.931325,3.564694,18.656885,3.344795,1.817314
veh_000870,5208.860571,4.929246,22.459671,2.830277,2.313509
veh_000871,5215.153734,6.293163,20.799740,3.133897,1.685286
veh_000872,5221.686866,6.533132,19.031007,2.543457,1.492919
veh_000873,5229.122718,7.435852,23.996201,2.749869,1.938988
veh_000874,5233.609765,4.487047,21.003842,2.342901,1.940826
veh_000875,5239.800579,6.190814,18.711431,2.538211,1.842478
veh_000876,5249.108609,9.308031,22.448193,3.281483,1.700351
veh_000877,5256.146492,7.037883,22.261161,3.181056,2.492970
veh_000878,5263.452337,7.305844,18.164978,3.186435,2.069646
veh_000879,5269.423556,5.971219,25.292318,3.392196,1.692622
veh_000880,5276.574996,7.151441,23.982744,2.171638,1.854228
veh_000881,5285.280981,8.705985,22.751155,3.607973,1.988981
veh_000882,5291.440944,6.159963,19.246841,2.458597,1.881363
veh_000883,5299.276912,7.835968,20.782224,5.480970,1.953503
veh_000884,5303.964202,4.687291,21.258128,2.238834,1.750257
veh_000885,5310.849351,6.885148,21.360108,3.104861,1.717277
veh_000886,5318.205676,7.356325,23.618424,3.161826,1.673504
veh_000887,5323.077671,4.871995,23.187122,1.579878,1.767359
veh_000888,5330.724857,7.647186,22.392256,1.932020,1.627909
veh_000889,5335.711987,4.987130,25.653223,3.718035,1.723191
veh_000890,5340.504128,4.792141,21.320447,2.908500,2.177822
veh_000891,5346.502340,5.998211,19.115164,3.281472,1.888262
veh_000892,5355.400324,8.897985,23.089321,5.044026,2.103819
veh_000893,5361.864054,6.463729,22.283645,3.049368,2.270684
veh_000894,5369.267731,7.403677,21.661507,3.431724,2.060071
veh_000895,5374.170034,4.902303,21.580048,3.293211,1.819483
veh_000896,5380.286280,6.116246,21.757194,2.337957,1.625913
veh_000897,5384.521446,4.235165,23.879116,4.302936,2.025125
veh_000898,5389.664786,5.143340,23.214166,4.214101,1.264556
veh_000899,5396.918247,7.253461,25.171596,3.706556,2.188103
veh_000900,5402.860651,5.942404,19.806472,3.455351,1.980359
veh_000901,5411.037596,8.176945,23.514308,2.663213,1.623312
veh_000902,5416.733971,5.696375,23.766384,2.621403,1.857545
veh_000903,5422.437067,5.703096,21.313427,4.530526,1.638614
veh_000904,5430.352090,7.915022,23.564428,3.564953,1.647309
veh_000905,5435.379165,5.027075,21.272906,3.346416,2.048249
veh_000906,5439.099518,3.720353,24.272372,3.901350,2.037898
veh_000907,5447.051433,7.951915,23.405471,3.792103,2.049648
veh_000908,5453.672715,6.621282,23.388442,1.614604,1.869220
veh_000909,5456.424923,2.752208,25.567247,3.173462,2.384336
veh_000910,5462.491717,6.066794,24.242565,2.853244,1.494387
veh_000911,5467.886036,5.394320,24.263357,2.254599,1.763866
veh_000912,5476.503296,8.617259,19.648151,3.770207,2.220872
veh_000913,5481.409809,4.906513,22.280979,1.890400,1.960825
veh_000914,5486.538656,5.128848,20.354529,3.043376,1.974502
veh_000915,5491.173055,4.634399,25.427169,1.962453,1.564528
veh_000916,5495.591971,4.418916,23.371674,2.344036,1.777307
veh_000917,5500.541227,4.949256,22.969241,3.953833,1.690223
veh_000918,5504.387341,3.846113,26.340664,3.689900,1.642533
veh_000919,5508.840544,4.453204,21.852290,2.152874,1.439143
veh_000920,5512.430667,3.590122,22.662193,1.869878,1.717094
veh_000921,5516.184748,3.754082,23.285005,3.501817,2.156928
veh_000922,5519.845236,3.660487,21.216365,2.035170,1.798005
veh_000923,5525.063498,5.218262,21.555451,1.826056,1.787175
veh_000924,5530.037965,4.974467,19.912586,2.661914,1.512380
veh_000925,5534.198259,4.160294,21.240184,3.786360,1.941873
veh_000926,5540.915665,6.717406,25.217257,2.113872,2.057433
veh_000927,5546.843552,5.927886,21.585372,3.348184,1.348750
veh_000928,5552.195588,5.352036,23.396548,4.635384,1.898664
veh_000929,5557.499628,5.304040,19.540908,2.601586,1.424507
veh_000930,5565.888947,8.389319,22.875817,2.709411,2.024043
veh_000931,5572.248668,6.359721,20.897219,2.410462,2.670182
veh_000932,5578.961736,6.713067,19.236238,4.648286,1.644676
veh_000933,5581.082676,2.120940,21.287228,3.399387,1.504183
veh_000934,5586.102074,5.019398,24.659690,3.370586,1.624176
veh_000935,5588.845564,2.743490,22.322107,3.782274,1.792175
veh_000936,5594.206257,5.360694,21.854189,4.231615,1.752234
veh_000937,5600.766223,6.559965,19.746206,2.187050,1.029404
veh_000938,5605.754776,4.988553,24.795914,3.165758,1.403028
veh_000939,5612.532689,6.777913,22.655273,2.519338,1.778515
veh_000940,5616.998564,4.465875,19.525678,5.280469,2.214512
veh_000941,5623.862269,6.863705,22.469226,3.017116,2.507069
veh_000942,5627.531855,3.669586,19.968083,2.853126,1.643901
veh_000943,5633.139323,5.607468,21.674299,3.405955,1.729403
veh_000944,5639.769033,6.629711,19.931414,2.888138,1.847592
veh_000945,5646.572915,6.803881,23.664612,3.324842,1.405644
veh_000946,5652.382020,5.809105,20.700285,2.319871,1.960845
veh_000947,5661.291591,8.909571,25.951315,2.531391,1.720516
veh_000948,5666.669961,5.378370,19.672401,3.256079,1.954803
veh_000949,5671.993468,5.323506,26.182313,3.577725,1.816059
veh_000950,5680.646868,8.653401,25.749091,3.450774,2.073907
veh_000951,5686.093371,5.446503,21.196355,3.455190,2.189980
veh_000952,5690.329348,4.235977,25.625306,2.083189,2.035263
veh_000953,5698.310704,7.981357,24.842130,2.608240,2.019807
veh_000954,5706.163964,7.853259,22.761293,1.537842,1.545372
veh_000955,5712.326452,6.162488,21.832242,2.403289,2.414177
veh_000956,5716.174070,3.847618,22.028576,2.403230,1.922166
veh_000957,5722.802534,6.628464,18.602070,3.720159,2.293490
veh_000958,5727.870446,5.067912,21.236186,3.637198,1.722332
veh_000959,5732.114288,4.243842,23.762450,3.733729,1.516781
veh_000960,5739.679347,7.565059,22.701568,2.767902,1.917307
veh_000961,5742.480458,2.801112,19.899987,3.370882,1.842159
veh_000962,5749.331203,6.850745,25.248601,4.335204,1.871198
veh_000963,5756.020236,6.689033,23.956381,4.017321,2.009617
veh_000964,5765.096752,9.076516,25.821961,2.270839,1.568987
veh_000965,5771.584513,6.487761,21.756779,2.837111,2.124493
veh_000966,5774.496866,2.912353,25.174955,2.189427,1.839809
veh_000967,5779.242684,4.745819,22.277598,3.538037,1.725348
veh_000968,5785.339685,6.097000,24.567318,2.903858,2.195488
veh_000969,5791.873030,6.533345,21.462817,3.955236,2.272628
veh_000970,5799.344254,7.471224,21.343495,3.338023,2.145554
veh_000971,5802.404741,3.060486,21.568535,3.310234,1.829352
veh_000972,5807.909816,5.505075,24.424719,3.769025,1.838673
veh_000973,5815.364607,7.454791,20.648113,3.861768,1.632033
veh_000974,5823.680562,8.315955,23.776147,2.814957,1.076441
veh_000975,5832.472098,8.791536,22.389181,2.101025,1.579141
veh_000976,5837.886769,5.414671,23.492592,3.394825,1.877732
veh_000977,5845.533177,7.646408,22.274225,2.868119,1.929418
veh_000978,5854.100745,8.567569,19.726074,1.683645,1.394081
veh_000979,5861.897850,7.797104,22.915343,2.934632,1.817631
veh_000980,5868.983378,7.085528,20.937695,1.964309,1.324592
veh_000981,5876.225073,7.241695,23.281018,3.973561,2.525046
veh_000982,5881.040247,4.815174,22.305613,2.856827,1.625347
veh_000983,5884.869372,3.829125,23.209283,2.993638,1.742695
veh_000984,5892.343644,7.474272,20.962191,4.851640,1.639879
veh_000985,5897.823044,5.479400,24.615748,2.850997,2.113987
veh_000986,5903.780843,5.957800,21.101298,3.106216,2.517545
veh_000987,5908.912763,5.131920,23.285582,2.275787,1.787536
veh_000988,5914.323403,5.410640,20.300855,3.167139,1.374388
veh_000989,5920.672527,6.349124,19.499306,2.741244,1.772800
veh_000990,5925.139738,4.467211,22.443719,3.841313,1.547899
veh_000991,5931.242488,6.102750,19.467537,2.239260,2.263166
veh_000992,5937.611570,6.369082,24.737530,1.873567,1.521078
veh_000993,5943.495537,5.883967,20.395051,3.421509,1.663380
veh_000994,5948.380092,4.884555,20.808293,4.346665,1.789142
veh_000995,5955.560022,7.179930,26.209911,2.229475,2.059418
veh_000996,5964.368978,8.808955,24.626543,3.460256,1.668236
veh_000997,5969.467113,5.098136,21.326201,3.197982,1.785971
veh_000998,5977.318807,7.851694,20.702197,2.793230,1.589528
veh_000999,5984.652704,7.333896,22.158899,2.661046,1.790116
veh_001000,5986.672826,2.020122,19.422281,3.832422,1.472326
veh_001001,5991.531035,4.858209,23.428311,2.280569,1.861193
veh_001002,5996.577274,5.046240,22.956330,4.349206,1.641617
veh_001003,6003.749932,7.172657,25.424050,4.351271,1.802158
veh_001004,6010.032664,6.282732,23.646167,1.959690,1.813802
veh_001005,6016.744261,6.711597,22.095995,2.070414,1.840223
veh_001006,6023.698679,6.954418,26.388823,3.365266,2.194171
veh_001007,6028.350304,4.651625,24.884902,3.350207,1.468345
veh_001008,6033.230479,4.880175,21.345487,3.054948,1.976593
veh_001009,6037.396146,4.165667,21.107398,2.992703,2.046350
veh_001010,6043.140740,5.744594,23.694436,3.599398,1.639574
veh_001011,6048.962085,5.821345,20.208756,3.603984,1.418702
veh_001012,6055.218893,6.256808,24.428859,3.270030,1.706362
veh_001013,6060.127931,4.909039,21.606803,1.804708,1.363249
veh_001014,6067.487718,7.359787,23.709044,3.306706,2.125391
veh_001015,6074.863384,7.375666,20.997293,1.974747,1.619721
veh_001016,6083.183163,8.319778,22.919399,4.119616,1.817432
veh_001017,6090.250125,7.066962,20.437742,2.105918,2.171487
veh_001018,6096.528391,6.278267,20.129713,2.426482,1.488881
veh_001019,6103.537027,7.008636,25.291108,2.766932,1.579033
veh_001020,6110.451655,6.914628,23.861711,3.001899,1.510237
veh_001021,6115.473933,5.022278,22.138551,2.940877,1.978346
veh_001022,6123.408011,7.934078,20.943133,2.243660,1.682208
veh_001023,6131.985788,8.577777,19.942546,3.422449,1.813912
veh_001024,6140.951218,8.965430,19.973193,1.953904,2.192692
veh_001025,6147.004056,6.052839,21.520602,2.542915,1.605164
veh_001026,6153.490462,6.486406,25.999746,2.633842,1.541896
veh_001027,6160.115000,6.624538,23.791577,2.518166,1.589269
veh_001028,6166.111182,5.996182,22.813427,2.242227,1.432063
veh_001029,6173.040115,6.928933,21.570374,2.621008,1.552992
veh_001030,6178.858345,5.818230,24.047299,3.151357,1.919503
veh_001031,6184.567670,5.709325,23.725600,3.159232,1.755461
veh_001032,6193.206143,8.638473,20.672941,2.458466,2.336553
veh_001033,6199.453217,6.247073,21.095290,2.863319,1.847570
veh_001034,6205.553732,6.100515,21.625845,2.871561,1.497325
veh_001035,6212.876761,7.323029,22.488235,2.904316,1.685429
veh_001036,6219.102260,6.225499,19.489395,3.616713,2.146259
veh_001037,6225.539694,6.437433,19.417446,4.014900,1.902240
veh_001038,6231.444347,5.904654,22.297731,2.840026,1.544637
veh_001039,6235.613723,4.169375,19.564521,4.037765,1.466742
veh_001040,6241.567265,5.953542,23.116987,3.942364,1.887126
veh_001041,6245.861938,4.294673,24.539025,2.727457,1.648126
veh_001042,6252.177165,6.315227,24.981135,3.645223,1.828320
veh_001043,6256.405007,4.227843,23.926746,3.430159,1.760657
veh_001044,6263.780071,7.375064,22.979088,3.273628,1.384275
veh_001045,6270.903923,7.123852,21.487178,2.977470,1.456694
veh_001046,6277.324566,6.420642,22.855589,5.061023,2.108611
veh_001047,6283.174365,5.849799,21.991080,4.455148,1.357344
veh_001048,6289.798817,6.624452,24.574153,3.258048,1.479614
veh_001049,6292.851319,3.052502,21.533353,2.598153,1.380122
veh_001050,6297.206089,4.354770,20.320312,3.563507,2.089776
veh_001051,6302.982990,5.776900,23.445002,3.827067,1.682584
veh_001052,6309.500879,6.517889,19.583325,2.622609,2.044598
veh_001053,6315.381785,5.880906,22.361832,3.056147,1.633493
veh_001054,6319.874870,4.493085,19.678680,3.615319,1.872764
veh_001055,6326.075039,6.200169,19.936447,3.438997,1.461790
veh_001056,6331.394488,5.319449,25.484159,2.080084,1.584479
veh_001057,6335.791593,4.397104,23.456801,2.608346,1.653051
veh_001058,6342.285846,6.494253,21.448103,2.459351,1.769964
veh_001059,6347.970878,5.685033,23.860394,3.297751,1.668137
veh_001060,6355.765603,7.794725,19.428433,2.430060,1.782818
veh_001061,6362.763901,6.998298,22.435341,3.564485,1.905550
veh_001062,6369.865908,7.102007,20.091901,3.526522,2.420316
veh_001063,6376.348408,6.482500,23.025693,3.465301,2.024974
veh_001064,6381.080641,4.732233,19.114162,2.819499,1.746602
veh_001065,6385.677200,4.596559,21.841360,5.032967,1.849476
veh_001066,6389.470463,3.793263,20.458796,2.807859,1.653176
veh_001067,6399.788982,10.318519,19.628307,3.154845,2.166585
veh_001068,6404.169815,4.380833,24.483266,2.747224,1.917789
veh_001069,6409.855067,5.685252,20.606386,2.929493,1.847676
veh_001070,6415.314483,5.459416,23.169478,2.413786,1.965788
veh_001071,6420.892837,5.578354,21.521028,3.762288,2.479754
veh_001072,6426.016761,5.123924,22.915036,2.777272,1.512760
veh_001073,6429.214244,3.197483,22.820848,2.897120,2.201225
veh_001074,6433.716953,4.502709,20.319849,3.058075,1.682398
veh_001075,6437.630949,3.913996,21.523266,1.011350,1.519698
veh_001076,6443.440780,5.809831,25.772232,2.037310,2.251539
veh_001077,6448.414481,4.973701,21.678698,3.520810,2.638725
veh_001078,6453.383710,4.969230,19.208057,2.838166,1.944535
veh_001079,6459.707529,6.323819,22.561786,4.056097,1.737806
veh_001080,6464.833351,5.125822,22.730509,4.478290,2.123662
veh_001081,6472.231493,7.398141,25.530014,2.386689,2.272759
veh_001082,6477.652223,5.420730,24.608794,3.493956,1.768521
veh_001083,6483.989958,6.337735,23.000843,3.357297,1.903325
veh_001084,6488.002013,4.012055,23.805605,2.492820,2.362759
veh_001085,6494.987322,6.985310,22.131879,4.489422,1.742460
veh_001086,6500.379547,5.392225,19.954166,3.562573,1.650120
veh_001087,6506.992685,6.613137,20.272410,2.225549,1.517076
veh_001088,6513.487692,6.495008,25.359285,1.818944,1.168333
veh_001089,6519.227528,5.739835,18.733243,3.925725,1.762672
veh_001090,6525.553686,6.326159,26.259793,1.209640,1.458759
veh_001091,6530.975742,5.422055,24.554251,3.415151,1.709513
veh_001092,6538.994906,8.019165,24.432508,3.033768,2.332800
veh_001093,6546.396339,7.401433,20.677943,3.635074,1.937721
veh_001094,6553.120081,6.723741,23.236277,3.196499,1.797886
veh_001095,6557.349870,4.229789,23.903200,2.975744,1.836050
veh_001096,6561.700912,4.351042,22.503213,2.751594,2.326962
veh_001097,6566.705119,5.004208,19.069154,2.699437,1.815152
veh_001098,6572.337616,5.632496,23.423151,2.951135,1.824627
veh_001099,6579.009639,6.672024,22.355834,4.050260,2.072094
veh_001100,6583.664832,4.655193,24.603511,3.344963,2.007566
veh_001101,6591.430443,7.765611,20.210062,3.269626,2.095873
veh_001102,6597.435836,6.005392,21.981151,2.714656,1.998862
veh_001103,6600.416663,2.980827,20.824133,3.104835,1.983494
veh_001104,6605.703687,5.287024,23.219036,1.723279,1.756710
veh_001105,6607.825909,2.122222,22.088044,4.274070,1.605154
veh_001106,6612.698316,4.872407,22.451888,2.902818,2.046138
veh_001107,6617.874625,5.176308,21.646933,3.081674,1.423564
veh_001108,6622.959009,5.084385,19.444622,3.987474,1.803722
veh_001109,6628.471129,5.512120,21.199142,2.730301,2.021436
veh_001110,6633.879976,5.408847,19.549302,4.533291,1.953975
veh_001111,6638.989375,5.109398,19.977679,2.135393,1.528364
veh_001112,6647.243120,8.253745,18.114375,2.695349,1.768216
veh_001113,6655.065474,7.822353,20.790247,1.747226,2.181973
veh_001114,6659.352713,4.287239,20.644360,2.360720,2.128538
veh_001115,6667.233562,7.880850,21.647300,2.638307,2.289394
veh_001116,6670.801511,3.567949,20.913647,3.088898,1.944765
veh_001117,6675.579593,4.778082,20.789987,3.102636,2.184909
veh_001118,6683.867382,8.287789,18.999896,3.600828,2.286580
veh_001119,6686.508052,2.640670,18.783516,2.018754,1.688739
veh_001120,6693.370231,6.862178,24.659102,2.837269,2.160666
veh_001121,6697.489989,4.119759,21.342447,2.898060,1.630890
veh_001122,6703.273989,5.784000,18.672749,4.499441,1.942033
veh_001123,6709.003684,5.729695,24.827808,4.151604,1.812707
veh_001124,6717.549491,8.545806,21.857856,3.567642,1.277133
veh_001125,6722.333586,4.784095,24.431613,2.342704,1.555366
veh_001126,6728.230063,5.896477,23.292959,3.573317,1.729966
veh_001127,6735.170592,6.940530,18.266122,2.208401,1.670360
veh_001128,6740.792926,5.622334,23.028938,1.621162,1.339489
veh_001129,6745.559825,4.766899,23.800201,1.774994,1.404913
veh_001130,6751.471026,5.911200,23.481543,1.380951,1.715820
veh_001131,6757.611293,6.140267,20.307807,3.826542,2.038237
veh_001132,6764.937376,7.326083,21.132457,2.628347,1.125822
veh_001133,6769.522797,4.585421,19.983719,1.971505,1.791266
veh_001134,6774.849102,5.326304,20.787489,2.150669,1.800280
veh_001135,6781.333516,6.484414,19.982169,2.196399,1.377886
veh_001136,6787.082765,5.749249,21.622740,3.179459,1.851243
veh_001137,6792.804844,5.722080,23.021540,3.460438,1.467469
veh_001138,6798.779340,5.974495,20.509071,3.824026,2.439163
veh_001139,6803.735580,4.956241,22.729731,2.860680,1.967798
veh_001140,6808.536045,4.800464,24.479564,5.344302,1.987842
veh_001141,6815.197140,6.661095,21.625809,3.033982,1.456644
veh_001142,6819.554490,4.357350,19.802843,2.536800,1.943660
veh_001143,6827.302566,7.748076,26.303585,3.984356,1.680695
veh_001144,6833.628523,6.325957,23.010611,1.995470,1.557680
veh_001145,6837.713711,4.085188,24.124792,2.972872,1.604125
veh_001146,6844.138252,6.424540,19.084707,2.135619,1.967220
veh_001147,6850.389170,6.250918,19.726123,4.187896,1.116738
veh_001148,6857.532412,7.143242,24.047181,2.350412,1.404871
veh_001149,6865.270686,7.738274,25.021634,3.723883,1.217255
veh_001150,6870.721057,5.450371,23.660209,3.695415,2.140590
veh_001151,6875.659413,4.938356,22.595103,3.710323,1.856500
veh_001152,6880.750441,5.091028,20.509297,1.582784,1.399521
veh_001153,6885.278808,4.528367,21.284779,3.525751,2.032908
veh_001154,6890.159146,4.880338,23.289667,2.047642,1.730191
veh_001155,6896.585900,6.426754,20.566994,1.726708,1.510521
veh_001156,6902.608798,6.022899,23.887731,2.668626,1.555543
veh_001157,6907.871763,5.262964,21.684448,2.744666,1.747778
veh_001158,6912.764379,4.892616,18.941879,1.779870,1.769600
veh_001159,6919.286209,6.521829,24.251267,1.861303,1.997858
veh_001160,6924.533810,5.247601,23.535065,3.131111,1.575906
veh_001161,6928.973575,4.439765,20.932661,2.848386,1.844016
veh_001162,6934.746063,5.772488,21.640918,3.225132,1.961372
veh_001163,6940.349322,5.603260,20.301928,3.864161,1.845462
veh_001164,6944.744260,4.394938,21.459882,3.443148,1.953157
veh_001165,6951.985025,7.240765,25.089977,3.548723,1.595201
veh_001166,6959.254044,7.269019,22.565286,2.247910,1.764681
veh_001167,6965.315384,6.061341,21.173190,3.455039,2.014777
veh_001168,6971.511945,6.196561,21.985718,2.910172,1.911406
veh_001169,6978.302907,6.790962,24.775928,2.561285,1.607659
veh_001170,6984.256523,5.953616,22.356378,2.567940,1.818694
veh_001171,6991.593461,7.336938,23.664440,3.297669,2.109115
veh_001172,7000.077474,8.484013,21.807210,2.505467,2.000416
veh_001173,7006.198214,6.120740,26.294107,2.805033,1.802783
veh_001174,7012.858594,6.660380,23.115933,2.579295,2.079887
veh_001175,7020.168771,7.310178,25.049995,3.335888,1.829211
veh_001176,7025.661707,5.492936,19.073439,2.401892,1.936640
veh_001177,7029.969250,4.307543,21.226701,3.860178,1.495842
veh_001178,7037.328252,7.359001,24.897246,3.550852,1.618641
veh_001179,7040.975105,3.646853,22.158133,3.744573,2.075112
veh_001180,7049.658360,8.683255,25.541038,4.152360,1.987733
veh_001181,7056.964010,7.305650,18.138916,2.741344,1.943821
veh_001182,7063.245547,6.281537,22.891809,1.790132,1.466643
veh_001183,7069.322191,6.076644,21.387756,3.820158,1.742420
veh_001184,7077.949228,8.627037,19.920835,2.023587,1.787039
veh_001185,7082.529889,4.580661,20.921455,3.741281,1.818760
veh_001186,7086.789599,4.259710,20.812371,4.208744,1.127589
veh_001187,7091.892395,5.102796,19.832058,3.669021,1.984536
veh_001188,7097.499699,5.607304,20.507599,2.766298,2.395509
veh_001189,7101.989995,4.490296,23.744107,1.991991,2.227394
veh_001190,7108.220786,6.230792,22.656032,2.909175,1.704885
veh_001191,7114.424704,6.203917,19.649986,3.118567,1.741105
veh_001192,7119.203918,4.779214,19.814106,2.383659,2.225952
veh_001193,7127.608497,8.404579,24.247123,2.759415,1.957673
veh_001194,7131.520386,3.911889,18.487176,1.701887,1.618361
veh_001195,7135.605302,4.084916,21.119283,1.936320,2.189641
veh_001196,7142.169482,6.564180,23.597260,3.858159,1.883082
veh_001197,7147.858258,5.688776,21.055967,3.222306,2.398626
veh_001198,7154.484848,6.626590,23.243390,2.454464,1.193621
veh_001199,7159.556392,5.071544,21.377192,3.063929,1.500511
veh_001200,7164.006382,4.449990,23.545463,2.954657,1.960971
veh_001201,7169.038067,5.031685,23.913635,2.245884,2.047567
veh_001202,7174.012674,4.974607,18.004929,2.570344,1.574109
veh_001203,7180.800168,6.787494,23.172076,2.862348,1.911223
veh_001204,7186.080231,5.280062,20.982719,3.686479,1.643236
veh_001205,7193.222376,7.142146,24.050522,2.297388,2.062205
veh_001206,7200.104489,6.882113,23.087758,3.576359,1.626399
veh_001207,7207.665384,7.560894,20.395671,2.316055,2.056542
veh_001208,7215.016462,7.351079,23.732071,3.051457,1.967586
veh_001209,7222.192991,7.176529,23.571617,4.762501,2.266272
veh_001210,7229.347771,7.154779,24.000781,2.375543,2.107892
veh_001211,7234.572732,5.224962,19.782000,5.195424,1.414660
veh_001212,7240.179906,5.607174,21.156816,1.815168,1.516342
veh_001213,7243.434716,3.254809,23.289174,2.930959,1.986780
veh_001214,7249.872341,6.437626,26.744541,2.671957,1.687187
veh_001215,7254.861693,4.989351,25.279248,3.056306,1.888717
veh_001216,7261.464011,6.602318,25.202761,2.645018,1.624121
veh_001217,7268.255237,6.791226,21.639801,3.221343,2.003514
veh_001218,7272.227096,3.971859,26.369262,3.092316,1.518684
veh_001219,7276.706337,4.479241,19.827939,3.371405,2.003711
veh_001220,7282.182318,5.475980,22.818459,2.618517,2.358514
veh_001221,7287.405917,5.223599,24.693205,2.734113,1.858232
veh_001222,7293.656447,6.250530,24.510107,2.218358,1.781693
veh_001223,7297.923311,4.266864,24.773888,2.837825,1.679354
veh_001224,7303.994079,6.070767,21.779511,3.272949,1.690054
veh_001225,7307.461351,3.467272,18.565055,2.385359,1.816451
veh_001226,7310.228685,2.767334,21.635229,3.347667,1.740188
veh_001227,7317.303680,7.074995,25.152203,3.331456,2.000039
veh_001228,7321.345710,4.042030,24.122759,3.067039,2.074735
veh_001229,7326.505834,5.160123,18.287976,2.890507,2.318732
veh_001230,7330.379789,3.873956,25.473722,2.011175,2.176224
veh_001231,7334.266483,3.886694,22.081205,3.008204,1.966645
veh_001232,7339.668198,5.401715,23.161248,3.660104,1.368967
veh_001233,7345.053006,5.384807,26.043225,3.383837,1.357235
veh_001234,7352.526886,7.473881,21.836404,3.911264,1.772729
veh_001235,7359.201154,6.674268,24.030262,3.706546,1.790483
veh_001236,7364.809477,5.608322,21.195402,2.199455,1.712004
veh_001237,7371.946002,7.136525,26.632251,3.585617,1.996538
veh_001238,7379.620833,7.674831,22.199345,3.823555,1.107181
veh_001239,7386.237780,6.616947,22.274242,2.796123,2.013641
veh_001240,7391.628306,5.390526,20.915125,2.960958,1.818475
veh_001241,7399.156211,7.527905,22.848409,2.408697,1.676246
veh_001242,7407.808994,8.652782,24.630202,2.738140,1.667592
veh_001243,7414.799795,6.990801,19.102551,3.590116,1.920414
veh_001244,7423.455810,8.656015,21.578272,2.847416,2.010295
veh_001245,7430.845708,7.389898,21.507993,2.691742,1.434133
veh_001246,7438.118996,7.273288,21.813495,3.100524,1.636394
veh_001247,7442.483716,4.364720,18.808125,3.096437,1.706108
veh_001248,7446.813392,4.329676,20.458719,4.040590,2.161580
veh_001249,7452.739167,5.925775,25.802756,3.643999,1.419651
veh_001250,7456.234981,3.495813,21.670369,2.492854,2.026794
veh_001251,7461.345550,5.110569,26.058858,2.949965,1.785514
veh_001252,7468.646556,7.301006,20.608614,1.311089,1.646845
veh_001253,7473.648823,5.002267,20.720353,1.984721,2.104077
veh_001254,7480.448609,6.799787,20.144006,2.310548,2.150231
veh_001255,7484.421733,3.973124,20.228429,3.668781,1.563153
veh_001256,7489.681272,5.259538,20.973501,2.827132,1.686396
veh_001257,7497.216432,7.535161,23.597683,4.586083,2.715185
veh_001258,7503.529201,6.312769,24.511769,2.113729,1.541278
veh_001259,7509.964625,6.435424,25.055869,3.291728,2.069700
veh_001260,7518.521710,8.557086,21.335783,3.223369,1.468354
veh_001261,7526.466916,7.945205,21.056623,2.981742,2.014024
veh_001262,7531.151630,4.684715,21.753088,1.899948,1.448011
veh_001263,7539.128478,7.976848,18.259537,2.712274,1.881903
veh_001264,7544.205612,5.077134,19.156620,4.210022,1.415097
veh_001265,7550.179227,5.973615,23.525922,3.666605,2.096777
veh_001266,7556.202047,6.022820,23.945792,2.498760,1.913708
veh_001267,7563.811607,7.609560,21.780609,2.961788,1.935247
veh_001268,7568.117707,4.306100,22.225980,4.415350,1.973273
veh_001269,7574.795499,6.677791,20.821979,1.812821,1.463487
veh_001270,7581.581521,6.786022,24.625429,2.184700,2.183320
veh_001271,7588.798791,7.217270,24.116150,3.373703,1.882299
veh_001272,7594.483212,5.684421,22.979829,3.736307,1.522506
veh_001273,7601.988330,7.505118,22.067339,3.264258,2.184658
veh_001274,7606.921015,4.932684,22.600692,3.462307,1.728766
veh_001275,7614.641603,7.720588,18.474618,2.338920,1.713231
veh_001276,7621.169963,6.528360,24.733050,3.621308,1.328071
veh_001277,7625.069839,3.899876,21.221766,2.590470,1.619670
veh_001278,7631.681719,6.611881,21.313615,4.042970,1.699853
veh_001279,7637.950676,6.268957,21.581844,3.045332,1.958572
veh_001280,7643.417191,5.466515,24.114414,2.225568,2.054791
veh_001281,7648.312811,4.895620,21.802760,1.847843,2.281017
veh_001282,7653.952522,5.639711,20.165616,2.971076,1.627736
veh_001283,7657.789286,3.836764,26.355035,2.664058,1.579923
veh_001284,7666.325365,8.536079,24.055349,3.290507,1.423356
veh_001285,7670.632947,4.307582,19.350228,3.577247,1.808922
veh_001286,7675.641022,5.008075,24.120613,3.666603,1.924810
veh_001287,7683.358371,7.717349,20.676460,2.391209,1.738069
veh_001288,7690.235917,6.877546,23.952757,2.826045,2.023571
veh_001289,7697.316285,7.080368,22.070702,3.216151,1.291678
veh_001290,7705.591348,8.275063,22.136400,2.669795,1.522046
veh_001291,7711.123134,5.531786,21.787897,3.998425,1.473404
veh_001292,7715.553391,4.430258,23.192858,3.400893,2.131999
veh_001293,7722.819793,7.266402,22.367543,4.130222,1.446702
veh_001294,7730.014211,7.194417,18.519351,3.068733,1.822854
veh_001295,7735.523877,5.509666,21.458715,3.224411,1.746684
veh_001296,7739.625507,4.101630,24.199544,1.662927,1.667225
veh_001297,7747.484233,7.858726,19.998365,2.542039,1.555865
veh_001298,7754.348004,6.863771,19.053425,3.107589,2.010089
veh_001299,7758.287793,3.939789,26.079483,2.792701,1.949591
veh_001300,7765.457724,7.169931,18.356083,2.841626,1.921396
veh_001301,7769.296257,3.838534,22.198084,3.264482,1.942623
veh_001302,7774.572312,5.276054,23.991391,3.749037,1.814275
veh_001303,7778.887348,4.315036,22.016557,2.579610,2.058473
veh_001304,7783.930602,5.043254,19.083598,1.497688,1.841866
veh_001305,7788.680635,4.750033,25.487748,2.262264,1.905797
veh_001306,7793.760669,5.080034,18.139456,3.503538,1.289066
veh_001307,7800.847065,7.086396,20.144720,3.037195,1.396987
veh_001308,7807.288951,6.441886,26.436942,4.022838,1.663579
veh_001309,7814.232049,6.943097,22.819945,2.262662,1.939977
veh_001310,7821.870562,7.638513,20.761423,3.606261,1.567451
veh_001311,7827.311508,5.440946,19.602293,2.797426,1.835780
veh_001312,7833.431350,6.119842,23.609668,3.249682,1.786187
veh_001313,7840.238580,6.807229,23.936388,3.701127,1.548202
veh_001314,7848.798688,8.560108,24.310698,3.850832,2.113190
veh_001315,7856.147305,7.348617,21.215753,2.909494,1.383058
veh_001316,7864.219632,8.072327,24.128369,2.658756,1.601850
veh_001317,7871.748079,7.528447,21.261124,2.793560,1.836580
veh_001318,7879.333977,7.585898,19.907104,2.646988,2.419382
veh_001319,7882.656972,3.322995,20.076378,2.167285,1.901341
veh_001320,7889.978261,7.321289,24.161594,3.113412,1.804367
veh_001321,7896.297648,6.319387,26.225897,1.895028,1.791672
veh_001322,7902.378969,6.081322,23.179214,2.179304,1.675803
veh_001323,7907.588087,5.209117,23.381348,2.574496,2.048311
veh_001324,7912.950176,5.362089,23.031418,2.484687,1.076273
veh_001325,7919.574447,6.624271,24.470162,1.628926,1.521854
veh_001326,7926.834410,7.259964,22.383695,3.609494,1.955001
veh_001327,7930.587732,3.753322,22.356579,2.206451,2.021068
veh_001328,7936.914888,6.327156,21.302074,2.356676,1.727804
veh_001329,7942.073857,5.158970,19.083443,1.296301,1.139512
veh_001330,7946.647653,4.573796,22.054542,2.351588,1.509879
veh_001331,7953.236587,6.588933,21.936490,3.215050,2.155801
veh_001332,7958.743510,5.506923,18.797145,2.853599,1.863552
veh_001333,7963.754955,5.011445,22.784585,3.797905,1.904814
veh_001334,7968.601207,4.846252,22.711306,4.045857,1.781968
veh_001335,7975.023156,6.421948,24.002446,3.469604,2.069843
veh_001336,7981.008098,5.984943,22.595246,3.586951,1.900446
veh_001337,7985.370638,4.362539,22.981319,3.112236,1.986705
veh_001338,7990.109141,4.738504,24.093317,2.413988,1.521877
veh_001339,7995.835382,5.726240,19.530233,3.135905,1.483127
veh_001340,8002.443103,6.607722,22.534302,3.581203,1.771076
veh_001341,8006.868531,4.425428,24.743026,3.758119,1.746149
veh_001342,8013.600691,6.732160,24.909161,3.295294,1.335599
veh_001343,8018.364687,4.763996,26.024309,4.385205,1.374362
veh_001344,8028.456304,10.091617,24.980144,3.378320,2.035626
veh_001345,8033.044800,4.588496,22.107923,2.846881,1.763568
veh_001346,8037.859612,4.814812,22.938570,3.652335,1.722540
veh_001347,8044.150617,6.291005,23.864192,1.841530,1.704910
veh_001348,8048.797045,4.646429,21.499698,2.566654,1.718504
veh_001349,8056.038492,7.241447,23.893843,3.959938,1.268661
veh_001350,8064.740617,8.702125,24.924411,1.756922,1.992321
veh_001351,8070.159187,5.418570,20.801015,3.320468,1.793727
veh_001352,8076.418343,6.259157,22.747209,3.178269,1.617749
veh_001353,8081.641704,5.223361,24.017106,3.373989,1.864904
veh_001354,8087.641661,5.999957,21.859208,3.936444,2.208959
veh_001355,8095.789262,8.147602,23.996703,3.687206,2.119198
veh_001356,8103.130631,7.341369,20.060630,3.448755,1.725729
veh_001357,8107.774294,4.643663,20.381136,3.391058,2.068477
veh_001358,8116.093151,8.318857,25.939036,2.125111,2.419921
veh_001359,8123.836243,7.743092,18.253492,2.499717,1.938518
veh_001360,8130.565795,6.729552,23.332081,2.675760,1.588955
veh_001361,8135.576969,5.011174,22.763240,2.393911,1.603838
veh_001362,8141.675530,6.098561,24.577131,3.694360,1.536234
veh_001363,8146.482331,4.806801,23.970840,3.133442,2.272751
veh_001364,8153.183740,6.701409,20.738651,2.178035,2.128745
veh_001365,8158.709033,5.525293,21.161680,2.656552,1.903446
veh_001366,8161.356590,2.647557,19.046222,3.805715,1.585321
veh_001367,8168.745895,7.389305,19.430519,3.620173,1.770741
veh_001368,8175.033074,6.287180,21.139037,2.625336,1.778962
veh_001369,8182.650799,7.617725,21.427764,3.174203,1.510754
veh_001370,8188.446529,5.795730,24.361352,3.556335,2.447133
veh_001371,8194.729229,6.282700,22.125914,2.465539,1.998938
veh_001372,8202.402219,7.672989,20.798358,2.441483,1.667683
veh_001373,8208.983914,6.581696,25.449969,2.532119,1.776564
veh_001374,8215.415917,6.432003,25.987726,2.426823,1.659586
veh_001375,8226.237503,10.821586,22.352667,2.363349,1.941726
veh_001376,8231.984003,5.746500,23.699526,1.760550,1.772347
veh_001377,8238.237782,6.253779,21.071641,3.202850,1.616741
veh_001378,8246.838825,8.601043,21.751468,3.079046,2.042370
veh_001379,8251.631313,4.792488,22.371252,3.126804,1.704417
veh_001380,8256.069817,4.438504,23.990609,2.129676,1.817087
veh_001381,8259.921718,3.851901,18.280627,2.715685,2.096426
veh_001382,8266.722212,6.800494,21.893802,2.588614,1.709221
veh_001383,8273.660658,6.938446,21.901844,4.230239,1.819330
veh_001384,8280.772890,7.112231,20.949798,2.422033,1.390634
veh_001385,8284.742550,3.969660,21.287829,2.472909,1.494033
veh_001386,8292.251338,7.508789,22.642062,2.980703,1.947769
veh_001387,8300.047237,7.795899,20.579104,2.990216,1.723598
veh_001388,8305.901270,5.854033,25.578178,1.745424,1.840426
veh_001389,8311.950120,6.048850,23.349019,1.964531,1.626274
veh_001390,8318.963514,7.013394,19.995952,3.024555,1.624793
veh_001391,8325.514229,6.550715,19.932966,2.181640,2.303136
veh_001392,8332.477183,6.962954,21.050280,3.319256,2.175710
veh_001393,8336.848054,4.370871,25.013665,2.774279,1.603282
veh_001394,8342.586121,5.738066,26.792706,2.938136,1.909850
veh_001395,8346.767411,4.181290,21.960400,2.947382,2.000823
veh_001396,8353.714326,6.946915,25.735046,2.664165,1.791790
veh_001397,8360.509651,6.795325,23.936734,1.430275,1.301941
veh_001398,8366.361428,5.851778,25.277429,4.457671,2.077814
veh_001399,8372.806627,6.445199,21.759517,3.908593,1.830698
veh_001400,8376.471853,3.665225,24.335347,2.595727,2.216569
veh_001401,8383.758740,7.286888,25.075124,3.896086,1.505523
veh_001402,8389.057834,5.299093,23.825474,1.417033,1.541593
veh_001403,8395.251410,6.193577,21.901071,2.229955,1.704538
veh_001404,8402.924465,7.673055,20.071635,3.667397,2.140165
veh_001405,8407.789714,4.865249,22.208734,2.734635,2.056227
veh_001406,8415.585564,7.795850,22.743873,2.045108,1.912833
veh_001407,8421.771677,6.186113,22.610549,2.125328,1.654165
veh_001408,8427.813963,6.042285,21.536834,1.652708,1.951596
veh_001409,8434.648031,6.834068,22.068307,3.602060,1.857517
veh_001410,8438.777492,4.129462,22.186359,2.389285,1.106137
veh_001411,8445.668652,6.891159,21.319154,3.205704,1.767575
veh_001412,8451.760916,6.092264,23.611125,4.943851,2.040960
veh_001413,8459.315331,7.554415,23.072557,3.304352,1.885996
veh_001414,8464.990121,5.674789,23.554700,3.612723,1.815605
veh_001415,8470.445145,5.455024,26.035469,1.704131,2.155434
veh_001416,8476.999602,6.554457,22.063078,2.195146,1.661729
veh_001417,8482.910550,5.910948,23.554208,3.064753,1.529867
veh_001418,8487.149597,4.239047,21.847728,2.761760,2.124461
veh_001419,8492.858661,5.709063,21.316827,2.284521,1.506175
veh_001420,8500.760106,7.901445,23.246438,2.606550,1.771827
veh_001421,8506.620450,5.860344,20.171070,3.056900,1.300616
veh_001422,8511.314760,4.694310,22.457297,3.808521,1.466900
veh_001423,8518.388666,7.073906,23.903589,1.665195,1.851220
veh_001424,8521.608500,3.219834,24.899933,3.863793,2.083925
veh_001425,8524.428099,2.819599,24.044848,2.458151,1.853175
veh_001426,8530.421874,5.993775,23.455927,2.179838,1.768274
veh_001427,8536.693262,6.271388,20.208226,4.072177,1.915331
veh_001428,8543.023860,6.330599,22.063734,3.197964,1.465840
veh_001429,8547.684686,4.660826,23.614763,3.500969,1.648786
veh_001430,8553.458937,5.774251,24.920259,3.082243,2.209749
veh_001431,8557.360837,3.901900,25.845391,1.644160,1.489807
veh_001432,8563.690180,6.329343,20.044754,3.235267,2.315114
veh_001433,8567.267202,3.577022,21.437691,3.425346,2.404824
veh_001434,8573.043338,5.776136,18.757341,2.637533,2.023149
veh_001435,8579.435707,6.392369,25.772047,3.639107,2.034705
veh_001436,8582.800768,3.365061,24.196065,2.020345,1.339748
veh_001437,8588.017014,5.216246,19.313644,3.226579,1.736940
veh_001438,8595.199233,7.182219,20.879051,2.001787,1.802442
veh_001439,8603.522685,8.323452,22.359866,1.797539,1.541388
veh_001440,8607.266745,3.744060,19.028696,3.107209,1.601587
veh_001441,8613.776622,6.509878,23.618419,2.869224,2.072644
veh_001442,8617.922698,4.146076,21.498580,3.508930,1.729593
veh_001443,8621.904811,3.982113,22.014748,2.741387,2.427377
veh_001444,8630.298922,8.394111,25.554676,1.704446,1.176769
veh_001445,8637.301195,7.002273,19.684171,2.599183,2.299971
veh_001446,8642.094904,4.793709,21.027755,1.333541,1.544224
veh_001447,8648.423445,6.328542,22.093008,3.952721,2.026286
veh_001448,8655.386365,6.962920,23.201854,3.920236,2.166849
veh_001449,8661.658304,6.271939,22.875226,2.111747,1.279682
veh_001450,8671.029222,9.370918,19.863580,3.505041,1.501962
veh_001451,8677.937891,6.908669,19.754308,3.750870,2.294682
veh_001452,8683.502591,5.564700,21.482522,2.867132,1.903736
veh_001453,8688.397727,4.895136,20.619838,3.149202,1.899306
veh_001454,8694.091507,5.693780,24.904179,1.954303,1.407880
veh_001455,8700.111705,6.020199,23.792305,2.250792,2.037140
veh_001456,8705.134991,5.023286,20.592190,1.927209,2.024932
veh_001457,8709.507615,4.372624,20.916748,3.843719,1.750123
veh_001458,8717.552723,8.045108,18.973133,4.093049,1.140952
veh_001459,8724.448736,6.896013,19.562179,2.400836,2.166898
veh_001460,8729.442627,4.993891,22.229654,2.702715,2.193642
veh_001461,8736.462101,7.019474,23.839770,3.402330,1.897243
veh_001462,8743.474872,7.012771,23.090522,2.623952,1.888333
veh_001463,8751.375833,7.900961,22.205240,4.467948,1.646625
veh_001464,8755.792863,4.417030,23.664321,4.259796,1.515406
veh_001465,8762.962686,7.169822,20.600392,2.817891,1.570007
veh_001466,8768.051003,5.088317,20.311875,3.751348,1.746802
veh_001467,8775.783570,7.732567,21.968820,3.792298,2.532746
veh_001468,8781.494896,5.711326,21.412124,1.750278,1.734955
veh_001469,8784.087228,2.592331,22.550517,2.243064,1.584061
veh_001470,8790.140259,6.053031,21.424130,2.732572,1.623017
veh_001471,8793.464015,3.323756,23.861169,2.664515,1.911472
veh_001472,8799.138291,5.674276,25.437664,3.491458,1.733671
veh_001473,8805.051003,5.912713,23.484531,3.261652,1.793682
veh_001474,8810.449046,5.398042,25.234195,3.029129,1.790386
veh_001475,8814.218666,3.769620,18.054777,3.783106,1.169120
veh_001476,8818.545073,4.326407,20.097829,1.157914,2.240274
veh_001477,8823.278187,4.733114,24.580579,3.378303,1.894848
veh_001478,8828.906024,5.627837,23.550222,3.140401,1.812941
veh_001479,8836.838773,7.932750,21.722044,2.998418,1.569458
veh_001480,8843.902402,7.063628,21.797925,3.340213,1.915311
veh_001481,8849.194109,5.291707,19.023351,3.541452,1.454959
veh_001482,8857.104925,7.910817,24.147868,2.456929,1.957351
veh_001483,8861.052831,3.947906,22.514120,3.189351,2.344819
veh_001484,8868.080363,7.027532,23.707927,2.817761,1.654171
veh_001485,8873.817511,5.737148,24.984129,3.528139,1.778107
veh_001486,8880.171999,6.354487,24.258249,2.640885,1.507058
veh_001487,8887.129692,6.957693,20.083481,3.621493,1.866237
veh_001488,8892.110329,4.980637,23.932266,2.890603,2.063606
veh_001489,8899.312067,7.201737,17.891211,3.837556,1.979798
veh_001490,8905.298102,5.986035,26.302423,2.232561,1.382398
veh_001491,8914.915800,9.617698,21.802698,3.839547,1.974569
veh_001492,8920.459408,5.543608,22.029530,3.676500,1.722862
veh_001493,8928.363171,7.903762,21.865020,3.035301,2.018640
veh_001494,8935.333806,6.970636,24.056896,2.774638,1.786069
veh_001495,8939.572617,4.238810,18.470305,3.747450,1.916081
veh_001496,8947.613550,8.040933,18.960300,2.476027,1.488173
veh_001497,8952.022934,4.409384,23.324896,3.285447,1.522145
veh_001498,8954.674941,2.652007,26.207859,3.349175,1.945788
veh_001499,8961.954914,7.279974,18.215805,2.971113,2.386032
veh_001500,8969.558345,7.603430,22.116604,2.027566,1.557759
veh_001501,8975.636383,6.078038,18.046304,4.372687,1.585693
veh_001502,8981.244854,5.608471,22.477918,3.598637,1.986192
veh_001503,8989.620377,8.375523,20.410580,3.483860,1.725960
veh_001504,8996.688179,7.067802,23.083501,3.305053,1.789273
veh_001505,9001.704380,5.016201,24.735302,3.173265,1.656292
veh_001506,9008.801679,7.097299,22.061421,3.849077,1.370653
veh_001507,9012.936742,4.135063,22.853926,2.558598,2.355703
veh_001508,9018.098290,5.161548,23.366632,2.601669,1.826500
veh_001509,9022.521595,4.423305,21.947456,2.355349,1.872221
veh_001510,9025.221569,2.699974,23.586986,2.563413,1.692322
veh_001511,9029.455630,4.234061,25.843979,2.496400,1.878881
veh_001512,9037.289122,7.833492,23.759976,1.837125,1.841361
veh_001513,9041.642389,4.353267,22.667007,1.825435,1.962104
veh_001514,9046.817341,5.174952,20.545750,2.499968,1.766825
veh_001515,9051.075881,4.258539,19.854004,2.559105,1.866362
veh_001516,9058.374291,7.298411,18.221657,3.136194,1.839858
veh_001517,9064.376088,6.001796,24.780968,4.035122,1.858063
veh_001518,9071.112206,6.736118,22.372269,3.406006,1.555883
veh_001519,9076.953675,5.841470,20.526462,2.329372,1.958189
veh_001520,9081.197135,4.243460,21.565593,1.701640,1.691143
veh_001521,9085.736221,4.539086,19.588990,3.553030,1.670658
veh_001522,9092.992120,7.255899,22.408385,3.853804,1.540407
veh_001523,9098.906010,5.913890,24.682274,3.045427,1.366641
veh_001524,9106.067612,7.161603,24.006831,3.075221,1.683792
veh_001525,9113.732775,7.665163,21.402034,3.191136,1.623032
veh_001526,9118.991824,5.259049,19.800805,2.727066,2.062993
veh_001527,9128.251110,9.259286,21.659239,3.479294,1.840350
veh_001528,9133.484978,5.233867,22.765865,4.260666,1.768068
veh_001529,9139.527381,6.042403,22.691577,2.809362,1.848984
veh_001530,9146.517947,6.990566,23.218759,1.470283,1.702047
veh_001531,9151.204255,4.686307,20.006789,3.667692,1.659424
veh_001532,9158.513362,7.309107,21.314807,2.564388,1.691951
veh_001533,9163.545538,5.032176,21.264903,3.488036,1.971428
veh_001534,9171.479192,7.933655,23.979479,2.571054,1.439329
veh_001535,9178.669002,7.189809,20.038759,4.771150,1.202506
veh_001536,9185.412457,6.743455,22.510863,2.249276,1.884238
veh_001537,9190.326165,4.913709,21.460005,3.130181,1.956944
veh_001538,9196.010309,5.684143,21.745387,2.707831,2.026351
veh_001539,9202.460176,6.449867,21.268006,2.637436,1.895676
veh_001540,9205.410162,2.949986,24.948384,2.245084,1.750347
veh_001541,9210.582538,5.172376,21.790262,2.431170,1.284626
veh_001542,9217.989648,7.407110,24.797049,3.080319,1.739331
veh_001543,9222.087377,4.097729,24.928496,4.169567,1.894663
veh_001544,9230.005845,7.918467,21.106314,4.031891,1.277819
veh_001545,9235.063372,5.057527,23.631584,3.225312,1.792219
veh_001546,9241.548258,6.484886,22.172938,4.049888,1.604241
veh_001547,9245.826762,4.278504,21.581981,1.888423,1.721291
veh_001548,9252.553329,6.726567,22.007541,3.229463,1.772512
veh_001549,9259.247422,6.694092,21.527605,3.298123,2.066340
veh_001550,9266.951982,7.704561,21.870097,3.355432,1.938723
veh_001551,9274.983088,8.031105,24.746079,3.298876,1.288242
veh_001552,9282.863373,7.880286,22.008886,2.543052,1.938302
veh_001553,9289.176752,6.313378,22.678112,3.769328,1.284227
veh_001554,9293.337505,4.160754,19.693026,2.433772,2.315229
veh_001555,9301.323153,7.985648,20.027306,2.694038,1.537786
veh_001556,9305.366951,4.043798,26.388186,2.900512,1.942099
veh_001557,9310.708886,5.341935,19.611040,3.495361,1.683968
veh_001558,9317.814549,7.105663,21.059373,3.284840,1.872267
veh_001559,9324.479886,6.665337,19.693750,2.348976,1.890365
veh_001560,9332.869484,8.389598,20.822439,4.591693,1.395449
veh_001561,9338.863404,5.993920,23.094507,3.240044,1.338564
veh_001562,9342.328300,3.464897,21.288823,4.083711,1.384374
veh_001563,9347.915413,5.587112,18.945580,3.405915,1.302380
veh_001564,9354.176503,6.261091,22.672599,3.154212,1.971520
veh_001565,9359.650590,5.474086,21.337851,4.045435,2.129864
veh_001566,9367.769270,8.118680,20.574300,1.823754,1.402941
veh_001567,9373.397851,5.628581,23.195181,2.023068,1.980286
veh_001568,9377.244080,3.846229,21.087542,2.149045,1.594741
veh_001569,9383.944264,6.700184,23.857947,2.747841,2.702573
veh_001570,9388.222737,4.278472,20.306816,3.140910,1.740074
veh_001571,9396.772575,8.549839,26.173663,2.731152,1.549730
veh_001572,9403.177716,6.405141,23.681156,2.102627,1.716100
veh_001573,9407.072790,3.895073,22.240691,3.323714,2.428115
veh_001574,9414.691878,7.619088,25.787174,3.068378,1.992695
veh_001575,9424.245747,9.553870,24.182652,3.561263,1.309606
veh_001576,9427.239663,2.993916,21.865205,2.861249,1.849849
veh_001577,9434.594274,7.354610,21.047747,2.807973,1.702632
veh_001578,9441.320315,6.726041,25.064475,2.613296,1.974390
veh_001579,9447.583835,6.263520,21.065286,2.048414,1.588445
veh_001580,9454.098828,6.514993,23.914438,4.024805,1.567360
veh_001581,9460.836656,6.737828,23.184775,2.148208,2.100176
veh_001582,9465.797149,4.960493,23.471654,2.966979,2.178120
veh_001583,9473.913634,8.116485,24.424843,3.123477,1.883547
veh_001584,9477.889348,3.975714,21.812103,2.846618,1.589038
veh_001585,9486.827193,8.937845,24.757353,2.281418,1.532168
veh_001586,9495.118724,8.291531,23.209822,3.002133,1.733931
veh_001587,9499.339521,4.220797,22.948438,3.399328,1.674856
veh_001588,9505.331421,5.991900,25.052165,3.275114,1.902409
veh_001589,9513.461209,8.129788,23.518492,1.245783,1.979378
veh_001590,9518.724718,5.263508,26.547225,3.140410,1.897985
veh_001591,9524.481105,5.756387,22.654751,2.334116,2.030091
veh_001592,9529.877539,5.396434,23.111186,1.817619,1.844619
veh_001593,9537.628748,7.751209,24.038473,1.657003,2.153018
veh_001594,9542.717224,5.088476,21.831191,2.860736,1.347814
veh_001595,9548.702485,5.985262,23.739812,3.440264,1.788198
veh_001596,9555.512809,6.810323,25.785719,2.196329,1.554649
veh_001597,9561.201406,5.688597,19.224648,2.377826,1.943216
veh_001598,9565.901759,4.700353,22.712458,3.094732,2.299109
veh_001599,9569.889436,3.987677,21.820604,3.053776,1.989881
veh_001600,9573.612051,3.722615,22.589671,3.450701,2.037809
veh_001601,9577.842345,4.230294,19.189152,2.927348,1.326332
veh_001602,9581.261520,3.419176,24.478625,3.116688,1.901816
veh_001603,9586.171205,4.909685,24.237519,3.098226,1.872375
veh_001604,9592.621527,6.450322,21.118786,1.921279,2.046403
veh_001605,9598.702671,6.081143,19.522697,2.861701,1.816664
veh_001606,9603.462721,4.760050,21.611049,3.454516,1.368381
veh_001607,9607.935692,4.472972,21.516205,3.087350,1.278944
veh_001608,9612.445610,4.509917,24.598225,2.979708,1.629736
veh_001609,9616.363763,3.918153,20.894418,2.500580,2.355899
veh_001610,9620.509946,4.146184,23.358802,3.226459,2.147804
veh_001611,9627.581489,7.071542,23.594011,1.798668,2.512766
veh_001612,9631.474571,3.893083,24.553242,4.405895,2.208930
veh_001613,9637.500545,6.025974,26.527383,2.178086,1.603141
veh_001614,9642.573464,5.072919,22.828652,2.226095,2.071058
veh_001615,9652.215381,9.641917,19.666399,2.347949,1.597534
veh_001616,9655.519989,3.304608,23.017224,3.455465,1.966757
veh_001617,9661.809940,6.289951,23.660788,2.619442,1.918536
veh_001618,9667.309314,5.499374,23.462762,4.801753,1.761446
veh_001619,9672.152619,4.843304,22.668676,4.285874,2.092013
veh_001620,9678.625438,6.472819,20.385738,3.213288,2.018926
veh_001621,9684.858815,6.233377,20.334990,2.991968,1.526340
veh_001622,9689.255457,4.396642,21.120472,3.076027,1.593706
veh_001623,9695.894874,6.639416,23.489707,1.393019,1.420472
veh_001624,9702.478626,6.583753,22.319392,3.467949,2.217449
veh_001625,9710.442831,7.964205,21.821330,3.709822,1.948613
veh_001626,9715.527874,5.085043,24.775154,2.688466,1.411647
veh_001627,9723.733541,8.205667,21.497843,2.793255,1.795238
veh_001628,9729.438315,5.704774,26.106282,2.521767,1.276833
veh_001629,9732.474296,3.035981,25.818448,2.900824,1.937081
veh_001630,9739.258940,6.784644,23.040262,3.381198,2.026178
veh_001631,9745.136555,5.877615,21.462798,2.336667,2.180789
veh_001632,9749.813028,4.676474,23.358600,2.611846,2.014575
veh_001633,9757.212889,7.399861,22.300358,3.128358,1.999020
veh_001634,9762.505446,5.292558,26.086400,2.626341,2.093540
veh_001635,9770.030775,7.525328,26.464809,2.138433,1.913735
veh_001636,9775.906723,5.875948,21.037823,2.763629,1.918824
veh_001637,9783.032206,7.125483,21.453933,3.764851,1.868303
veh_001638,9790.051422,7.019217,24.787775,3.454978,2.517440
veh_001639,9796.761174,6.709752,22.978518,2.436340,2.155807
veh_001640,9801.213109,4.451935,18.767568,4.364876,1.462981
veh_001641,9808.592678,7.379569,20.382364,3.176803,1.536237
veh_001642,9814.625321,6.032643,26.179611,2.397788,1.382464
veh_001643,9823.628712,9.003391,23.552988,3.792513,1.520700
veh_001644,9830.346717,6.718005,22.999362,2.521942,1.979096
veh_001645,9837.473406,7.126689,22.972472,3.179679,1.732514
veh_001646,9842.326067,4.852661,21.953638,3.111217,1.280651
veh_001647,9847.716855,5.390788,20.841756,1.601303,2.292944
veh_001648,9853.861932,6.145077,21.223723,3.537696,2.050721
veh_001649,9858.106217,4.244286,22.377471,2.376691,1.419064
veh_001650,9862.350801,4.244584,19.333745,3.261743,1.685422
veh_001651,9868.187927,5.837126,24.365201,1.848834,1.605280
veh_001652,9874.071120,5.883193,22.619485,3.287330,2.079463
veh_001653,9880.374233,6.303112,21.258666,2.518957,2.222323
veh_001654,9888.049889,7.675656,23.783195,2.611746,1.625021
veh_001655,9893.449383,5.399494,25.608201,3.383324,1.580606
veh_001656,9900.470697,7.021314,23.303026,3.062742,1.460660
veh_001657,9906.253744,5.783047,19.803053,1.647457,1.803049
veh_001658,9911.962726,5.708982,21.774764,3.406309,2.073185
veh_001659,9918.348328,6.385602,20.832188,3.165825,1.640057
veh_001660,9921.246735,2.898408,25.525660,2.793951,1.823546
veh_001661,9927.346271,6.099535,24.749111,3.122229,1.708293
veh_001662,9932.388884,5.042614,24.291087,1.609578,1.491076
veh_001663,9936.994127,4.605242,23.932807,2.132224,2.138192
veh_001664,9940.163639,3.169513,24.565320,2.656841,1.714065
veh_001665,9945.499303,5.335663,24.771712,2.308866,1.807791
veh_001666,9948.683149,3.183846,22.039838,1.548674,1.983800
veh_001667,9955.988333,7.305185,24.455128,3.372227,1.632406
veh_001668,9961.629373,5.641039,21.132267,2.265369,1.810644
veh_001669,9965.106265,3.476892,22.408241,3.012018,1.638711
veh_001670,9970.095978,4.989713,20.732230,3.542431,1.368851
veh_001671,9977.228408,7.132431,23.705189,2.403929,1.532041
veh_001672,9982.336083,5.107675,23.213278,4.544846,2.476888
veh_001673,9987.914256,5.578173,20.996304,2.216647,2.270786
veh_001674,9993.360481,5.446225,23.618450,2.037307,1.448942
veh_001675,9999.168067,5.807586,23.543840,3.976482,1.862407
veh_001676,10002.618417,3.450349,22.288791,3.442336,2.305602
veh_001677,10008.550227,5.931810,24.633263,1.885635,1.904295
veh_001678,10013.713088,5.162861,24.852029,2.356212,2.251149
veh_001679,10024.143757,10.430669,23.098155,2.586903,1.549299
veh_001680,10029.824244,5.680487,23.513428,3.236619,2.138207
veh_001681,10035.140808,5.316563,21.640601,2.909081,1.801527
veh_001682,10042.623523,7.482716,19.241077,2.110062,1.890535
veh_001683,10048.389475,5.765952,21.675431,2.505581,1.921605
veh_001684,10054.769488,6.380013,23.280819,3.869995,1.539817
veh_001685,10059.458314,4.688826,22.465554,3.268565,2.022784
veh_001686,10067.791156,8.332842,23.495816,2.734731,1.919182
veh_001687,10072.849644,5.058488,22.571245,3.966636,2.160256
veh_001688,10079.412670,6.563025,22.662928,1.319421,1.782738
veh_001689,10087.111206,7.698536,25.599926,2.683295,1.526697
veh_001690,10092.654449,5.543243,21.215868,3.154049,1.737786
veh_001691,10098.654225,5.999776,20.068627,3.438861,1.668655
veh_001692,10105.533995,6.879770,20.769431,3.691106,1.826809
veh_001693,10112.558018,7.024023,21.485556,2.340662,1.757046
veh_001694,10116.922871,4.364853,22.270306,3.784607,1.886734
veh_001695,10123.195096,6.272225,23.904050,4.439225,2.087851
veh_001696,10127.777042,4.581946,21.532294,3.128552,1.972084
veh_001697,10132.658987,4.881945,20.112513,2.833003,1.886380
veh_001698,10137.686400,5.027413,21.991582,2.459955,1.384071
veh_001699,10145.510367,7.823967,25.193397,2.308811,1.770885
veh_001700,10153.905233,8.394866,20.836185,2.677533,2.506111
veh_001701,10163.813412,9.908179,23.029562,2.418549,1.868174
veh_001702,10169.728586,5.915174,21.053293,2.059271,1.471090
veh_001703,10174.466476,4.737890,21.672854,1.885410,1.573332
veh_001704,10179.012253,4.545777,26.019797,2.977599,1.496047
veh_001705,10187.423474,8.411221,24.412760,4.297670,1.685518
veh_001706,10191.115907,3.692433,18.923885,4.167662,1.853455
veh_001707,10196.640454,5.524547,24.441817,1.072605,1.973734
veh_001708,10201.791360,5.150905,23.519666,4.123075,2.094901
veh_001709,10210.416353,8.624993,20.539068,2.847113,1.521903
veh_001710,10214.896336,4.479984,19.228363,2.873639,1.997591
veh_001711,10222.548831,7.652495,22.951657,3.329421,1.901507
veh_001712,10230.518861,7.970030,20.747750,3.919763,1.955925
veh_001713,10236.268706,5.749845,21.580641,2.504127,1.591452
veh_001714,10242.966949,6.698243,19.934828,1.886187,2.150011
veh_001715,10246.658878,3.691929,24.403523,2.420538,1.732407
veh_001716,10252.526566,5.867688,22.129203,3.607760,1.601849
veh_001717,10258.204025,5.677459,18.580440,3.410486,1.856023
veh_001718,10260.334651,2.130626,21.305168,4.121107,2.154226
veh_001719,10266.957717,6.623065,21.300035,3.213252,1.842487
veh_001720,10273.490466,6.532750,22.059413,2.950883,1.975658
veh_001721,10276.950402,3.459936,21.849557,2.525170,1.988195
veh_001722,10280.831989,3.881586,19.780603,1.947382,2.274316
veh_001723,10285.708055,4.876066,26.512159,2.311708,1.708092
veh_001724,10290.914282,5.206227,23.582419,4.309657,1.623098
veh_001725,10296.454733,5.540451,21.627330,3.509745,1.308054
veh_001726,10301.017547,4.562814,21.589394,3.492337,2.106578
veh_001727,10305.505761,4.488214,22.810025,3.235472,1.587454
veh_001728,10311.965531,6.459770,21.091235,2.391271,2.186159
veh_001729,10317.252659,5.287128,22.924762,3.169994,1.891773
veh_001730,10323.092458,5.839799,20.937812,2.166588,2.116212
veh_001731,10328.747938,5.655480,22.845940,2.401117,2.144375
veh_001732,10335.433739,6.685800,22.020799,2.886223,1.766217
veh_001733,10341.202326,5.768588,20.482688,2.814758,1.688309
veh_001734,10348.494636,7.292309,23.473334,2.781545,1.902117
veh_001735,10354.649133,6.154498,26.505405,3.193672,1.815842
veh_001736,10361.982685,7.333551,24.941635,3.443876,1.970684
veh_001737,10369.853308,7.870623,22.054116,2.686897,1.830007
veh_001738,10373.662595,3.809287,25.360402,4.073977,1.819822
veh_001739,10381.045588,7.382993,26.450038,3.246318,2.172623
veh_001740,10389.719821,8.674233,20.546114,3.543457,1.562452
veh_001741,10394.261027,4.541206,23.528144,3.969977,1.650506
veh_001742,10400.213221,5.952194,20.011472,2.556477,2.746724
veh_001743,10405.677415,5.464194,24.632565,3.211749,1.672184
veh_001744,10412.338666,6.661251,19.549584,4.161725,1.487149
veh_001745,10419.118654,6.779988,25.656534,2.014915,2.038111
veh_001746,10424.114710,4.996057,23.174009,3.711186,1.733619
veh_001747,10432.083545,7.968835,23.237408,2.085111,1.594161
veh_001748,10436.798524,4.714979,18.910742,3.016878,1.953013
veh_001749,10442.591046,5.792522,24.009855,3.280955,1.202350
veh_001750,10450.126434,7.535388,23.331784,3.087550,1.744375
veh_001751,10459.056591,8.930157,23.393647,1.537381,1.323432
veh_001752,10464.287608,5.231017,24.112537,3.618347,1.880252
veh_001753,10471.461050,7.173442,21.717798,3.052590,1.806782
veh_001754,10477.791112,6.330063,25.716390,2.549734,1.446954
veh_001755,10481.417447,3.626335,22.106391,3.440333,1.266794
veh_001756,10485.984665,4.567218,21.210785,3.057864,2.114024
veh_001757,10490.177508,4.192844,23.280730,2.978201,2.092173
veh_001758,10495.422533,5.245024,22.982196,2.999782,1.745211
veh_001759,10500.797351,5.374818,21.431834,2.890980,2.279687
veh_001760,10506.839274,6.041923,21.619627,2.891918,1.415077
veh_001761,10514.755815,7.916541,22.147812,3.546689,1.791298
veh_001762,10521.389529,6.633714,24.263084,2.551114,1.999053
veh_001763,10531.369123,9.979594,26.054834,1.363029,1.558105
veh_001764,10537.003981,5.634858,20.298797,3.848266,2.259851
veh_001765,10544.187860,7.183879,21.783942,3.373989,1.704237
veh_001766,10550.809478,6.621618,20.981555,2.303632,2.162511
veh_001767,10559.069328,8.259850,21.395121,2.875735,2.360318
veh_001768,10564.501254,5.431926,23.187437,4.005199,2.317459
veh_001769,10571.769141,7.267887,20.423867,2.899154,1.620533
veh_001770,10580.212750,8.443609,25.667161,3.345413,2.104450
veh_001771,10585.131530,4.918781,22.597744,1.978506,2.157246
veh_001772,10591.019223,5.887693,19.927792,3.082460,1.483838
veh_001773,10597.775682,6.756459,25.439828,2.895613,1.700886
veh_001774,10603.123513,5.347831,19.137225,3.522374,2.029312
veh_001775,10607.810647,4.687134,23.136912,2.945033,2.548879
veh_001776,10616.559747,8.749099,23.691034,2.607162,1.322836
veh_001777,10622.215272,5.655525,18.441264,3.345429,1.999049
veh_001778,10630.816411,8.601140,20.132048,2.164384,1.640465
veh_001779,10636.053773,5.237362,19.905764,1.595782,1.911327
veh_001780,10641.743140,5.689367,22.630479,4.300439,2.421256
veh_001781,10648.938849,7.195709,26.083099,2.703797,1.464386
veh_001782,10654.629820,5.690971,20.673092,1.760789,2.100755
veh_001783,10659.281518,4.651698,20.895016,3.607596,1.616360
veh_001784,10664.201651,4.920133,23.136814,2.980104,1.211332
veh_001785,10670.610659,6.409009,21.130991,2.728588,1.355661
veh_001786,10675.611488,5.000829,24.204895,3.657342,1.817735
veh_001787,10681.743590,6.132102,23.746869,1.791118,2.136125
veh_001788,10684.357661,2.614071,22.737522,2.533776,1.457383
veh_001789,10689.520478,5.162817,26.417619,3.962397,1.505743
veh_001790,10695.250010,5.729532,19.873065,3.477980,1.666198
veh_001791,10700.481048,5.231037,19.998156,2.192873,1.181296
veh_001792,10704.990668,4.509620,23.124133,3.106465,1.788736
veh_001793,10709.665411,4.674743,19.447076,3.183079,1.259065
veh_001794,10715.771192,6.105781,22.247853,2.691020,2.255707
veh_001795,10724.001781,8.230589,22.123932,3.656175,1.664545
veh_001796,10727.904142,3.902360,21.378374,3.352973,1.727717
veh_001797,10733.489752,5.585610,23.889056,3.510200,1.667406
veh_001798,10740.955326,7.465574,22.500060,3.772728,1.553881
veh_001799,10747.457013,6.501687,24.981478,3.138769,1.828918
veh_001800,10753.316377,5.859364,24.403267,3.890729,2.061134
veh_001801,10758.640308,5.323931,22.301481,2.862617,1.581791
veh_001802,10764.660201,6.019893,18.450125,2.387243,2.041573
veh_001803,10770.508604,5.848404,22.438512,2.416370,1.692197
veh_001804,10773.228912,2.720307,18.340295,2.079139,1.993794
veh_001805,10778.155237,4.926325,23.834722,3.290019,1.740206
veh_001806,10781.230854,3.075617,20.054082,2.799309,2.132640
veh_001807,10789.167438,7.936585,23.373368,3.286373,1.726013
veh_001808,10796.401411,7.233973,23.966310,3.418168,1.640876
veh_001809,10801.219060,4.817649,20.184740,3.228392,1.789199
veh_001810,10808.426377,7.207317,21.726985,1.799390,2.097147
veh_001811,10818.099348,9.672971,20.580788,1.801575,2.196512
veh_001812,10823.164733,5.065385,21.500978,3.067591,1.568362
veh_001813,10831.113646,7.948913,24.470611,3.709249,2.399864
veh_001814,10837.657403,6.543758,19.958272,3.191508,1.356371
veh_001815,10843.302355,5.644951,24.024241,3.312729,1.668510
veh_001816,10847.643489,4.341134,26.687025,2.260405,1.315930
veh_001817,10852.809601,5.166112,24.593124,3.605406,1.594677
veh_001818,10858.217232,5.407631,22.322554,1.900230,1.423244
veh_001819,10860.743569,2.526337,24.639546,3.057154,1.796654
veh_001820,10867.539262,6.795693,19.636166,3.248790,1.861525
veh_001821,10873.056665,5.517403,20.776333,2.389089,1.593579
veh_001822,10879.745531,6.688866,23.167664,1.915781,1.637097
veh_001823,10885.116690,5.371159,26.646464,2.408230,1.681118
veh_001824,10895.614100,10.497409,25.216909,3.940595,1.624666
veh_001825,10899.128173,3.514073,21.651519,3.840249,1.824459
veh_001826,10903.728583,4.600411,23.301446,2.189104,1.651987
veh_001827,10910.786392,7.057808,20.491749,3.532715,2.185104
veh_001828,10920.324093,9.537702,21.603768,2.957839,1.907887
veh_001829,10924.835465,4.511372,20.605440,3.843171,1.807391
veh_001830,10933.579287,8.743822,22.729190,2.015960,1.671088
veh_001831,10938.203743,4.624456,20.738530,3.352238,1.307858
veh_001832,10946.143794,7.940051,21.337024,2.949668,1.723367
veh_001833,10952.256886,6.113092,22.532040,2.176210,2.222816
veh_001834,10961.601884,9.344998,21.574648,2.527221,1.092951
veh_001835,10970.274862,8.672978,20.373664,2.535752,2.003431
veh_001836,10975.303278,5.028416,18.220664,2.896855,1.861143
veh_001837,10985.706830,10.403552,23.702970,3.028958,1.703827
veh_001838,10990.020591,4.313762,21.844199,2.433492,1.675423
veh_001839,10995.550160,5.529569,23.941738,2.788033,1.605178
veh_001840,11004.262015,8.711855,19.726496,3.069285,1.845998
veh_001841,11009.159840,4.897825,24.085229,2.949871,1.978149
veh_001842,11014.197813,5.037973,24.365104,2.588556,1.461334
veh_001843,11020.393759,6.195946,18.983888,1.746084,1.534430
veh_001844,11027.072489,6.678730,24.062328,2.281480,1.969508
veh_001845,11033.653262,6.580773,24.085042,2.249671,1.890997
veh_001846,11038.534716,4.881454,19.951321,2.568743,1.730154
veh_001847,11044.830057,6.295340,24.653155,3.855109,1.685409
veh_001848,11051.786195,6.956138,24.068167,3.552237,1.840555
veh_001849,11060.042181,8.255986,20.639619,5.028495,1.801711
veh_001850,11066.534421,6.492241,24.832225,3.610636,1.944509
veh_001851,11070.654952,4.120531,21.838182,2.777594,1.030613
veh_001852,11076.697579,6.042626,23.389971,3.824779,1.596997
veh_001853,11081.766688,5.069110,20.025632,3.700616,1.774616
veh_001854,11089.745235,7.978546,19.660855,4.147228,2.703072
veh_001855,11093.232101,3.486866,20.666679,2.924618,1.722965
veh_001856,11100.071701,6.839600,22.252163,3.149264,1.976573
veh_001857,11104.473606,4.401906,25.089243,2.961950,2.149158
veh_001858,11112.381692,7.908086,20.932846,3.594558,1.670000
veh_001859,11119.538435,7.156743,25.519442,4.264259,1.926080
veh_001860,11125.867432,6.328997,22.888428,2.831762,2.422098
veh_001861,11132.624840,6.757408,23.228267,3.249362,1.598351
veh_001862,11138.119520,5.494680,25.424651,3.619503,1.542419
veh_001863,11145.133186,7.013666,20.585918,1.982572,1.396548
veh_001864,11151.058746,5.925560,21.506302,2.366475,1.260961
veh_001865,11158.155552,7.096806,21.909966,2.741605,1.873727
veh_001866,11164.243416,6.087864,23.534064,4.342917,1.585740
veh_001867,11166.521629,2.278213,23.126811,3.421021,2.095688
veh_001868,11171.751142,5.229513,25.553337,2.795465,1.833758
veh_001869,11180.027381,8.276239,22.326719,3.112385,1.031673
veh_001870,11188.206191,8.178810,20.407728,3.160509,2.042598
veh_001871,11194.363015,6.156824,23.630355,2.803146,2.215369
veh_001872,11200.173965,5.810950,20.341155,4.054400,1.089337
veh_001873,11205.671092,5.497128,21.615956,4.224524,2.154266
veh_001874,11212.616934,6.945841,19.299548,3.909691,1.811969
veh_001875,11219.485490,6.868557,21.972048,2.769258,1.715233
veh_001876,11224.016852,4.531362,24.146434,3.918985,1.694437
veh_001877,11231.009328,6.992475,20.082420,3.407763,1.313562
veh_001878,11238.858673,7.849345,24.520947,4.065936,1.505987
veh_001879,11243.426375,4.567703,21.348172,3.753578,1.982691
veh_001880,11249.146113,5.719738,18.302561,2.277907,2.083305
veh_001881,11255.841461,6.695347,20.938070,2.925058,1.915236
veh_001882,11262.925590,7.084129,22.127382,3.097622,1.721899
veh_001883,11268.294787,5.369197,23.470387,3.029015,1.805565
veh_001884,11273.501771,5.206984,20.701378,2.026656,1.050071
veh_001885,11278.805943,5.304172,20.795616,4.093793,2.099898
veh_001886,11285.383792,6.577849,19.417388,2.829272,2.058331
veh_001887,11292.027471,6.643679,25.500374,3.838673,1.855522
veh_001888,11297.998344,5.970874,23.539786,3.276176,2.264262
veh_001889,11301.952008,3.953664,26.398795,3.442938,1.820181
veh_001890,11306.317028,4.365020,23.291614,2.437618,1.799848
veh_001891,11313.272264,6.955236,22.246630,3.102529,1.515643
veh_001892,11317.440632,4.168368,23.029316,3.707227,1.869114
veh_001893,11323.780167,6.339536,23.347872,2.993167,1.814845
veh_001894,11329.238971,5.458804,24.913169,3.453257,2.141335
veh_001895,11334.335628,5.096657,22.515551,2.948732,1.492758
veh_001896,11340.375676,6.040048,18.560689,3.593463,1.674034
veh_001897,11348.890204,8.514528,22.727203,2.662870,1.404173
veh_001898,11355.323429,6.433225,19.126000,2.744416,1.722221
veh_001899,11360.879930,5.556501,24.451123,3.102392,1.557087
veh_001900,11364.669873,3.789943,18.586803,2.473217,2.226842
veh_001901,11371.438231,6.768358,20.808781,3.499069,1.739266
veh_001902,11379.143286,7.705055,21.383745,4.254516,2.009332
veh_001903,11386.054350,6.911064,22.345021,2.568255,2.245685
veh_001904,11393.803281,7.748931,22.635703,3.102737,1.765994
veh_001905,11400.518178,6.714897,24.791366,3.562334,1.673703
veh_001906,11404.563266,4.045088,23.213974,2.377203,1.934420
veh_001907,11410.495841,5.932575,19.101272,3.599944,2.074401
veh_001908,11417.283143,6.787302,24.010980,3.605762,1.842733
veh_001909,11424.364661,7.081517,23.476216,3.223929,1.714498
veh_001910,11429.625046,5.260385,24.367476,3.874881,1.965748
veh_001911,11435.529998,5.904952,20.461977,3.225429,1.536816
veh_001912,11442.078802,6.548804,22.509553,2.542894,1.698812
veh_001913,11449.985742,7.906940,19.056968,3.305013,2.623541
veh_001914,11457.493600,7.507858,19.550318,2.317917,1.719804
veh_001915,11464.463078,6.969477,19.150414,1.723518,2.117853
veh_001916,11471.057411,6.594334,20.248959,2.411034,2.162725
veh_001917,11475.519489,4.462078,24.069702,3.886378,1.686465
veh_001918,11479.868050,4.348560,21.152634,3.053472,1.532064
veh_001919,11485.730268,5.862218,25.012526,2.692719,1.640780
veh_001920,11493.292643,7.562375,21.977793,3.578854,2.096571
veh_001921,11499.885673,6.593030,19.025429,2.366543,2.052165
veh_001922,11506.727317,6.841644,22.582776,2.296259,2.034484
veh_001923,11510.474983,3.747666,20.251229,1.125986,1.350123
veh_001924,11514.282502,3.807519,22.862672,1.272086,1.449824
veh_001925,11521.962328,7.679826,21.621193,2.545173,1.760384
veh_001926,11527.910370,5.948042,20.568134,3.092351,1.590929
veh_001927,11531.939839,4.029468,21.524613,1.283101,1.147624
veh_001928,11539.263090,7.323251,20.353957,2.525809,1.536723
veh_001929,11545.650144,6.387054,22.963878,2.860916,1.654034
veh_001930,11556.077340,10.427196,20.273380,2.753143,1.730199
veh_001931,11563.952341,7.875001,19.515485,3.177242,1.717782
veh_001932,11570.472387,6.520046,25.755798,4.086338,1.569254
veh_001933,11576.245723,5.773336,23.506972,3.380444,1.851718
veh_001934,11582.594166,6.348443,17.984116,2.455932,2.277771
veh_001935,11588.440188,5.846022,20.434337,1.983348,1.656092
veh_001936,11592.281993,3.841805,22.746924,2.147510,1.943746
veh_001937,11599.673276,7.391283,22.618453,2.026501,1.547373
veh_001938,11606.085562,6.412286,20.546963,2.657190,1.967204
veh_001939,11611.132277,5.046715,21.312883,3.632379,2.036860
veh_001940,11615.889164,4.756887,19.653943,3.770624,2.255760
veh_001941,11623.360500,7.471335,20.550742,3.700857,2.231975
veh_001942,11629.294417,5.933917,23.831014,3.017882,1.651628
veh_001943,11637.525527,8.231110,18.174721,2.829163,1.711889
veh_001944,11641.138248,3.612721,20.368646,2.771138,2.064577
veh_001945,11645.524569,4.386321,23.337911,1.782004,1.864554
veh_001946,11653.125210,7.600642,23.607461,3.612705,1.610133
veh_001947,11658.142378,5.017168,20.692084,2.113720,2.176204
veh_001948,11662.554430,4.412051,20.084425,3.995762,1.519427
veh_001949,11667.764423,5.209993,20.303802,2.294097,1.508836
veh_001950,11672.624686,4.860264,24.065040,3.180633,1.307544
veh_001951,11679.433678,6.808992,22.075658,3.777600,1.875383
veh_001952,11687.110929,7.677251,22.549364,3.687854,2.013171
veh_001953,11690.730551,3.619621,19.449629,3.900190,1.557019
veh_001954,11696.294386,5.563835,21.051159,3.279816,1.647983
veh_001955,11702.315752,6.021366,25.008379,2.443355,1.869046
veh_001956,11708.439042,6.123290,23.350371,2.949002,2.045947
veh_001957,11715.688926,7.249883,22.291694,2.573723,1.993741
veh_001958,11721.868696,6.179771,23.362301,1.947921,1.207814
veh_001959,11726.998991,5.130295,21.316723,1.618765,2.198999
veh_001960,11731.331151,4.332160,25.489313,3.002242,1.921850
veh_001961,11734.594087,3.262936,20.320132,2.577829,1.909819
veh_001962,11740.037419,5.443332,23.746158,4.222381,2.097838
veh_001963,11746.059034,6.021615,22.850211,3.185260,1.743813
veh_001964,11753.441621,7.382587,24.071213,3.116757,1.882106
veh_001965,11758.874968,5.433346,23.218699,3.404741,1.996589
veh_001966,11768.360524,9.485556,24.282446,3.213750,1.856033
veh_001967,11774.245805,5.885281,20.735154,3.178705,1.677508
veh_001968,11779.520789,5.274984,23.112505,3.417175,2.291537
veh_001969,11786.091682,6.570893,19.351186,2.640492,1.678958
veh_001970,11790.635843,4.544162,20.774961,3.660186,1.998066
veh_001971,11796.949205,6.313362,18.382605,2.943019,1.660048
veh_001972,11799.853060,2.903855,20.156115,3.051724,1.914486
veh_001973,11806.867201,7.014141,23.684468,2.765098,1.911313
veh_001974,11812.967219,6.100018,20.998947,2.307962,1.861531
veh_001975,11819.283075,6.315856,24.002732,4.294951,1.599344
veh_001976,11825.515289,6.232213,23.138683,2.994119,1.724331
veh_001977,11829.604654,4.089366,23.473017,1.556345,1.778899
veh_001978,11834.256722,4.652068,19.915946,3.166083,1.935628
veh_001979,11842.606360,8.349637,21.646874,3.039047,1.544626
veh_001980,11849.348256,6.741896,25.710428,3.600693,2.072739
veh_001981,11854.452361,5.104105,21.175205,4.022578,1.599150
veh_001982,11861.083982,6.631621,24.590984,3.239072,1.868547
veh_001983,11867.695548,6.611566,22.615840,1.453135,1.365929
veh_001984,11876.627275,8.931727,21.156209,2.914167,1.682242
veh_001985,11884.292801,7.665526,20.738186,2.725709,2.033008
veh_001986,11890.909554,6.616753,23.988034,3.550268,1.645404
veh_001987,11896.235777,5.326222,21.929238,2.270049,2.190672
veh_001988,11904.911311,8.675535,24.595570,4.587132,2.142526
veh_001989,11910.758988,5.847677,25.633683,1.361206,2.532140
veh_001990,11915.453221,4.694232,23.571799,2.992838,1.282511
veh_001991,11919.622851,4.169630,19.861670,1.241572,1.658483
veh_001992,11924.329256,4.706405,22.816925,2.513341,2.158226
veh_001993,11929.783128,5.453872,24.883245,2.260384,1.849835
veh_001994,11936.931230,7.148102,25.012383,3.522863,1.876390
veh_001995,11944.301009,7.369778,25.657131,3.652184,1.587678
veh_001996,11952.027613,7.726605,21.076244,2.799630,1.511797
veh_001997,11958.257078,6.229465,24.330904,3.955416,2.127912
veh_001998,11965.504317,7.247239,23.638107,2.397354,1.401882
veh_001999,11974.893290,9.388973,22.223957,3.724068,1.738078
veh_002000,11982.258725,7.365434,26.018162,3.162593,1.435147
veh_002001,11990.663048,8.404324,23.372584,2.703540,1.586008
veh_002002,11994.397091,3.734042,23.926073,3.817952,1.440166
veh_002003,11999.284392,4.887302,22.184865,2.604598,2.134769
veh_002004,12004.157720,4.873328,20.056317,3.418903,2.067474
veh_002005,12010.268237,6.110517,21.538523,3.019903,1.426898
veh_002006,12018.356911,8.088673,24.311095,4.576800,1.422686
veh_002007,12023.553935,5.197025,23.551660,3.690457,2.229506
veh_002008,12029.847099,6.293163,20.145069,2.520848,1.080625
veh_002009,12034.566017,4.718919,25.917688,2.312379,1.328640
veh_002010,12039.828426,5.262409,24.031718,3.504823,1.783155
veh_002011,12046.256391,6.427965,24.541550,2.996694,1.626840
veh_002012,12050.462727,4.206336,24.211066,3.534424,1.865921
veh_002013,12058.223777,7.761050,22.926283,4.533220,1.978009
veh_002014,12061.345638,3.121861,22.966491,2.847820,1.903471
veh_002015,12067.828989,6.483351,21.303319,2.910831,1.920266
veh_002016,12073.091766,5.262777,24.814790,2.374808,1.946511
veh_002017,12081.325483,8.233717,25.593343,3.253372,1.565140
veh_002018,12088.468251,7.142768,23.413669,1.533394,1.595321
veh_002019,12091.342012,2.873761,21.983945,2.693878,1.895043
veh_002020,12093.708417,2.366405,18.762778,3.688080,1.347647
veh_002021,12098.206383,4.497965,20.871558,3.376721,2.333932
veh_002022,12103.453043,5.246660,24.192578,1.989977,1.549812
veh_002023,12109.169533,5.716490,18.078273,1.603148,2.329840
veh_002024,12115.214901,6.045368,26.338261,3.320191,1.420826
veh_002025,12122.225295,7.010394,25.145928,3.364467,2.136121
veh_002026,12126.176309,3.951014,22.796360,4.162202,1.449036
veh_002027,12129.475489,3.299180,22.952643,3.087825,1.299573
veh_002028,12135.854181,6.378692,21.885838,1.944496,2.066219
veh_002029,12141.312710,5.458528,19.563257,3.642582,1.936539
veh_002030,12147.157650,5.844940,25.283325,3.074546,1.659274
veh_002031,12152.194905,5.037255,23.520833,2.078685,1.881003
veh_002032,12157.935092,5.740187,24.362945,3.342242,1.872050
veh_002033,12166.164852,8.229760,22.346064,4.091739,2.123468
veh_002034,12169.729947,3.565095,22.331343,4.095129,1.792838
veh_002035,12173.891651,4.161704,23.955954,3.038429,1.467478
veh_002036,12180.854053,6.962402,26.340204,4.501062,1.639950
veh_002037,12189.205165,8.351112,19.847801,2.070534,2.059831
veh_002038,12194.896692,5.691527,22.497936,2.179769,1.612375
veh_002039,12199.002618,4.105926,22.957088,2.739011,1.550207
veh_002040,12202.000938,2.998320,24.598494,2.709810,2.106136
veh_002041,12208.391752,6.390814,19.733480,3.300886,1.851794
veh_002042,12212.517720,4.125969,20.667964,2.755365,1.456861
veh_002043,12221.781089,9.263368,25.522364,3.343126,2.277613
veh_002044,12231.293494,9.512405,24.979415,3.857891,1.737340
veh_002045,12237.632946,6.339452,22.330061,4.133038,1.793163
veh_002046,12244.361138,6.728193,23.829882,4.572189,1.623422
veh_002047,12250.184269,5.823131,22.046280,3.738326,1.875150
veh_002048,12257.896963,7.712693,19.360854,4.288434,1.755623
veh_002049,12263.892357,5.995394,19.727051,2.369993,2.190862
veh_002050,12269.987392,6.095035,20.772389,2.325308,1.912533
veh_002051,12278.027997,8.040605,17.960122,2.375221,1.419422
veh_002052,12284.967271,6.939274,19.614865,3.553710,1.651003
veh_002053,12294.163743,9.196472,21.346435,2.944368,2.325590
veh_002054,12297.708498,3.544756,23.446200,3.878291,1.796013
veh_002055,12302.875125,5.166626,24.071584,2.807718,1.576821
veh_002056,12307.519266,4.644141,23.028878,3.631632,1.657100
veh_002057,12314.781935,7.262669,21.519333,4.534483,1.841802
veh_002058,12320.041549,5.259614,24.207788,1.986123,1.298458
veh_002059,12326.945047,6.903498,23.671183,2.448119,1.444940
veh_002060,12331.191565,4.246518,26.240969,2.926952,1.264584
veh_002061,12337.050053,5.858488,21.351310,3.697996,1.763885
veh_002062,12346.495547,9.445493,19.118097,2.886246,1.798092
veh_002063,12354.953099,8.457552,18.347429,3.001603,1.909949
veh_002064,12358.135301,3.182202,25.359731,3.008775,1.861811
veh_002065,12364.682181,6.546880,24.132107,3.535976,1.060506
veh_002066,12371.921710,7.239529,23.497226,3.877060,1.436137
veh_002067,12377.181599,5.259889,20.819565,2.012812,2.197820
veh_002068,12381.528029,4.346430,22.727095,2.194615,1.617638
veh_002069,12388.521010,6.992982,22.505924,2.367870,1.874093
veh_002070,12394.672248,6.151238,21.754762,3.057775,2.212346
veh_002071,12401.501060,6.828811,25.336033,2.280495,1.883460
veh_002072,12407.263983,5.762923,21.608389,3.994947,1.380560
veh_002073,12416.760730,9.496748,21.369991,3.707170,1.777548
veh_002074,12421.389969,4.629238,23.033252,2.797874,1.774758
veh_002075,12426.645971,5.256002,22.084091,2.003028,1.973267
veh_002076,12433.418299,6.772328,22.989670,1.902639,1.815980
veh_002077,12440.515911,7.097613,21.204315,2.194752,2.164278
veh_002078,12444.447841,3.931930,20.768899,3.754803,1.780108
veh_002079,12452.393810,7.945969,22.040215,2.312833,1.778314
veh_002080,12456.206632,3.812822,18.558878,3.841646,1.817856
veh_002081,12462.216232,6.009599,22.064596,2.175596,1.528603
veh_002082,12467.755692,5.539460,24.909906,3.451524,2.283368
veh_002083,12472.694255,4.938563,20.352985,3.313735,1.823222
veh_002084,12480.394130,7.699876,22.057867,1.922844,1.888384
veh_002085,12482.873551,2.479421,25.233679,2.931882,1.639757
veh_002086,12487.777377,4.903826,20.345100,3.484701,2.059006
veh_002087,12492.423231,4.645854,22.062843,2.765425,2.213001
veh_002088,12499.735577,7.312346,20.937852,4.067414,2.213475
veh_002089,12508.061209,8.325632,23.851727,2.422106,1.303978
veh_002090,12515.224412,7.163203,22.740152,2.679739,1.722200
veh_002091,12523.317340,8.092928,22.536640,2.413706,2.248403
veh_002092,12525.980509,2.663169,23.485013,1.491761,1.324341
veh_002093,12532.225909,6.245400,23.026283,2.630519,1.739429
veh_002094,12536.151359,3.925450,20.225313,2.236535,1.248569
veh_002095,12541.588911,5.437552,23.720719,2.220077,2.021946
veh_002096,12547.955918,6.367007,24.535430,2.498657,1.904947
veh_002097,12554.097855,6.141937,23.415584,3.248439,1.932269
veh_002098,12562.161486,8.063631,23.476322,2.790591,1.630662
veh_002099,12565.193533,3.032047,23.010215,2.922591,2.005699
veh_002100,12569.939928,4.746395,23.200949,2.479828,2.209706
veh_002101,12573.718983,3.779055,22.064978,3.410687,2.233800
veh_002102,12577.260797,3.541814,25.333448,2.814952,2.013397
veh_002103,12584.769466,7.508669,23.248988,3.059319,1.475025
veh_002104,12591.043094,6.273628,20.895090,3.578930,2.475723
veh_002105,12599.378015,8.334921,23.891342,2.995239,1.583505
veh_002106,12607.155824,7.777810,21.946691,2.851233,1.806957
veh_002107,12613.258050,6.102225,22.404328,3.496952,2.106044
veh_002108,12617.803625,4.545575,22.191396,2.475191,2.139270
veh_002109,12625.291313,7.487688,21.508896,2.513611,1.991446
veh_002110,12630.253908,4.962595,24.030703,2.378346,2.076275
veh_002111,12634.454772,4.200864,25.703629,2.797690,2.100223
veh_002112,12638.729157,4.274385,19.897446,4.016961,2.054720
veh_002113,12644.911943,6.182786,21.541393,2.646909,1.583405
veh_002114,12652.810238,7.898295,23.594393,2.169975,2.483594
veh_002115,12658.889151,6.078913,23.181874,2.321157,2.091048
veh_002116,12666.725794,7.836643,20.265674,3.892674,1.694827
veh_002117,12672.862807,6.137013,21.338906,3.311441,1.523870
veh_002118,12678.223134,5.360327,21.995770,3.317417,1.578373
veh_002119,12688.304894,10.081761,21.245770,3.069767,1.631068
veh_002120,12697.036461,8.731567,23.674408,2.598443,1.721488
veh_002121,12703.331822,6.295360,23.852052,2.951295,1.942254
veh_002122,12708.083530,4.751708,22.627140,4.551434,1.927150
veh_002123,12711.669985,3.586456,23.672124,3.555196,2.023107
veh_002124,12718.272022,6.602036,25.123287,4.144152,1.782529
veh_002125,12723.888754,5.616732,21.753156,3.458724,1.855479
veh_002126,12730.589255,6.700501,22.694071,2.110504,1.614065
veh_002127,12737.073817,6.484562,25.408578,2.362455,1.749488
veh_002128,12743.728232,6.654414,19.710357,3.439420,1.275335
veh_002129,12751.441573,7.713341,19.523421,1.608023,1.653177
veh_002130,12757.912903,6.471330,20.703385,3.374740,1.691044
veh_002131,12762.827737,4.914834,18.487299,2.158853,2.084848
veh_002132,12767.671914,4.844177,22.742476,3.857664,1.350480
veh_002133,12774.546604,6.874690,24.209610,3.720041,1.657722
veh_002134,12778.938864,4.392260,24.650774,2.044121,1.946520
veh_002135,12786.016377,7.077513,21.135398,2.946954,1.279054
veh_002136,12793.087667,7.071290,19.605801,1.363428,1.899410
veh_002137,12799.021842,5.934175,24.624347,2.091567,1.659752
veh_002138,12803.849707,4.827865,21.394908,3.787081,1.695780
veh_002139,12807.185199,3.335492,21.844094,2.690421,1.515806
veh_002140,12811.499251,4.314053,20.697296,2.402142,1.461127
veh_002141,12815.060356,3.561105,22.626839,2.090191,1.908086
veh_002142,12821.100363,6.040007,19.331760,2.006525,2.176594
veh_002143,12826.436932,5.336569,24.774671,4.619074,2.214693
veh_002144,12831.055939,4.619008,21.500305,3.946979,1.494328
veh_002145,12838.364848,7.308908,22.610211,2.248750,2.078553
veh_002146,12844.558840,6.193992,23.604806,3.271146,2.092000
veh_002147,12850.630220,6.071380,21.961243,2.273975,2.057866
veh_002148,12857.467395,6.837175,26.406904,3.503571,1.909694
veh_002149,12865.022074,7.554679,22.691078,2.421253,1.851606
veh_002150,12868.617838,3.595764,17.946955,2.408304,1.754851
veh_002151,12875.677858,7.060020,24.921854,2.960249,1.545136
veh_002152,12878.964452,3.286595,22.457890,3.590591,1.881956
veh_002153,12883.772877,4.808425,21.507399,2.184673,1.431831
veh_002154,12891.291095,7.518218,23.279659,2.786294,1.729879
veh_002155,12898.327929,7.036834,21.202261,3.496019,2.089951
veh_002156,12905.325041,6.997111,22.653494,2.740588,1.787467
veh_002157,12911.598168,6.273127,21.875637,4.058354,1.582111
veh_002158,12919.717633,8.119465,21.665195,3.401146,1.886002
veh_002159,12923.406432,3.688799,21.250821,1.739052,2.037286
veh_002160,12928.948699,5.542267,24.424122,2.129759,1.839781
veh_002161,12935.019722,6.071024,24.623882,2.367667,1.827065
veh_002162,12944.072650,9.052928,20.862090,2.344730,1.633263
veh_002163,12951.612475,7.539825,26.621461,4.021523,1.828907
veh_002164,12959.170116,7.557641,19.984739,2.657356,1.851525
veh_002165,12964.028098,4.857982,24.125832,3.357419,1.647197
veh_002166,12973.402590,9.374492,23.169260,2.744533,1.758491
veh_002167,12980.110303,6.707713,21.027077,1.610828,1.503000
veh_002168,12984.601416,4.491113,19.095316,2.030171,2.161706
veh_002169,12994.119455,9.518039,20.340510,2.981220,1.801150
veh_002170,12997.979093,3.859638,25.010699,2.081027,1.872643
veh_002171,13002.676043,4.696950,23.586971,2.451960,1.917498
veh_002172,13008.325042,5.648998,22.725869,2.911152,1.625391
veh_002173,13012.854412,4.529370,23.645362,4.113264,1.334132
veh_002174,13019.645229,6.790817,24.910327,2.553591,1.695332
veh_002175,13026.060373,6.415144,23.759416,2.660770,1.811325
veh_002176,13032.230635,6.170262,25.389625,2.880595,2.147715
veh_002177,13041.071345,8.840710,23.520513,3.532662,2.091607
veh_002178,13044.620392,3.549046,19.455611,3.310677,1.809715
veh_002179,13052.669970,8.049579,22.516570,4.465638,1.387100
veh_002180,13057.432993,4.763022,24.306451,3.835676,2.393020
veh_002181,13065.626239,8.193246,20.155679,2.105221,1.157621
veh_002182,13074.484060,8.857821,22.826878,1.676482,1.762590
veh_002183,13083.936389,9.452330,19.160560,2.236356,1.995291
veh_002184,13089.650618,5.714229,25.437018,1.693291,1.483831
veh_002185,13093.905728,4.255111,21.572729,4.409622,1.622578
veh_002186,13100.397618,6.491889,25.173142,3.581534,1.991693
veh_002187,13106.317565,5.919947,20.551600,1.882166,1.517302
veh_002188,13109.673291,3.355726,23.214798,1.945251,1.821734
veh_002189,13116.776608,7.103317,23.490265,2.595206,2.027428
veh_002190,13121.392591,4.615983,20.085000,2.959258,1.987386
veh_002191,13129.555604,8.163013,22.446096,2.720701,1.929092
veh_002192,13137.003350,7.447745,23.373807,3.658287,1.610815
veh_002193,13142.581344,5.577994,22.704056,4.146563,1.985379
veh_002194,13148.635590,6.054247,23.393997,3.639396,1.832114
veh_002195,13154.271739,5.636149,22.168138,3.107875,1.926158
veh_002196,13159.585649,5.313910,23.598030,1.943412,1.795713
veh_002197,13170.233115,10.647466,22.968406,4.403760,1.747954
veh_002198,13174.828820,4.595705,20.565207,2.837938,2.070605
veh_002199,13180.911826,6.083006,21.442951,3.864037,1.829756
veh_002200,13188.399034,7.487207,20.328293,3.617938,1.802818
veh_002201,13193.822525,5.423491,25.528492,1.684828,2.101736
veh_002202,13198.879711,5.057186,23.470625,2.979834,1.440492
veh_002203,13202.886060,4.006348,19.955274,4.362323,1.781834
veh_002204,13210.674113,7.788053,23.317140,2.368203,1.852996
veh_002205,13217.742117,7.068004,20.811166,2.697372,1.840265
veh_002206,13224.447017,6.704900,21.013152,2.170262,2.147721
veh_002207,13228.183824,3.736806,23.982721,2.665087,1.810827
veh_002208,13234.939198,6.755374,23.569980,3.235360,1.755847
veh_002209,13241.367154,6.427957,25.332239,3.501064,2.361084
veh_002210,13246.860059,5.492904,19.472962,3.478984,1.202367
veh_002211,13250.794948,3.934889,23.498472,3.715017,1.760863
veh_002212,13256.709924,5.914976,23.047611,3.161804,1.374380
veh_002213,13261.403661,4.693737,24.433644,2.929486,1.593348
veh_002214,13267.523713,6.120052,21.846958,3.045492,2.330979
veh_002215,13273.618723,6.095010,24.520762,2.437638,1.490680
veh_002216,13279.111485,5.492763,19.653368,3.560858,1.601645
veh_002217,13286.434521,7.323035,21.833834,4.355403,2.069544
veh_002218,13292.335445,5.900924,23.128914,3.613472,1.659721
veh_002219,13299.129075,6.793630,21.361711,3.922465,1.685128
veh_002220,13305.756679,6.627603,21.325501,3.035981,1.716077
veh_002221,13313.268938,7.512260,21.880513,3.990555,2.022234
veh_002222,13317.822849,4.553910,25.313736,3.310158,1.951232
veh_002223,13323.304892,5.482043,20.597163,3.132161,1.668806
veh_002224,13330.687883,7.382992,24.904453,3.195781,1.604213
veh_002225,13336.918183,6.230299,24.399906,4.414866,1.413884
veh_002226,13344.606891,7.688708,21.185306,3.216838,2.233018
veh_002227,13351.724755,7.117864,18.705776,3.086972,1.639355
veh_002228,13357.057735,5.332980,21.906145,1.897353,1.942775
veh_002229,13364.378501,7.320766,25.553162,2.250140,1.405606
veh_002230,13369.992272,5.613771,21.613509,4.752483,1.938674
veh_002231,13377.427179,7.434907,20.482303,2.803947,2.136477
veh_002232,13386.207826,8.780647,21.735574,2.426188,1.830612
veh_002233,13393.845218,7.637392,24.073096,2.347239,1.650725
veh_002234,13403.279469,9.434251,24.454176,3.633763,1.451494
veh_002235,13406.952096,3.672627,20.702992,4.111342,1.874491
veh_002236,13412.129534,5.177438,20.600092,2.916988,1.401235
veh_002237,13417.730017,5.600483,19.723934,3.975823,2.029392
veh_002238,13423.129581,5.399564,22.472478,3.484268,2.121687
veh_002239,13429.688253,6.558672,24.711879,2.981519,2.033913
veh_002240,13435.136090,5.447837,19.175337,2.380719,1.485417
veh_002241,13442.795251,7.659161,20.403411,2.244383,1.702042
veh_002242,13450.272392,7.477141,20.940044,4.416270,1.432277
veh_002243,13456.892602,6.620210,21.514386,4.536797,1.870416
veh_002244,13461.374282,4.481680,26.553339,2.751197,2.217013
veh_002245,13468.195343,6.821061,25.737078,2.744500,1.730893
veh_002246,13475.206778,7.011435,22.128435,2.127381,2.035616
veh_002247,13481.737606,6.530828,24.236467,3.810150,1.797777
veh_002248,13487.782617,6.045011,22.216904,3.482928,2.130576
veh_002249,13495.883119,8.100502,21.964269,3.668350,1.423726
veh_002250,13501.060548,5.177429,24.504837,3.326067,1.501282
veh_002251,13506.510502,5.449954,25.685234,3.271202,1.851454
veh_002252,13513.511086,7.000584,19.042096,1.507119,1.921200
veh_002253,13520.307273,6.796187,22.992276,4.086512,1.337638
veh_002254,13527.586169,7.278896,25.699706,1.508635,2.016620
veh_002255,13533.160153,5.573984,22.341239,2.799694,1.503862
veh_002256,13537.188094,4.027941,23.359913,2.295788,1.653047
veh_002257,13541.331720,4.143627,22.683548,1.953002,1.786972
veh_002258,13546.682711,5.350991,21.511013,2.526748,1.516291
veh_002259,13553.871349,7.188638,23.210945,1.990586,2.068320
veh_002260,13561.059745,7.188396,20.601245,2.074460,1.584360
veh_002261,13564.335878,3.276133,25.004680,2.923180,2.072703
veh_002262,13571.136722,6.800844,22.893129,3.554722,1.701274
veh_002263,13577.005882,5.869160,22.961540,3.376831,1.487457
veh_002264,13581.442723,4.436841,21.079253,2.536574,1.397944
veh_002265,13590.728886,9.286163,19.002052,1.929988,2.139847
veh_002266,13597.124823,6.395937,21.990136,1.514602,1.483793
veh_002267,13604.365946,7.241123,21.736256,3.762257,1.647754
veh_002268,13614.217234,9.851288,19.112981,2.465917,1.994019
veh_002269,13619.345555,5.128321,24.168869,2.619178,2.070529
veh_002270,13624.750369,5.404815,24.978685,3.506182,1.529642
veh_002271,13632.983893,8.233523,23.513311,2.153184,1.593511
veh_002272,13637.022386,4.038494,20.937469,2.131053,2.068582
veh_002273,13643.133335,6.110949,21.068633,2.367071,1.161780
veh_002274,13649.202658,6.069323,24.310610,2.219830,1.399347
veh_002275,13656.657929,7.455272,25.259799,2.343187,1.410939
veh_002276,13663.266016,6.608086,22.862657,3.817211,1.480325
veh_002277,13667.896246,4.630230,19.724048,1.499340,1.062305
veh_002278,13675.354615,7.458369,24.053520,2.158642,2.055365
veh_002279,13682.622339,7.267724,19.297429,3.558945,1.814977
veh_002280,13687.045833,4.423494,24.598517,2.542895,2.480889
veh_002281,13692.014128,4.968295,23.447991,2.610854,1.968041
veh_002282,13697.225417,5.211289,22.571362,3.149141,1.816093
veh_002283,13701.501407,4.275990,19.672370,3.877091,1.782383
veh_002284,13709.098407,7.597000,23.208819,3.715377,2.347152
veh_002285,13714.612643,5.514236,22.030356,2.464938,1.984950
veh_002286,13720.195898,5.583255,23.281401,1.454254,1.781065
veh_002287,13724.639264,4.443366,21.540390,3.559142,2.117666
veh_002288,13730.047456,5.408192,18.884932,2.343731,2.372813
veh_002289,13738.274883,8.227427,22.955007,3.039143,1.330180
veh_002290,13745.397316,7.122432,21.056088,2.547258,1.310222
veh_002291,13748.971220,3.573904,20.196922,3.654577,1.580875
veh_002292,13753.486659,4.515439,22.559724,3.462315,1.706125
veh_002293,13760.440060,6.953402,25.114707,3.201840,1.798604
veh_002294,13765.692877,5.252817,21.468893,3.450196,1.328001
veh_002295,13770.863018,5.170141,21.923083,3.148733,2.117206
veh_002296,13775.572280,4.709262,23.815200,4.048818,1.445131
veh_002297,13779.575676,4.003396,22.216290,3.394191,1.466988
veh_002298,13785.718610,6.142934,21.191211,2.885749,1.853086
veh_002299,13791.148202,5.429592,19.483343,3.011778,1.935777
veh_002300,13798.858769,7.710567,19.882853,2.884997,1.406009
veh_002301,13804.758707,5.899938,25.420728,3.479784,1.921117
veh_002302,13809.310950,4.552243,19.557463,3.049184,1.854544
veh_002303,13816.351659,7.040708,20.704887,2.214863,1.864331
veh_002304,13824.370880,8.019221,22.185188,1.774590,1.867986
veh_002305,13829.267274,4.896395,24.082309,2.503632,1.751200
veh_002306,13832.713410,3.446136,24.637410,2.958153,1.314051
veh_002307,13837.994961,5.281551,24.186211,3.170797,2.098822
veh_002308,13841.970097,3.975135,23.036804,3.529323,1.964285
veh_002309,13850.432523,8.462427,22.148224,1.063799,1.908284
veh_002310,13854.350906,3.918383,22.223340,3.651076,1.589904
veh_002311,13859.859364,5.508458,24.603795,2.858779,2.071510
veh_002312,13868.069647,8.210282,19.134030,3.070267,2.150921
veh_002313,13875.376465,7.306819,20.604398,2.663644,1.509619
veh_002314,13880.605973,5.229508,26.183610,2.936485,1.812474
veh_002315,13885.431377,4.825404,17.949240,4.179832,1.847457
veh_002316,13891.159133,5.727755,19.604858,2.790000,1.407492
veh_002317,13896.798900,5.639767,19.823038,3.117349,1.612268
veh_002318,13905.043498,8.244598,21.342947,2.565206,2.146492
veh_002319,13910.811500,5.768002,21.957239,3.481975,1.642207
veh_002320,13914.786545,3.975045,21.658376,3.809587,2.169671
veh_002321,13922.265204,7.478659,24.498722,2.753866,1.905583
veh_002322,13929.820004,7.554799,21.482341,3.545453,1.740687
veh_002323,13935.479810,5.659806,19.754413,2.230468,2.321510
veh_002324,13942.637997,7.158188,20.213332,3.332233,2.164655
veh_002325,13948.714867,6.076870,21.258857,4.322280,2.092663
veh_002326,13952.904669,4.189803,24.816230,2.291764,1.534621
veh_002327,13958.783058,5.878388,22.163338,2.699724,2.212489
veh_002328,13963.066041,4.282983,21.555064,3.748974,1.864179
veh_002329,13968.114808,5.048767,21.985700,2.226154,1.624657
veh_002330,13972.706461,4.591653,19.646223,2.704875,1.274140
veh_002331,13979.205729,6.499267,21.902465,3.644349,2.354352
veh_002332,13985.485454,6.279726,24.848020,2.426575,2.262445
veh_002333,13989.505935,4.020481,22.973081,2.565278,1.740580
veh_002334,13994.126153,4.620217,21.886658,3.777802,1.524227
veh_002335,14000.122115,5.995962,22.937204,2.437936,1.874661
veh_002336,14006.818666,6.696552,24.472649,2.078133,1.362650
veh_002337,14012.927028,6.108362,21.111086,1.776401,1.824923
veh_002338,14015.616836,2.689808,18.451257,2.062620,1.893734
veh_002339,14023.547194,7.930357,23.305576,3.509986,1.950393
veh_002340,14032.205661,8.658468,20.505485,3.688780,1.510346
veh_002341,14040.581350,8.375689,24.636747,3.442360,2.080715
veh_002342,14047.397506,6.816156,24.483419,1.768738,1.746129
veh_002343,14054.405485,7.007979,21.718588,3.971281,1.896146
veh_002344,14059.424197,5.018711,24.294532,2.139430,1.967517
veh_002345,14065.707065,6.282868,22.737296,3.725300,1.653419
veh_002346,14070.011121,4.304056,25.309882,3.092928,1.590507
veh_002347,14076.193762,6.182641,22.257914,3.209918,1.936911
veh_002348,14080.049222,3.855461,22.083184,4.854416,2.052458
veh_002349,14086.927025,6.877803,19.313071,3.063245,1.419836
veh_002350,14092.395191,5.468166,23.095345,3.895830,2.451181
veh_002351,14099.545794,7.150603,20.511841,3.208597,1.974250
veh_002352,14105.819655,6.273861,23.073881,2.821361,1.826044
veh_002353,14111.130316,5.310661,21.019121,3.995848,1.561824
veh_002354,14118.395305,7.264989,23.500807,2.154181,2.213808
veh_002355,14122.635198,4.239893,20.812631,1.615049,1.884134
veh_002356,14128.237919,5.602721,20.816854,3.547092,1.477189
veh_002357,14133.431603,5.193684,23.459162,2.057728,1.955179
veh_002358,14140.547561,7.115959,23.933506,2.209711,1.907726
veh_002359,14146.434288,5.886727,22.424852,2.968738,1.465680
veh_002360,14152.839317,6.405028,18.850481,3.587343,1.484674
veh_002361,14159.627523,6.788207,21.883136,3.346885,1.338643
veh_002362,14162.108350,2.480827,25.466779,4.510776,1.588062
veh_002363,14166.718873,4.610523,21.551649,2.595299,1.568882
veh_002364,14172.892768,6.173895,23.099034,2.595520,1.701800
veh_002365,14180.411481,7.518714,22.645363,2.551161,2.184906
veh_002366,14187.270363,6.858882,22.187581,3.155733,2.014349
veh_002367,14195.236512,7.966149,23.538859,2.786564,1.938946
veh_002368,14200.904077,5.667564,24.048485,3.284089,1.910670
veh_002369,14207.055097,6.151021,24.391436,2.939559,1.587827
veh_002370,14212.305399,5.250302,20.283744,2.566581,2.010056
veh_002371,14217.651890,5.346492,21.674387,2.991651,1.748656
veh_002372,14222.406235,4.754345,21.575055,3.794124,1.838974
veh_002373,14227.591314,5.185079,22.999665,1.924251,2.085749
veh_002374,14233.305612,5.714298,23.041749,2.664452,1.860946
veh_002375,14238.328281,5.022669,23.003934,2.274241,1.969656
veh_002376,14244.368143,6.039862,24.127548,2.886845,2.242637
veh_002377,14247.640192,3.272049,25.254128,1.369187,1.524936
veh_002378,14254.282093,6.641901,24.137003,3.686710,1.662121
veh_002379,14260.548278,6.266185,25.132511,2.830772,2.115640
veh_002380,14267.217621,6.669343,20.856957,2.415779,1.756766
veh_002381,14272.522376,5.304755,22.134315,1.939398,2.061861
veh_002382,14277.760046,5.237670,21.957770,2.560719,1.795726
veh_002383,14285.233587,7.473541,22.693308,1.929060,2.009918
veh_002384,14291.001832,5.768244,19.628878,4.453449,1.728228
veh_002385,14299.981656,8.979824,20.615288,3.424057,2.066653
veh_002386,14303.872479,3.890823,22.314039,2.712236,2.009742
veh_002387,14309.501432,5.628953,18.826970,2.742216,2.050181
veh_002388,14313.810372,4.308940,22.625361,3.812134,1.364861
veh_002389,14318.630255,4.819883,22.131316,3.033356,1.858271
veh_002390,14323.445268,4.815013,24.231968,2.987530,1.860586
veh_002391,14328.724169,5.278902,25.421140,2.001142,1.689112
veh_002392,14335.898432,7.174263,22.822815,2.193229,1.282494
veh_002393,14340.182591,4.284159,23.899484,3.533059,2.516012
veh_002394,14347.097609,6.915018,21.057737,2.972110,1.572788
veh_002395,14350.936277,3.838668,22.821474,3.333589,2.162074
veh_002396,14356.327989,5.391711,19.569003,2.688862,2.337137
veh_002397,14364.307703,7.979714,25.714422,2.893219,1.742896
veh_002398,14371.000767,6.693064,26.335558,2.808970,1.939872
veh_002399,14377.409187,6.408421,21.877899,1.279736,1.399985
veh_002400,14384.354346,6.945159,20.439566,2.691169,1.581302
veh_002401,14391.218309,6.863963,22.592453,3.685575,1.878917
veh_002402,14398.160317,6.942008,21.318322,2.363367,1.603144
veh_002403,14406.265812,8.105495,20.256921,3.866445,2.290149
veh_002404,14410.708130,4.442318,21.542300,2.866079,1.841520
veh_002405,14416.602021,5.893891,18.128418,3.122204,1.279332
veh_002406,14423.557925,6.955903,23.363759,2.456370,1.903253
veh_002407,14430.682388,7.124463,24.763379,2.341837,1.490702
veh_002408,14437.519475,6.837087,19.776818,2.770979,2.052227
veh_002409,14445.479280,7.959805,20.175524,3.441467,1.742835
veh_002410,14450.727787,5.248507,25.260932,3.646772,1.549396
veh_002411,14454.703207,3.975420,24.250874,3.512646,1.892364
veh_002412,14462.611787,7.908580,23.216181,2.393319,1.865011
veh_002413,14468.610583,5.998795,23.218684,2.679159,2.337248
veh_002414,14473.787553,5.176970,20.381056,3.330386,1.809248
veh_002415,14479.841192,6.053639,21.227184,3.224243,1.702791
veh_002416,14485.192778,5.351586,20.540835,2.342401,1.295297
veh_002417,14492.702090,7.509312,20.906248,2.176659,1.890711
veh_002418,14500.037340,7.335250,24.359690,3.691837,1.297950
veh_002419,14506.504939,6.467599,25.486726,1.754421,2.198273
veh_002420,14513.316244,6.811304,24.221743,2.868306,1.646637
veh_002421,14519.365155,6.048911,22.522097,4.488687,1.608612
veh_002422,14526.904918,7.539763,24.956118,3.703802,1.737443
veh_002423,14529.359939,2.455021,20.615747,2.522551,1.283118
veh_002424,14533.607646,4.247707,21.331610,1.883346,2.092721
veh_002425,14539.547751,5.940104,22.999773,3.842780,2.214133
veh_002426,14544.927534,5.379784,21.105431,3.423861,1.863183
veh_002427,14549.501761,4.574227,19.776219,3.278147,2.099025
veh_002428,14556.431714,6.929953,23.237439,4.469879,1.757017
veh_002429,14560.964138,4.532424,22.562245,2.904011,1.628478
veh_002430,14567.290180,6.326042,24.592157,2.598627,1.691709
veh_002431,14573.476615,6.186435,23.182830,3.703606,1.933986
veh_002432,14579.563160,6.086545,21.473529,2.437240,2.376580
veh_002433,14584.319383,4.756223,19.559486,2.806720,1.775059
veh_002434,14590.029635,5.710252,22.770023,2.715294,2.621071
veh_002435,14597.870040,7.840405,21.553632,3.587277,2.197486
veh_002436,14604.685325,6.815285,20.725903,1.858682,2.092888
veh_002437,14612.129583,7.444258,25.801786,2.804487,1.698527
veh_002438,14618.009460,5.879877,21.703115,3.409215,1.676482
veh_002439,14621.456036,3.446575,19.361076,3.306229,1.734665
veh_002440,14626.756333,5.300298,23.848647,2.946977,1.556776
veh_002441,14632.530317,5.773983,24.914164,2.922826,1.366327
veh_002442,14640.482579,7.952262,24.070891,3.158743,1.608949
veh_002443,14648.186510,7.703931,23.921903,2.688105,1.617009
veh_002444,14654.823777,6.637268,19.726636,2.145339,1.917833
veh_002445,14659.538986,4.715209,21.701487,1.680942,1.923067
veh_002446,14665.731657,6.192671,20.422154,3.069431,1.885764
veh_002447,14671.339059,5.607403,20.492545,3.731170,2.039493
veh_002448,14676.973797,5.634738,21.593459,4.258281,1.677874
veh_002449,14681.123514,4.149717,22.595335,2.732311,1.780481
veh_002450,14687.819371,6.695857,22.503772,3.745836,1.686878
veh_002451,14693.774607,5.955236,21.317419,2.970543,1.477357
veh_002452,14700.981179,7.206573,22.966116,2.854387,1.824899
veh_002453,14704.788740,3.807560,23.973036,2.587090,1.729727
veh_002454,14709.098267,4.309527,24.189885,4.439714,1.787966
veh_002455,14720.567676,11.469409,19.367091,3.176995,1.563337
veh_002456,14725.247601,4.679925,21.760201,2.506536,2.472457
veh_002457,14731.678975,6.431374,21.390446,3.132693,1.905810
veh_002458,14738.335607,6.656633,23.185507,1.975826,1.565537
veh_002459,14742.862329,4.526722,23.992522,3.634347,2.037429
veh_002460,14751.453740,8.591411,25.676946,3.331613,1.874734
veh_002461,14757.355310,5.901570,23.488172,2.427106,1.493177
veh_002462,14763.579530,6.224220,23.714043,3.415098,1.897843
veh_002463,14772.307109,8.727580,21.710481,2.707763,1.728274
veh_002464,14777.120578,4.813469,18.939261,3.050467,1.515166
veh_002465,14782.389116,5.268539,24.635690,3.760907,1.731032
veh_002466,14787.870847,5.481731,25.132410,3.088110,1.313383
veh_002467,14791.811878,3.941030,22.874506,2.782518,2.012243
veh_002468,14798.225637,6.413759,20.597138,2.716825,1.789048
veh_002469,14804.935218,6.709581,22.455162,3.429011,1.845884
veh_002470,14811.210198,6.274980,22.692354,4.666056,2.083576
veh_002471,14818.193943,6.983746,20.864105,2.286369,1.676762
veh_002472,14825.492424,7.298481,21.555565,3.148643,1.988153
veh_002473,14832.000478,6.508054,24.862026,1.057991,2.014534
veh_002474,14837.638317,5.637838,20.853003,3.035627,1.657592
veh_002475,14845.468942,7.830625,24.174774,3.551511,1.982623
veh_002476,14850.423946,4.955004,20.169977,2.231744,2.144054
veh_002477,14858.518482,8.094536,19.433666,4.118623,1.662985
veh_002478,14864.229048,5.710565,20.981797,1.656362,1.824981
veh_002479,14871.376252,7.147204,20.370077,3.602362,1.811205
veh_002480,14880.116080,8.739828,23.389381,2.115301,1.456025
veh_002481,14882.718883,2.602804,21.486011,2.477911,2.171166
veh_002482,14888.430493,5.711609,26.006021,2.567291,1.444209
veh_002483,14893.824570,5.394077,20.302497,2.347449,2.052501
veh_002484,14902.385650,8.561080,21.429528,3.033880,1.720479
veh_002485,14907.775416,5.389766,19.830626,3.329681,1.060385
veh_002486,14917.868946,10.093529,18.453111,4.395451,2.128039
veh_002487,14921.577091,3.708146,24.649260,1.738497,1.598849
veh_002488,14928.101350,6.524258,20.691409,4.050874,2.144490
veh_002489,14933.521897,5.420547,22.851716,2.478487,1.928310
veh_002490,14940.279532,6.757636,18.272583,2.256963,1.775062
veh_002491,14945.431817,5.152284,22.347206,4.117510,2.207042
veh_002492,14950.755269,5.323452,20.639332,2.992057,2.095805
veh_002493,14954.021027,3.265758,18.394702,2.809520,2.073244
veh_002494,14960.183287,6.162261,20.991613,4.215519,1.889965
veh_002495,14963.936404,3.753117,25.788408,3.431657,1.694465
veh_002496,14967.971901,4.035497,20.640095,3.041980,1.558900
veh_002497,14974.102206,6.130305,21.879763,3.316426,1.531457
veh_002498,14979.920182,5.817976,22.262232,2.946208,1.853629
veh_002499,14987.460817,7.540635,19.077024,3.537630,2.034280
veh_002500,14991.431123,3.970306,20.324451,2.640013,2.083037
veh_002501,14998.062641,6.631518,22.794407,2.459724,1.597666
veh_002502,15004.546391,6.483750,26.215894,2.856317,2.035836
veh_002503,15010.092834,5.546443,22.272931,2.465337,1.502410
veh_002504,15014.887381,4.794547,24.665346,4.253669,1.551847
veh_002505,15020.768743,5.881361,22.714798,3.034878,2.257658
veh_002506,15028.094721,7.325979,25.163885,3.677083,1.666903
veh_002507,15033.534088,5.439366,26.112232,4.606174,1.993680
veh_002508,15040.805030,7.270943,20.200501,4.092159,1.604443
veh_002509,15046.394318,5.589288,20.397486,2.055221,1.774107
veh_002510,15054.981511,8.587193,21.783338,1.643232,1.950346
veh_002511,15061.021717,6.040205,23.939564,3.183635,2.265433
veh_002512,15066.758403,5.736686,23.343786,2.243968,1.442851
veh_002513,15070.342161,3.583758,22.467077,3.446422,1.581060
veh_002514,15074.201433,3.859272,24.286274,2.247516,1.650614
veh_002515,15080.773369,6.571935,24.185953,3.462023,2.102524
veh_002516,15086.432194,5.658825,23.806017,2.789948,2.213936
veh_002517,15092.854109,6.421915,21.754167,2.974352,1.961613
veh_002518,15097.827146,4.973037,22.638868,2.382320,2.185621
veh_002519,15103.601489,5.774343,19.574419,2.558519,1.396893
veh_002520,15108.665947,5.064458,25.397866,1.820207,1.931784
veh_002521,15115.108745,6.442798,20.009205,3.455456,1.757606
veh_002522,15120.781498,5.672754,23.931943,1.296135,1.709913
veh_002523,15129.578476,8.796977,25.651161,3.162222,2.212931
veh_002524,15134.546360,4.967884,21.881070,2.952200,1.515693
veh_002525,15142.224575,7.678215,25.084829,1.647684,1.461155
veh_002526,15146.642835,4.418261,24.991806,2.827584,1.768998
veh_002527,15151.944837,5.302002,21.052958,3.959297,1.964847
veh_002528,15156.682521,4.737684,23.743451,3.546061,1.305055
veh_002529,15164.571977,7.889456,20.552603,3.691468,1.538093
veh_002530,15171.227461,6.655484,23.792869,3.763313,1.851191
veh_002531,15177.433221,6.205760,24.013324,3.303813,1.591871
veh_002532,15183.784903,6.351682,22.496277,3.259315,1.572757
veh_002533,15188.158351,4.373447,22.310153,2.814875,1.514382
veh_002534,15196.262720,8.104370,23.956730,1.515968,1.749582
veh_002535,15204.347014,8.084293,24.463007,3.720711,1.834775
veh_002536,15210.295564,5.948550,19.917723,1.517757,1.575170
veh_002537,15216.315455,6.019891,25.808071,2.343947,1.203118
veh_002538,15223.289158,6.973703,18.473268,1.984104,1.998343
veh_002539,15229.026277,5.737119,21.646882,2.899398,1.860339
veh_002540,15234.726012,5.699735,20.455391,3.129397,1.838162
veh_002541,15239.986806,5.260793,20.045599,1.781561,1.301254
veh_002542,15245.467969,5.481164,23.887497,3.678801,1.526380
veh_002543,15250.753879,5.285910,23.438244,3.199792,1.943323
veh_002544,15257.848659,7.094779,21.385261,3.267690,2.672579
veh_002545,15263.356214,5.507555,20.485897,2.460232,1.356922
veh_002546,15268.713667,5.357453,22.895594,4.381662,1.550785
veh_002547,15273.773433,5.059766,22.777925,3.481508,2.151776
veh_002548,15277.524188,3.750755,23.180024,2.397675,2.265920
veh_002549,15285.864461,8.340273,25.630954,4.734611,1.620717
veh_002550,15292.627355,6.762894,23.556172,3.728513,1.642055
veh_002551,15299.927106,7.299751,19.787765,2.564019,1.685283
veh_002552,15305.132260,5.205154,23.960788,3.543025,2.110081
veh_002553,15313.318060,8.185801,22.937952,3.490273,2.246626
veh_002554,15319.535865,6.217804,21.490332,3.194311,1.617925
veh_002555,15327.714819,8.178955,20.088867,2.783580,2.162170
veh_002556,15333.694759,5.979940,24.052907,2.682799,1.905469
veh_002557,15339.627762,5.933003,22.078918,2.626025,1.874847
veh_002558,15344.835830,5.208068,23.285118,2.995620,1.770211
veh_002559,15350.952061,6.116230,23.330810,3.009982,1.744391
veh_002560,15357.289537,6.337476,21.723453,2.835125,1.184056
veh_002561,15365.528582,8.239045,19.421418,3.050580,2.374969
veh_002562,15373.838151,8.309569,23.663934,2.617113,1.836095
veh_002563,15379.973071,6.134920,21.943804,1.941064,1.421579
veh_002564,15387.801629,7.828558,21.560125,2.971578,1.508608
veh_002565,15393.096190,5.294561,26.603370,2.252642,1.389391
veh_002566,15399.470757,6.374567,19.770742,2.821742,2.015426
veh_002567,15406.801440,7.330682,25.531958,2.583913,2.090200
veh_002568,15413.436091,6.634651,20.538061,3.577621,1.440800
veh_002569,15419.352011,5.915920,23.865760,4.201139,1.662532
veh_002570,15424.659765,5.307754,22.482294,3.155248,2.309087
veh_002571,15429.460116,4.800351,20.016227,1.516461,1.667907
veh_002572,15438.313057,8.852941,23.924015,1.883660,1.973562
veh_002573,15445.996396,7.683339,22.223533,3.642574,1.956998
veh_002574,15453.958061,7.961666,22.837463,2.919491,1.709600
veh_002575,15459.973970,6.015909,22.240177,4.424947,1.984483
veh_002576,15465.172266,5.198296,19.597010,2.843234,2.082503
veh_002577,15472.004307,6.832041,23.963010,2.414639,2.067150
veh_002578,15477.967375,5.963068,24.746022,2.655951,1.780147
veh_002579,15483.775259,5.807884,20.711515,3.109101,1.965949
veh_002580,15489.737974,5.962716,26.090928,2.746027,1.418011
veh_002581,15494.788547,5.050573,24.742138,3.469331,1.991707
veh_002582,15499.481424,4.692877,25.386783,2.892492,1.792847
veh_002583,15505.117818,5.636393,21.494906,2.291203,1.718810
veh_002584,15509.039685,3.921867,22.026305,3.003166,1.818925
veh_002585,15515.937060,6.897375,26.431402,3.749566,1.720945
veh_002586,15523.194886,7.257826,21.190822,3.280093,1.513459
veh_002587,15528.040577,4.845692,19.072595,3.199734,1.990101
veh_002588,15531.299432,3.258855,25.329509,3.417269,1.777758
veh_002589,15537.889802,6.590369,22.993428,2.853093,2.090681
veh_002590,15544.247450,6.357649,21.251057,2.265808,2.093064
veh_002591,15550.278211,6.030761,21.504811,3.382915,1.936422
veh_002592,15554.276569,3.998358,22.348517,3.555693,1.997307
veh_002593,15557.399958,3.123389,23.313765,2.964262,1.849824
veh_002594,15565.967297,8.567339,21.544886,3.649066,1.971880
veh_002595,15571.642685,5.675388,23.033907,3.867302,1.876253
veh_002596,15578.399284,6.756599,24.736940,3.030536,1.586600
veh_002597,15584.293159,5.893875,22.040940,3.253264,2.056100
veh_002598,15590.913469,6.620310,23.767408,2.577231,1.730073
veh_002599,15594.996070,4.082601,24.784820,3.540453,1.705525
veh_002600,15600.327506,5.331436,22.280052,2.500079,1.112352
veh_002601,15604.294462,3.966955,20.951138,2.729089,1.707789
veh_002602,15608.663732,4.369271,20.716898,2.883707,2.071284
veh_002603,15613.600202,4.936470,22.896162,3.651795,2.028368
veh_002604,15616.890378,3.290176,23.487517,1.947070,1.826576
veh_002605,15622.198579,5.308201,18.816346,2.972707,1.926084
veh_002606,15627.132246,4.933667,24.926993,2.125193,2.066869
veh_002607,15631.352924,4.220678,25.074881,1.289778,1.141169
veh_002608,15637.153665,5.800741,23.994003,2.894447,1.616843
veh_002609,15643.136654,5.982989,24.986262,3.596518,1.818161
veh_002610,15647.881194,4.744540,22.549520,1.929780,2.662699
veh_002611,15656.899151,9.017957,22.847872,3.387734,2.422453
veh_002612,15663.976462,7.077311,21.780394,2.988344,1.708776
veh_002613,15671.658947,7.682485,20.628551,2.655275,1.285882
veh_002614,15677.166372,5.507425,19.897938,3.402840,1.283307
veh_002615,15684.506771,7.340399,19.160091,3.162729,1.025869
veh_002616,15691.655134,7.148363,19.916458,3.585255,1.503888
veh_002617,15696.127373,4.472239,18.462960,3.110365,2.161855
veh_002618,15701.104058,4.976685,21.715275,1.692353,1.438095
veh_002619,15711.476892,10.372833,22.541175,3.721702,1.953335
veh_002620,15716.860065,5.383173,22.999726,1.989794,1.920175
veh_002621,15723.590357,6.730292,24.601884,3.350683,1.445902
veh_002622,15729.268455,5.678098,22.115190,3.900372,1.444794
veh_002623,15736.515550,7.247096,25.333447,3.447052,1.975516
veh_002624,15741.023672,4.508122,21.611962,3.443794,2.458905
veh_002625,15745.515734,4.492061,22.004866,2.825475,1.783694
veh_002626,15753.217245,7.701511,22.730840,2.152649,1.934239
veh_002627,15759.515043,6.297799,21.666306,3.292645,2.144718
veh_002628,15761.798612,2.283569,23.983936,3.265044,1.770310
veh_002629,15767.833734,6.035122,22.617365,4.484913,1.737507
veh_002630,15773.560782,5.727048,21.446758,2.721467,1.454232
veh_002631,15780.626784,7.066002,23.123051,2.638771,1.610347
veh_002632,15787.108365,6.481581,22.755703,2.521984,1.691852
veh_002633,15793.621661,6.513295,24.850542,2.877299,2.138489
veh_002634,15799.752857,6.131197,22.658523,3.368610,2.267345
veh_002635,15806.188560,6.435703,19.917004,2.825917,2.108135
veh_002636,15810.459625,4.271065,23.319879,2.942541,1.087849
veh_002637,15815.237276,4.777650,23.969938,1.851332,1.887516
veh_002638,15819.958810,4.721534,22.056317,2.120387,1.651298
veh_002639,15823.947071,3.988261,23.172101,5.009817,2.140592
veh_002640,15831.129451,7.182381,24.360148,3.831724,1.822967
veh_002641,15838.745827,7.616376,19.048114,3.300915,1.612613
veh_002642,15845.666820,6.920993,25.736260,3.101045,1.400323
veh_002643,15850.764973,5.098152,21.219416,2.438289,1.586637
veh_002644,15855.959280,5.194308,23.374144,3.477548,1.698380
veh_002645,15861.299468,5.340188,24.141369,2.424961,1.852425
veh_002646,15868.968816,7.669347,23.858261,2.581076,1.817665
veh_002647,15875.758758,6.789942,23.553552,4.766170,1.797750
veh_002648,15884.367123,8.608365,23.469717,3.059545,1.730158
veh_002649,15888.912757,4.545634,23.870177,2.669663,1.679936
veh_002650,15894.574302,5.661546,20.309506,2.968710,1.850796
veh_002651,15898.683283,4.108980,21.400163,2.249723,1.514414
veh_002652,15902.557420,3.874137,19.084359,3.724981,2.300643
veh_002653,15908.324530,5.767110,25.757956,2.638446,1.836665
veh_002654,15913.820971,5.496441,21.672356,1.962217,1.403548
veh_002655,15919.051746,5.230775,25.024448,2.935747,1.616786
veh_002656,15922.749660,3.697914,23.694459,4.009836,2.389899
veh_002657,15929.044815,6.295155,24.795911,3.847905,1.818320
veh_002658,15934.619010,5.574196,21.562343,2.721970,1.954966
veh_002659,15941.991309,7.372298,22.604678,3.621824,1.830286
veh_002660,15948.817062,6.825754,24.450879,1.913157,1.281474
veh_002661,15952.849450,4.032387,22.228625,3.680102,1.832105
veh_002662,15959.442988,6.593538,25.232854,3.641089,1.680830
veh_002663,15964.544685,5.101698,23.124280,3.683382,1.708374
veh_002664,15972.843444,8.298759,19.078456,2.677030,1.444393
veh_002665,15978.799061,5.955617,22.723797,3.714386,2.255015
veh_002666,15984.043791,5.244730,20.821358,2.189638,1.485153
veh_002667,15989.433979,5.390188,21.292584,2.501484,1.657669
veh_002668,15993.182634,3.748654,19.607174,3.746627,1.722264
veh_002669,16001.094319,7.911685,23.794434,3.792142,2.035578
veh_002670,16010.273351,9.179032,20.534172,2.652192,1.657167
veh_002671,16013.678656,3.405305,21.694921,3.934366,1.622198
veh_002672,16019.300966,5.622311,19.826494,3.238275,2.189506
veh_002673,16025.135359,5.834393,22.143105,2.537305,2.050585
veh_002674,16030.243944,5.108585,19.967870,2.635217,1.432223
veh_002675,16038.070248,7.826305,25.825823,1.863599,2.274852
veh_002676,16045.941407,7.871159,23.229511,3.146002,1.788229
veh_002677,16051.573392,5.631985,19.662542,2.774720,1.743963
veh_002678,16060.680315,9.106923,22.767475,3.419017,1.704371
veh_002679,16066.729471,6.049156,22.593795,1.965184,1.751959
veh_002680,16072.366615,5.637144,26.634725,3.193852,1.886758
veh_002681,16078.786320,6.419705,24.293144,3.197322,1.894661
veh_002682,16083.667271,4.880951,20.314714,3.785771,2.154187
veh_002683,16091.846971,8.179699,21.844525,2.947174,1.797630
veh_002684,16098.771925,6.924954,18.788434,3.857597,2.212463
veh_002685,16104.239506,5.467581,20.866621,3.237304,1.366887
veh_002686,16109.961228,5.721722,23.798309,3.649559,1.799583
veh_002687,16114.599570,4.638342,22.666503,3.646068,1.938773
veh_002688,16120.993334,6.393764,22.878496,4.209100,2.307587
veh_002689,16125.052877,4.059543,24.525773,2.196531,1.551694
veh_002690,16131.057632,6.004755,23.567228,3.446721,1.598292
veh_002691,16136.281824,5.224192,22.699536,2.641249,1.630020
veh_002692,16143.132407,6.850584,25.352988,2.540421,1.677678
veh_002693,16150.696260,7.563852,25.805614,3.808993,2.036888
veh_002694,16157.876667,7.180407,22.040313,3.995302,1.755737
veh_002695,16163.692811,5.816144,18.222608,2.023114,2.349640
veh_002696,16168.628375,4.935564,19.739439,2.634141,1.949217
veh_002697,16174.178882,5.550507,20.067164,2.767801,2.267707
veh_002698,16180.153933,5.975051,25.498208,2.583594,2.146592
veh_002699,16186.885811,6.731878,23.281610,3.422228,2.126727
veh_002700,16192.033549,5.147738,20.236184,3.037223,2.031464
veh_002701,16196.582630,4.549081,23.412988,2.627863,1.648216
veh_002702,16202.842770,6.260140,25.722895,2.138832,1.440856
veh_002703,16210.880973,8.038203,21.756922,2.108562,1.279900
veh_002704,16219.689460,8.808487,22.102980,3.500818,1.281054
veh_002705,16226.879260,7.189800,20.953887,3.034620,1.483600
veh_002706,16231.393864,4.514604,18.845505,4.149408,2.174780
veh_002707,16239.506754,8.112890,18.955893,3.319066,2.188500
veh_002708,16244.238263,4.731510,25.524496,2.825453,2.121703
veh_002709,16249.082405,4.844142,23.584944,3.122281,2.016032
veh_002710,16255.723822,6.641416,21.125010,2.990788,1.566842
veh_002711,16259.653334,3.929512,21.221057,2.510179,1.827021
veh_002712,16266.855854,7.202520,25.141854,2.989870,1.163590
veh_002713,16272.775410,5.919556,21.838361,2.673434,1.235652
veh_002714,16279.374094,6.598684,24.216987,3.027280,2.147692
veh_002715,16284.138951,4.764856,24.411662,1.950076,2.091362
veh_002716,16291.408592,7.269641,22.866179,2.739881,1.793113
veh_002717,16298.178277,6.769685,24.866498,1.417081,1.571568
veh_002718,16303.633285,5.455007,24.594305,3.894306,1.316730
veh_002719,16311.051206,7.417922,19.299101,1.774611,2.617161
veh_002720,16313.060777,2.009571,23.887331,2.731899,1.943133
veh_002721,16319.604245,6.543467,21.095645,3.607566,1.761460
veh_002722,16325.442938,5.838693,19.104847,2.567426,1.610526
veh_002723,16330.250440,4.807502,20.700246,4.321880,1.914100
veh_002724,16336.516254,6.265814,25.505509,1.975376,1.875513
veh_002725,16343.265955,6.749701,20.431060,2.882922,2.020113
veh_002726,16348.160512,4.894556,23.413619,2.868170,1.217666
veh_002727,16353.981222,5.820710,24.032762,1.281268,1.691589
veh_002728,16359.919092,5.937870,23.369318,4.148733,1.804632
veh_002729,16366.508429,6.589337,19.198718,2.314150,1.935724
veh_002730,16374.348591,7.840162,21.102450,2.406857,1.338984
veh_002731,16379.652666,5.304075,20.084330,1.777130,1.579349
veh_002732,16387.628043,7.975377,25.904422,1.955750,1.331691
veh_002733,16391.671710,4.043667,20.438060,2.675113,1.164186
veh_002734,16398.122876,6.451166,22.516529,3.585270,1.793104
veh_002735,16401.543463,3.420587,19.700263,2.304836,1.990542
veh_002736,16407.651128,6.107666,19.788006,2.623055,1.951211
veh_002737,16414.734510,7.083381,22.656473,2.197249,1.380085
veh_002738,16423.768964,9.034454,18.099400,2.833825,1.563672
veh_002739,16429.842999,6.074035,22.988128,3.555126,1.645202
veh_002740,16434.720526,4.877528,21.669355,3.341242,1.642862
veh_002741,16442.260270,7.539744,21.141219,1.323390,1.651820
veh_002742,16448.322006,6.061736,20.534506,4.079718,2.192719
veh_002743,16454.469513,6.147507,20.333450,3.202310,1.616280
veh_002744,16461.845040,7.375527,20.379589,2.521329,2.157098
veh_002745,16469.484165,7.639125,19.875566,4.701418,2.256201
veh_002746,16472.885971,3.401806,21.219636,3.059423,1.976458
veh_002747,16478.963296,6.077325,20.600607,3.488898,1.977866
veh_002748,16484.938703,5.975406,26.037151,2.329945,1.616596
veh_002749,16489.334348,4.395645,26.172158,2.776449,1.810202
veh_002750,16492.898498,3.564150,21.037216,2.187279,2.144017
veh_002751,16498.798229,5.899731,19.820505,3.392971,1.790685
veh_002752,16504.102631,5.304402,19.688661,4.036238,1.670840
veh_002753,16509.015584,4.912953,18.702173,3.067936,1.935381
veh_002754,16514.809531,5.793948,21.427496,3.273945,1.842015
veh_002755,16520.282995,5.473464,22.383982,3.559951,1.545109
veh_002756,16526.309388,6.026393,19.563330,3.139930,1.600073
veh_002757,16534.674574,8.365187,26.725379,2.179898,1.598756
veh_002758,16540.629381,5.954807,22.874068,2.540385,1.815743
veh_002759,16549.449936,8.820555,20.687093,2.513574,2.308261
veh_002760,16557.316084,7.866148,20.643614,3.998560,1.892003
veh_002761,16564.767459,7.451374,19.116929,3.233123,1.684047
veh_002762,16569.674702,4.907244,23.583034,2.372244,1.960933
veh_002763,16575.234550,5.559847,24.166755,1.904002,1.554717
veh_002764,16579.854963,4.620413,24.238509,1.642548,1.256256
veh_002765,16586.478775,6.623812,24.480717,3.669975,2.428458
veh_002766,16592.378183,5.899408,20.352311,2.052134,1.420042
veh_002767,16599.040731,6.662547,24.653853,2.280023,1.750469
veh_002768,16605.494517,6.453787,21.633238,1.641305,1.675764
veh_002769,16611.746288,6.251770,21.918300,3.760285,1.786262
veh_002770,16617.210924,5.464637,23.341513,2.994543,1.423475
veh_002771,16621.751437,4.540513,24.893177,4.476702,1.531640
veh_002772,16627.088909,5.337472,24.014565,3.289961,1.604449
veh_002773,16634.163833,7.074924,21.012145,3.990192,1.828619
veh_002774,16639.918010,5.754176,20.524225,2.609055,2.001910
veh_002775,16645.827972,5.909963,25.275593,1.929668,1.887217
veh_002776,16653.129689,7.301716,20.383437,2.207219,1.845633
veh_002777,16659.861053,6.731364,23.776462,3.057741,1.711599
veh_002778,16663.648842,3.787788,25.148197,2.973285,1.713851
veh_002779,16669.528222,5.879381,22.913390,2.720541,1.696895
veh_002780,16674.221280,4.693058,24.285721,2.815595,2.135132
veh_002781,16680.140006,5.918725,21.303097,3.154645,1.958669
veh_002782,16686.725412,6.585407,22.117141,3.116187,2.530245
veh_002783,16693.489535,6.764122,23.306703,2.594582,1.825170
veh_002784,16701.985211,8.495677,18.210840,4.043691,1.966043
veh_002785,16707.233986,5.248775,25.618133,2.105869,1.337735
veh_002786,16712.791571,5.557585,22.483059,2.762727,1.887950
veh_002787,16719.652613,6.861042,21.562876,3.335038,2.572308
veh_002788,16727.095592,7.442979,18.174365,2.805753,1.141464
veh_002789,16731.548456,4.452864,23.300567,3.457497,1.661953
veh_002790,16738.578531,7.030076,17.944426,3.891243,1.975425
veh_002791,16745.576750,6.998218,21.489977,2.897506,1.829192
veh_002792,16751.351215,5.774465,23.531176,4.632824,1.488319
veh_002793,16756.929562,5.578347,19.466106,2.741208,1.678211
veh_002794,16764.028534,7.098972,18.437314,2.510939,1.926905
veh_002795,16770.669289,6.640755,21.299208,2.201131,1.599706
veh_002796,16777.270343,6.601054,23.304095,2.742960,1.778830
veh_002797,16782.172654,4.902310,22.539166,2.978312,1.929581
veh_002798,16785.589199,3.416545,23.791850,2.771764,2.059107
veh_002799,16791.448194,5.858995,20.798823,2.571913,1.957225
veh_002800,16797.041546,5.593352,23.217435,5.085392,2.382301
veh_002801,16803.728768,6.687222,21.845372,2.668459,2.180315
veh_002802,16808.581998,4.853231,22.615949,2.067456,2.332707
veh_002803,16815.534044,6.952046,24.349643,3.685957,1.616924
veh_002804,16822.148458,6.614414,20.844853,3.739614,1.892545
veh_002805,16827.038264,4.889806,22.597302,3.095107,1.550014
veh_002806,16834.455807,7.417543,20.627372,2.604821,2.025409
veh_002807,16839.941432,5.485625,21.809087,3.438143,1.590240
veh_002808,16844.896729,4.955296,23.429022,3.613906,2.039548
veh_002809,16851.273029,6.376301,24.389345,4.497623,2.095872
veh_002810,16857.250960,5.977931,22.634795,2.660231,1.906799
veh_002811,16861.893380,4.642420,24.394627,1.250079,1.809416
veh_002812,16868.823589,6.930209,22.542893,3.117875,1.501776
veh_002813,16874.809857,5.986268,25.600806,2.141520,1.619763
veh_002814,16879.672537,4.862680,23.764022,1.965296,1.937955
veh_002815,16883.041588,3.369051,21.540975,3.084634,2.009410
veh_002816,16889.681214,6.639626,19.170336,2.200255,2.078250
veh_002817,16895.829750,6.148536,22.013274,1.936857,2.190513
veh_002818,16902.008824,6.179074,26.428445,3.132240,1.780021
veh_002819,16910.074061,8.065237,21.941615,2.921058,1.802999
veh_002820,16912.338139,2.264078,18.271172,3.225170,1.858863
veh_002821,16920.241950,7.903811,22.971324,2.723723,1.961331
veh_002822,16928.287648,8.045698,21.151329,3.499569,1.789399
veh_002823,16932.817534,4.529886,21.210031,2.906385,1.739204
veh_002824,16940.339546,7.522012,22.234036,2.417117,2.065078
veh_002825,16945.121606,4.782060,23.398610,3.185203,1.088211
veh_002826,16949.557847,4.436241,22.279129,2.616058,1.842000
veh_002827,16955.405754,5.847907,24.011254,3.531335,1.499067
veh_002828,16964.147231,8.741477,26.215605,2.086116,2.376325
veh_002829,16970.689732,6.542501,21.839569,3.517844,1.605250
veh_002830,16976.764509,6.074777,21.363759,3.681214,1.473290
veh_002831,16984.093027,7.328517,23.310571,3.987040,1.728261
veh_002832,16989.159280,5.066253,18.547868,2.540736,1.781606
veh_002833,16997.405552,8.246272,21.512946,4.192860,1.769733
veh_002834,17005.761483,8.355931,24.712387,2.208232,1.830624
veh_002835,17012.405298,6.643816,25.608961,2.664057,2.222102
veh_002836,17017.222897,4.817599,18.348764,3.631406,1.872244
veh_002837,17024.830921,7.608023,23.886969,3.388991,1.932523
veh_002838,17031.272959,6.442038,22.102160,4.202974,2.128750
veh_002839,17038.238455,6.965496,21.178610,3.187455,1.630723
veh_002840,17045.943306,7.704851,21.857816,3.449884,1.638505
veh_002841,17052.597958,6.654652,26.582972,3.359383,1.404508
veh_002842,17057.244151,4.646194,25.286313,2.873986,2.008703
veh_002843,17065.479633,8.235482,24.379752,2.885427,1.615066
veh_002844,17071.898543,6.418909,24.188998,1.495759,1.423138
veh_002845,17078.384779,6.486236,20.630651,3.027242,1.749353
veh_002846,17085.307421,6.922643,23.233312,3.258505,1.672841
veh_002847,17091.775021,6.467599,21.868211,3.464835,1.601990
veh_002848,17098.896943,7.121922,22.967962,2.195346,1.893690
veh_002849,17105.193131,6.296188,24.306932,2.664585,1.590162
veh_002850,17110.926747,5.733616,19.638305,3.877270,1.495544
veh_002851,17116.101473,5.174725,22.852470,3.678441,1.841159
veh_002852,17121.334485,5.233012,21.281985,2.136833,1.489450
veh_002853,17126.902233,5.567748,20.969838,3.360036,2.319849
veh_002854,17134.386391,7.484158,21.444389,4.742575,1.577828
veh_002855,17139.881052,5.494660,23.306806,2.711957,2.051175
veh_002856,17145.714436,5.833384,24.790822,5.301681,1.774136
veh_002857,17151.562843,5.848407,26.168801,3.159517,1.924035
veh_002858,17158.363645,6.800801,23.777937,4.024625,2.116555
veh_002859,17165.337116,6.973472,25.777054,3.725653,1.751638
veh_002860,17174.298785,8.961669,21.842929,3.737983,1.392134
veh_002861,17178.209190,3.910405,20.487919,4.228844,1.508767
veh_002862,17183.867265,5.658076,20.702801,3.468640,1.240353
veh_002863,17190.726799,6.859534,23.884851,4.167718,1.656765
veh_002864,17194.199116,3.472317,22.704275,2.894582,1.795252
veh_002865,17202.811127,8.612011,21.228780,2.975257,1.463560
veh_002866,17208.636965,5.825837,22.370631,3.741403,1.679268
veh_002867,17213.445968,4.809003,19.228522,2.448778,2.017061
veh_002868,17220.902100,7.456132,23.200116,2.945049,1.655169
veh_002869,17223.605088,2.702989,25.890518,2.693934,1.753482
veh_002870,17229.923448,6.318360,25.488231,2.823726,1.700242
veh_002871,17234.436199,4.512752,24.945781,3.370925,2.197608
veh_002872,17240.413834,5.977634,22.367275,4.272574,2.044231
veh_002873,17246.974920,6.561087,19.012527,2.958781,2.244877
veh_002874,17254.163719,7.188798,23.064899,3.465332,1.583807
veh_002875,17260.780710,6.616992,21.727996,2.845844,2.329655
veh_002876,17269.910294,9.129584,21.775571,2.822728,1.809441
veh_002877,17276.003260,6.092966,22.294909,1.924055,1.876764
veh_002878,17281.490368,5.487109,18.515184,3.937297,1.885588
veh_002879,17289.329546,7.839178,25.195245,2.795316,1.810290
veh_002880,17295.231590,5.902044,21.689298,2.753474,2.678802
veh_002881,17301.858912,6.627322,24.301930,2.323055,2.232978
veh_002882,17308.538777,6.679865,22.880086,1.964753,1.916092
veh_002883,17314.426625,5.887848,22.326136,2.500789,2.112263
veh_002884,17319.774274,5.347649,22.882097,2.891753,2.175633
veh_002885,17324.789754,5.015481,24.787079,2.441538,1.742359
veh_002886,17332.144482,7.354727,21.272238,3.027140,1.726816
veh_002887,17335.081979,2.937498,21.894352,3.444012,1.805150
veh_002888,17345.805726,10.723746,20.918632,3.075989,1.409799
veh_002889,17353.536907,7.731181,21.316160,1.474892,1.420800
veh_002890,17360.091610,6.554704,23.260842,2.786679,1.656575
veh_002891,17368.942172,8.850561,23.237656,2.745619,2.259975
veh_002892,17375.354155,6.411983,24.611581,3.741438,2.047114
veh_002893,17380.011702,4.657547,21.162492,2.818722,1.942631
veh_002894,17387.552323,7.540621,22.913567,3.050405,2.070016
veh_002895,17391.098267,3.545944,25.956850,2.585121,1.817605
veh_002896,17397.998365,6.900098,21.101022,1.963965,1.653089
veh_002897,17405.795517,7.797151,21.013657,4.326986,1.890201
veh_002898,17412.597966,6.802449,19.904085,2.548447,2.072494
veh_002899,17416.421158,3.823192,24.079741,3.563692,1.464077
veh_002900,17422.728835,6.307677,20.232850,2.200217,1.864958
veh_002901,17428.544204,5.815369,20.158665,2.979987,2.002477
veh_002902,17433.430887,4.886683,24.886599,3.066836,1.527457
veh_002903,17435.962919,2.532032,19.615456,3.724555,1.540896
veh_002904,17440.184670,4.221751,19.889421,2.616051,2.080444
veh_002905,17445.433569,5.248899,19.173673,3.246801,2.226025
veh_002906,17453.121900,7.688330,22.753062,3.784747,1.544315
veh_002907,17463.251632,10.129732,25.190921,3.169003,1.825255
veh_002908,17470.536816,7.285184,19.815049,2.665680,1.863191
veh_002909,17475.354428,4.817612,24.102294,2.335002,1.259195
veh_002910,17480.722872,5.368444,24.721557,2.925458,1.421451
veh_002911,17488.346152,7.623280,22.740260,2.380227,2.001885
veh_002912,17495.266838,6.920686,19.183293,2.886144,1.700102
veh_002913,17501.853214,6.586376,23.419532,1.732485,1.459737
veh_002914,17508.210352,6.357138,25.760684,3.106432,1.589814
veh_002915,17516.009290,7.798938,25.535884,3.426964,1.955205
veh_002916,17525.363207,9.353917,21.888417,2.054597,1.827898
veh_002917,17531.377611,6.014404,20.422124,2.321473,1.525102
veh_002918,17537.615781,6.238170,22.560668,3.232153,1.296434
veh_002919,17544.372410,6.756629,22.197086,4.261553,1.635314
veh_002920,17549.679174,5.306764,22.212660,1.955788,1.617759
veh_002921,17552.390232,2.711058,23.658613,2.829930,1.714601
veh_002922,17559.130828,6.740596,21.221865,3.091078,1.829877
veh_002923,17564.030459,4.899631,21.139769,2.306351,1.521575
veh_002924,17572.005364,7.974905,24.456805,1.885764,2.104572
veh_002925,17578.279006,6.273642,19.318608,2.955374,1.476167
veh_002926,17586.525142,8.246136,24.142166,2.374713,1.931732
veh_002927,17591.238804,4.713662,23.578160,3.824067,2.024343
veh_002928,17598.935590,7.696786,23.364394,4.085682,1.790143
veh_002929,17602.488143,3.552553,21.377074,3.863571,1.553593
veh_002930,17609.894642,7.406499,25.338658,3.827475,1.876133
veh_002931,17615.538773,5.644131,25.375269,2.971270,1.522847
veh_002932,17622.944921,7.406147,20.233929,3.064027,1.390306
veh_002933,17628.407750,5.462830,19.758324,4.163901,1.904278
veh_002934,17635.431448,7.023697,21.138636,2.693283,2.237966
veh_002935,17642.185399,6.753951,23.148420,1.542822,1.338415
veh_002936,17648.760131,6.574733,20.844305,3.025065,2.051663
veh_002937,17655.424150,6.664018,24.508325,3.131006,2.530525
veh_002938,17663.944804,8.520654,21.624950,3.909240,1.683237
veh_002939,17669.102856,5.158052,26.434011,3.350889,1.572457
veh_002940,17677.207974,8.105118,23.877943,2.452889,1.889250
veh_002941,17682.676797,5.468822,22.787738,3.230674,1.926383
veh_002942,17690.487221,7.810424,20.663875,3.650006,1.488140
veh_002943,17699.996801,9.509580,21.526484,1.635183,1.980413
veh_002944,17704.799318,4.802517,18.687697,2.492920,1.477436
veh_002945,17707.565269,2.765951,21.956973,2.795568,1.885085
veh_002946,17713.810858,6.245589,22.657505,2.738867,2.073807
veh_002947,17718.773323,4.962466,23.227496,1.846206,1.604508
veh_002948,17723.983602,5.210279,21.949711,3.108123,1.741823
veh_002949,17729.489707,5.506105,23.350980,3.351178,2.125678
veh_002950,17734.689024,5.199317,23.945329,3.423017,1.412120
veh_002951,17742.835530,8.146506,21.725796,3.586714,2.416776
veh_002952,17750.523618,7.688088,21.337546,2.580938,1.492939
veh_002953,17758.262272,7.738654,24.439754,3.690744,1.993396
veh_002954,17767.730474,9.468203,20.751129,2.139323,1.621591
veh_002955,17772.574317,4.843843,24.367302,3.387954,2.052997
veh_002956,17774.829145,2.254828,19.068106,1.712768,1.409897
veh_002957,17783.864468,9.035323,21.392587,2.443107,1.750528
veh_002958,17790.240178,6.375709,23.466324,2.739509,1.853114
veh_002959,17796.156652,5.916475,22.463654,2.775948,1.320895
veh_002960,17799.452280,3.295628,21.445960,3.135800,1.858414
veh_002961,17803.424737,3.972457,23.995482,2.825810,1.495372
veh_002962,17810.462591,7.037854,23.975156,3.952071,1.124471
veh_002963,17816.247878,5.785286,23.806478,2.814875,2.109514
veh_002964,17819.018572,2.770694,21.162160,2.787575,1.696492
veh_002965,17823.607851,4.589279,22.819887,4.231065,1.703188
veh_002966,17831.181549,7.573697,23.730832,2.057257,1.119435
veh_002967,17839.099556,7.918007,20.230249,4.332759,1.373666
veh_002968,17845.420792,6.321236,25.137089,3.524420,1.554770
veh_002969,17855.671787,10.250995,24.188070,1.443786,1.744771
veh_002970,17863.211875,7.540087,20.285923,3.834455,1.935994
veh_002971,17871.927272,8.715398,23.128539,2.836169,1.513415
veh_002972,17879.927213,7.999940,23.516402,2.749610,1.921538
veh_002973,17887.174070,7.246857,19.429654,2.649270,2.016296
veh_002974,17891.165268,3.991197,20.426422,2.791555,1.950220
veh_002975,17894.764728,3.599461,24.584454,2.708277,1.741684
veh_002976,17899.652704,4.887976,21.478898,4.053805,2.116349
veh_002977,17906.040240,6.387536,20.242273,4.052298,2.010460
veh_002978,17912.041861,6.001621,20.720228,2.469078,1.733855
veh_002979,17918.603918,6.562057,22.056984,3.839999,1.761366
veh_002980,17924.573921,5.970003,19.935721,1.812013,1.883657
veh_002981,17931.290563,6.716642,20.268960,4.523064,1.578565
veh_002982,17938.771886,7.481323,20.864017,4.037299,1.737191
veh_002983,17944.783811,6.011925,20.114374,2.996072,1.537369
veh_002984,17950.351833,5.568022,24.192843,3.272431,2.175617
veh_002985,17952.419892,2.068059,22.622655,3.673735,1.657691
veh_002986,17959.728218,7.308325,19.982238,2.888978,2.012406
veh_002987,17964.568212,4.839995,21.798553,4.679739,1.531264
veh_002988,17969.204498,4.636286,23.516310,2.466268,1.421780
veh_002989,17976.506029,7.301531,19.141498,2.723432,1.602650
veh_002990,17983.883693,7.377663,23.897982,2.771143,2.048536
veh_002991,17990.903641,7.019949,18.733275,3.502604,1.776703
veh_002992,17998.333152,7.429511,21.408620,2.366619,2.060012
veh_002993,18002.692061,4.358909,24.330646,2.934670,1.947219
veh_002994,18008.348265,5.656204,26.456313,4.134497,2.436227
veh_002995,18013.523251,5.174986,19.642545,1.755160,1.791795
veh_002996,18022.118020,8.594769,22.483469,3.429679,1.824037
veh_002997,18029.413725,7.295705,19.806074,2.854898,1.719075
veh_002998,18035.047812,5.634088,21.656650,3.201741,1.997280
veh_002999,18042.309996,7.262183,25.980061,2.521709,2.104358
veh_003000,18048.872052,6.562057,19.456118,3.397246,1.574423
veh_003001,18054.695897,5.823844,23.094850,4.455458,1.724756
veh_003002,18061.396219,6.700322,18.890770,3.176388,1.936342
veh_003003,18068.672096,7.275878,21.320559,2.551456,2.469081
veh_003004,18074.458869,5.786772,22.262236,3.510094,2.092106
veh_003005,18078.583135,4.124266,25.153066,3.235182,1.805385
veh_003006,18085.115009,6.531874,21.749330,4.490546,2.103666
veh_003007,18090.718919,5.603910,18.906793,2.186952,1.542524
veh_003008,18095.000892,4.281973,24.002874,3.939681,1.873423
veh_003009,18099.848557,4.847666,18.978879,3.544722,1.931567
veh_003010,18105.474370,5.625813,24.821577,2.961596,2.227804
veh_003011,18111.515117,6.040747,20.882427,3.080077,1.724702
veh_003012,18118.357650,6.842533,21.704889,2.414600,1.824895
veh_003013,18124.038934,5.681284,23.235892,2.395726,1.826366
veh_003014,18130.713795,6.674861,22.778714,3.677551,1.738509
veh_003015,18136.153737,5.439942,19.965192,3.433727,2.127655
veh_003016,18142.972227,6.818490,25.916114,2.816775,1.840002
veh_003017,18149.576835,6.604608,19.590737,3.907177,1.511136
veh_003018,18156.430591,6.853756,24.733427,3.061135,2.183030
veh_003019,18164.586310,8.155719,22.560805,3.670841,1.401209
veh_003020,18170.162056,5.575747,22.069596,2.868829,1.920632
veh_003021,18173.772166,3.610110,23.773465,2.432527,1.382001
veh_003022,18179.655357,5.883191,18.751494,2.049086,1.454935
veh_003023,18186.869504,7.214147,20.050194,2.751112,1.820433
veh_003024,18192.906913,6.037409,19.825110,3.110942,2.053894
veh_003025,18199.384086,6.477173,22.242760,3.786754,1.572444
veh_003026,18202.800099,3.416013,21.263861,3.124780,2.142081
veh_003027,18207.548884,4.748785,23.321561,1.883044,1.900210
veh_003028,18214.356960,6.808076,19.629547,3.719332,1.410971
veh_003029,18221.523638,7.166678,23.479304,3.223687,2.208215
veh_003030,18226.397998,4.874360,25.896031,3.598193,1.972286
veh_003031,18232.948514,6.550516,21.463534,2.147231,1.162877
veh_003032,18237.882004,4.933490,25.029265,2.857738,1.699018
veh_003033,18242.153337,4.271333,21.722921,4.282297,1.599283
veh_003034,18248.259850,6.106513,22.154141,3.715173,1.833378
veh_003035,18254.585399,6.325549,21.997028,3.812325,1.816319
veh_003036,18261.179982,6.594583,19.388933,1.516561,1.994339
veh_003037,18268.275050,7.095068,21.743498,3.037802,1.285409
veh_003038,18276.790722,8.515672,24.014526,3.494563,1.791729
veh_003039,18284.213847,7.423125,20.877127,2.910323,1.862598
veh_003040,18289.672574,5.458727,24.204036,2.214999,2.545270
veh_003041,18297.082107,7.409533,20.628349,2.637140,2.089066
veh_003042,18300.880830,3.798724,20.956239,1.363132,1.348514
veh_003043,18307.031869,6.151039,24.683152,2.522370,1.761102
veh_003044,18314.612087,7.580218,21.143651,3.023598,1.796079
veh_003045,18321.630830,7.018743,22.133397,3.491346,2.009250
veh_003046,18328.873191,7.242361,22.843663,2.910784,1.948373
veh_003047,18337.738250,8.865059,24.957205,3.301075,1.737337
veh_003048,18342.627136,4.888886,18.933636,3.211894,2.015207
veh_003049,18349.819302,7.192166,20.496921,4.318080,1.897356
veh_003050,18355.679296,5.859994,19.801699,1.433646,2.062343
veh_003051,18363.351296,7.672000,24.479112,2.338244,1.553878
veh_003052,18369.527725,6.176429,22.569680,1.760759,1.856459
veh_003053,18376.700847,7.173122,26.593560,1.992584,1.868240
veh_003054,18385.021001,8.320154,23.680341,3.195592,1.419462
veh_003055,18391.967375,6.946373,24.648004,2.942357,1.930585
veh_003056,18397.652651,5.685276,21.775751,2.503208,1.619989
veh_003057,18403.101135,5.448485,24.227648,2.530336,1.729222
veh_003058,18408.060081,4.958946,19.762154,3.926638,2.105634
veh_003059,18415.617252,7.557171,20.474732,1.757696,1.787328
veh_003060,18423.585726,7.968474,22.404183,3.173213,1.728863
veh_003061,18429.219256,5.633530,19.626255,2.698714,1.704729
veh_003062,18432.505204,3.285948,22.836384,3.374166,1.853107
veh_003063,18437.554933,5.049729,22.108604,3.264488,1.780613
veh_003064,18444.205915,6.650982,22.425144,2.786512,2.164230
veh_003065,18448.785741,4.579826,21.628871,2.855181,1.838790
veh_003066,18451.847998,3.062257,23.411055,3.653786,2.101823
veh_003067,18457.181358,5.333360,22.722810,1.841484,1.435106
veh_003068,18460.121075,2.939717,24.312543,2.758523,2.197570
veh_003069,18466.609238,6.488163,19.472828,2.971147,1.431690
veh_003070,18472.007626,5.398388,22.895125,4.380704,1.753310
veh_003071,18478.098027,6.090401,20.710071,1.831241,1.461059
veh_003072,18486.043012,7.944985,21.769478,2.202675,2.213631
veh_003073,18490.681109,4.638096,23.997936,3.768094,1.454647
veh_003074,18493.459254,2.778145,23.533012,2.355444,1.463695
veh_003075,18499.416710,5.957456,20.711776,3.401197,1.909126
veh_003076,18506.120155,6.703444,19.514736,3.229781,1.888992
veh_003077,18509.975840,3.855685,22.324076,3.170942,1.484287
veh_003078,18515.423152,5.447312,22.634992,2.893971,1.307154
veh_003079,18520.902356,5.479204,25.852526,1.027675,1.636086
veh_003080,18526.944086,6.041730,24.304478,2.753805,1.653837
veh_003081,18532.020843,5.076757,23.160301,3.851980,1.660535
veh_003082,18542.016037,9.995194,22.416945,2.362939,1.597267
veh_003083,18547.622367,5.606330,19.183577,2.920386,1.832475
veh_003084,18553.902153,6.279786,23.137683,2.476747,1.684669
veh_003085,18559.175026,5.272872,18.039980,3.398041,1.993329
veh_003086,18561.210366,2.035341,21.181926,3.487579,1.742395
veh_003087,18569.281722,8.071356,23.662321,3.130164,2.028088
veh_003088,18577.316950,8.035228,20.611461,2.712565,1.843624
veh_003089,18581.334809,4.017859,21.455089,2.579730,1.381065
veh_003090,18585.296426,3.961618,19.555355,2.475189,1.857108
veh_003091,18591.133077,5.836651,25.124105,3.745965,2.164439
veh_003092,18600.426932,9.293855,22.200567,2.777730,1.771943
veh_003093,18606.906336,6.479404,24.085456,2.290994,1.417392
veh_003094,18612.619448,5.713112,20.747593,2.112588,2.187685
veh_003095,18617.467849,4.848401,22.790753,2.778262,1.980948
veh_003096,18624.443934,6.976085,25.501769,2.995082,1.753843
veh_003097,18629.888799,5.444865,21.240631,2.248687,1.472359
veh_003098,18636.959505,7.070706,21.265429,3.553673,1.404490
veh_003099,18640.014289,3.054785,24.541508,3.451685,1.546773
veh_003100,18646.806952,6.792663,21.584277,3.935753,1.476267
veh_003101,18653.283940,6.476987,21.853676,3.211015,1.453666
veh_003102,18657.243604,3.959664,25.553346,3.711689,1.067037
veh_003103,18661.694652,4.451048,22.395593,3.545012,2.090402
veh_003104,18667.473588,5.778936,20.864994,3.705765,1.390278
veh_003105,18672.743824,5.270236,22.391348,3.768319,2.003923
veh_003106,18679.178863,6.435039,25.694256,2.975396,1.647881
veh_003107,18683.026845,3.847982,20.471346,2.019837,1.644120
veh_003108,18687.699999,4.673154,18.378927,3.983684,1.654273
veh_003109,18696.871008,9.171009,23.377880,3.679029,1.274398
veh_003110,18701.607443,4.736435,21.094345,3.309433,1.982447
veh_003111,18706.968282,5.360839,23.978031,2.525954,1.643931
veh_003112,18712.702668,5.734386,23.983141,5.212148,1.783210
veh_003113,18718.284934,5.582267,25.157394,2.950677,1.943868
veh_003114,18726.095284,7.810349,20.933334,2.495409,1.505301
veh_003115,18731.237026,5.141742,24.887897,3.028389,1.765166
veh_003116,18738.519420,7.282394,24.787821,2.174339,1.884055
veh_003117,18743.236241,4.716821,19.334280,4.352991,1.872325
veh_003118,18750.395859,7.159618,24.431267,3.703216,1.702508
veh_003119,18756.074742,5.678883,23.163187,1.556091,1.477191
veh_003120,18761.812599,5.737857,21.568998,2.998584,1.501469
veh_003121,18767.679671,5.867072,24.486845,2.247764,1.575858
veh_003122,18774.505042,6.825371,19.826061,2.140960,1.844145
veh_003123,18778.714848,4.209806,25.942674,2.627806,2.103409
veh_003124,18783.259172,4.544324,23.476544,4.062751,2.036267
veh_003125,18792.315011,9.055839,20.503732,3.289093,1.850590
veh_003126,18799.074748,6.759738,26.787954,3.776985,1.124449
veh_003127,18804.533426,5.458678,21.360652,3.252531,2.166429
veh_003128,18811.496559,6.963133,23.272859,3.335894,1.766651
veh_003129,18817.406353,5.909794,21.450975,4.112877,2.064998
veh_003130,18820.029245,2.622892,23.327270,2.642176,1.207880
veh_003131,18826.271240,6.241995,19.020208,4.063935,2.326436
veh_003132,18832.088428,5.817188,24.015568,2.180341,1.681645
veh_003133,18838.612130,6.523702,19.337765,4.813206,1.640809
veh_003134,18843.450039,4.837909,24.427876,3.396694,1.609435
veh_003135,18849.119362,5.669323,23.732189,4.044551,2.292270
veh_003136,18856.832550,7.713188,23.897638,3.679845,2.393467
veh_003137,18862.606283,5.773733,20.408676,3.223241,1.132640
veh_003138,18867.962839,5.356555,18.392501,3.305496,1.397170
veh_003139,18874.510419,6.547580,21.407018,2.852053,1.875569
veh_003140,18879.919169,5.408750,25.074500,2.496521,2.080479
veh_003141,18887.520959,7.601790,19.901556,2.280926,1.354907
veh_003142,18893.259201,5.738242,24.576838,2.036614,2.328131
veh_003143,18899.804257,6.545056,24.978926,2.393424,1.411532
veh_003144,18904.748067,4.943810,21.409729,2.506144,1.423761
veh_003145,18908.876371,4.128303,23.573755,2.820451,1.984765
veh_003146,18915.955333,7.078962,20.608808,2.936298,1.415718
veh_003147,18922.348323,6.392990,21.991196,3.814311,1.840910
veh_003148,18929.304480,6.956157,20.784376,2.156954,1.211076
veh_003149,18936.409502,7.105022,21.441752,3.769561,1.832738
veh_003150,18940.205611,3.796108,19.549534,3.707496,1.819956
veh_003151,18946.385289,6.179678,22.677209,3.356378,1.760142
veh_003152,18949.376561,2.991272,21.485348,4.594875,1.790649
veh_003153,18956.155602,6.779041,22.942932,2.181609,1.170296
veh_003154,18960.527158,4.371557,25.133683,4.250295,1.900590
veh_003155,18967.228118,6.700960,21.074730,3.466594,1.487874
veh_003156,18974.317050,7.088932,19.111081,1.928124,1.396116
veh_003157,18979.507851,5.190801,25.100713,2.144033,1.640201
veh_003158,18985.473281,5.965429,24.862725,2.407859,1.921223
veh_003159,18993.306755,7.833474,20.693352,2.688449,2.035149
veh_003160,18996.825908,3.519153,21.526798,1.279369,1.236018
veh_003161,19003.791358,6.965450,18.939415,2.317120,1.282621
veh_003162,19009.968923,6.177565,21.043661,2.788733,1.080575
veh_003163,19017.391141,7.422218,20.687089,3.183416,1.721043
veh_003164,19020.913305,3.522163,21.963590,3.522419,2.099957
veh_003165,19026.918609,6.005305,23.190595,4.135468,1.531141
veh_003166,19034.574904,7.656295,25.272812,2.231690,1.766460
veh_003167,19042.613651,8.038746,23.464445,4.202884,1.819585
veh_003168,19047.459769,4.846119,20.397360,4.070521,2.294332
veh_003169,19053.040465,5.580696,26.038362,1.807131,1.931772
veh_003170,19061.802584,8.762119,21.453468,2.515357,1.859553
veh_003171,19065.672864,3.870280,21.287615,3.010951,2.125109
veh_003172,19071.604242,5.931378,26.399151,3.429954,1.858839
veh_003173,19077.870379,6.266137,19.680945,3.246504,2.295222
veh_003174,19084.132773,6.262394,19.092636,2.511986,1.258175
veh_003175,19088.731404,4.598631,21.347802,2.535458,1.617685
veh_003176,19096.178110,7.446705,24.312009,2.705938,1.746429
veh_003177,19103.510910,7.332800,26.459699,1.982964,1.635996
veh_003178,19112.235118,8.724208,23.726884,2.649765,2.486208
veh_003179,19117.045666,4.810548,22.191567,3.174241,2.028604
veh_003180,19122.323125,5.277459,20.681035,3.473219,1.606309
veh_003181,19129.968015,7.644890,23.511374,3.277278,1.268266
veh_003182,19138.691008,8.722993,21.872324,1.768761,1.833415
veh_003183,19144.676047,5.985039,20.474389,2.371856,1.404188
veh_003184,19148.384008,3.707961,18.436409,2.719367,2.036727
veh_003185,19154.059887,5.675879,21.530205,3.838996,1.903041
veh_003186,19161.506958,7.447071,18.056352,3.366377,1.431357
veh_003187,19168.524110,7.017152,22.815127,2.444199,1.806314
veh_003188,19176.193529,7.669419,22.709101,2.814211,1.937437
veh_003189,19185.080918,8.887390,26.744161,2.613565,1.688244
veh_003190,19190.433941,5.353022,19.466420,3.179908,2.120967
veh_003191,19195.077283,4.643342,20.895185,3.310669,2.004220
veh_003192,19199.273221,4.195938,19.307939,2.350122,1.542760
veh_003193,19205.089048,5.815827,25.241942,3.973945,1.783485
veh_003194,19212.617665,7.528617,20.894912,3.266852,2.341628
veh_003195,19221.208438,8.590773,23.281271,3.610363,1.364273
veh_003196,19227.536594,6.328157,25.290881,3.521677,1.924377
veh_003197,19233.558692,6.022098,21.576404,2.907248,1.463421
veh_003198,19239.359364,5.800672,21.879946,3.365799,1.596864
veh_003199,19247.198945,7.839581,23.568983,2.683282,1.574461
veh_003200,19252.055935,4.856990,24.064752,2.285925,1.611536
veh_003201,19257.898542,5.842607,26.198624,2.806651,2.307560
veh_003202,19263.782455,5.883913,22.834697,2.426915,1.687112
veh_003203,19269.741714,5.959259,25.972718,3.986382,2.262561
veh_003204,19278.454040,8.712327,23.239299,2.971592,1.494497
veh_003205,19283.116083,4.662042,20.795786,3.021222,2.014219
veh_003206,19292.798992,9.682909,20.445407,2.606081,2.031461
veh_003207,19297.816036,5.017044,24.079376,4.273574,2.000021
veh_003208,19302.585303,4.769267,23.001878,3.960602,1.626593
veh_003209,19307.593998,5.008695,20.285371,3.391115,1.558944
veh_003210,19314.567092,6.973093,21.157038,2.037893,1.848419
veh_003211,19320.545970,5.978878,24.988243,4.358342,1.408615
veh_003212,19328.227801,7.681832,21.098125,2.250290,1.985681
veh_003213,19332.992304,4.764502,20.616576,2.597947,1.619846
veh_003214,19336.482479,3.490175,21.283688,1.443644,1.775542
veh_003215,19341.926077,5.443598,22.454356,4.294269,1.794753
veh_003216,19348.345738,6.419661,20.914814,3.548928,2.024292
veh_003217,19352.141106,3.795368,21.255137,3.925046,1.330529
veh_003218,19357.981338,5.840232,22.817990,2.951274,1.233399
veh_003219,19364.784710,6.803372,19.651009,2.656080,1.597897
veh_003220,19369.574724,4.790013,19.066734,1.268933,1.850418
veh_003221,19374.338753,4.764029,22.073680,2.988272,2.088111
veh_003222,19378.695991,4.357238,21.236077,2.789956,1.579398
veh_003223,19384.480811,5.784820,20.784433,3.214321,1.657748
veh_003224,19391.165301,6.684490,20.230334,3.357521,1.548287
veh_003225,19401.286634,10.121333,21.786478,3.594273,2.189954
veh_003226,19409.034452,7.747818,23.661057,1.828867,2.088192
veh_003227,19413.141893,4.107441,22.813332,1.885899,1.720004
veh_003228,19416.836697,3.694804,18.531149,2.971794,1.724948
veh_003229,19422.671278,5.834581,23.383485,2.320240,1.652410
veh_003230,19431.029259,8.357981,23.315985,2.799320,2.122205
veh_003231,19438.014966,6.985706,25.174555,3.171295,1.404631
veh_003232,19443.223982,5.209016,22.375286,3.103342,1.831392
veh_003233,19450.726442,7.502460,24.681607,3.376302,1.442965
veh_003234,19458.792470,8.066028,19.141254,2.315188,1.962358
veh_003235,19466.985080,8.192611,21.956398,2.230123,1.866920
veh_003236,19471.385459,4.400378,20.189735,3.151127,1.496988
veh_003237,19478.041588,6.656129,18.940709,3.557104,1.842409
veh_003238,19482.119824,4.078236,23.647445,1.896299,1.745121
veh_003239,19486.911630,4.791806,26.114729,2.838129,1.869360
veh_003240,19490.993724,4.082095,21.530819,2.158323,2.378581
veh_003241,19496.600795,5.607071,21.988138,3.069414,1.986943
veh_003242,19500.446780,3.845984,19.058408,3.257901,1.846107
veh_003243,19507.609167,7.162387,19.225811,2.181487,1.421830
veh_003244,19513.590681,5.981514,21.583057,2.302933,1.847941
veh_003245,19518.293988,4.703307,23.734836,1.503780,2.532112
veh_003246,19525.022145,6.728157,24.093589,3.759398,1.572158
veh_003247,19533.318264,8.296120,23.254037,2.893616,2.134643
veh_003248,19539.836342,6.518078,21.980218,3.411762,1.958363
veh_003249,19544.960852,5.124510,22.379804,1.636294,1.973621
veh_003250,19550.535070,5.574218,21.119865,3.025386,1.953560
veh_003251,19556.378891,5.843821,24.865023,1.988374,1.991477
veh_003252,19561.326589,4.947698,23.736060,2.618049,1.980965
veh_003253,19564.758996,3.432406,21.796411,2.282294,2.167415
veh_003254,19570.191248,5.432253,20.342697,3.546284,2.409145
veh_003255,19578.055329,7.864081,20.447403,3.148824,1.620618
veh_003256,19582.814469,4.759140,24.699051,3.487972,1.771630
veh_003257,19585.918966,3.104497,22.948214,2.262280,1.474314
veh_003258,19591.785793,5.866827,23.054941,2.664565,2.120709
veh_003259,19599.440004,7.654211,22.126460,3.663186,2.098501
veh_003260,19602.856361,3.416357,23.352087,2.370976,1.702956
veh_003261,19609.141417,6.285055,22.554588,3.238418,1.798748
veh_003262,19615.758585,6.617169,20.638887,1.637914,1.743426
veh_003263,19622.563870,6.805285,23.771028,4.225489,2.138446
veh_003264,19629.399512,6.835643,25.287631,2.442508,2.000684
veh_003265,19636.311720,6.912207,25.605760,1.597608,1.694073
veh_003266,19639.935809,3.624089,21.191150,1.199489,1.328890
veh_003267,19646.859897,6.924088,20.294940,2.382623,1.714448
veh_003268,19654.926167,8.066270,22.825478,3.352146,2.222215
veh_003269,19660.593686,5.667519,19.993023,2.544775,2.084550
veh_003270,19667.150816,6.557130,23.523671,2.171169,2.170685
veh_003271,19671.629191,4.478376,18.264021,2.147590,2.002890
veh_003272,19679.583661,7.954470,19.307632,1.827891,1.611236
veh_003273,19684.656090,5.072429,18.877801,3.253056,1.959457
veh_003274,19693.130316,8.474226,22.652698,2.383977,1.488898
veh_003275,19698.560402,5.430086,21.516925,3.048421,1.498463
veh_003276,19705.577050,7.016648,24.269319,2.490404,1.588475
veh_003277,19710.776922,5.199872,26.019292,3.150906,1.678715
veh_003278,19719.593552,8.816629,19.882971,3.530680,1.980319
veh_003279,19722.635350,3.041798,20.206525,3.099203,1.153554
veh_003280,19729.189328,6.553978,19.149246,3.082951,2.284929
veh_003281,19732.070157,2.880830,22.203190,4.040534,1.956656
veh_003282,19736.262993,4.192836,24.917865,1.686295,1.576607
veh_003283,19745.100983,8.837990,22.848620,2.438675,1.699759
veh_003284,19752.463015,7.362032,22.379399,3.053180,1.323421
veh_003285,19755.447203,2.984189,23.677207,1.877822,1.656889
veh_003286,19761.438157,5.990954,20.072571,3.737084,2.065878
veh_003287,19766.508654,5.070497,23.655358,1.897357,1.320330
veh_003288,19773.363349,6.854695,20.777549,3.319819,1.573374
veh_003289,19782.138960,8.775611,19.991610,1.875066,1.318197
veh_003290,19789.119801,6.980841,22.057403,3.071936,2.422467
veh_003291,19795.771779,6.651979,19.529544,3.469383,1.806520
veh_003292,19802.533841,6.762062,25.479141,2.851740,1.507342
veh_003293,19806.895076,4.361235,24.056175,2.638918,1.658872
veh_003294,19813.946779,7.051702,18.363937,2.389036,1.768410
veh_003295,19821.328422,7.381644,19.927097,2.959895,1.269135
veh_003296,19826.409888,5.081466,19.158199,2.815437,1.859485
veh_003297,19831.446163,5.036274,23.368718,2.837698,1.517096
veh_003298,19839.621133,8.174971,24.555620,3.137284,1.470820
veh_003299,19845.934818,6.313685,22.035120,2.553654,1.758782
veh_003300,19850.228841,4.294023,24.459790,2.029087,1.572440
veh_003301,19855.592713,5.363872,19.724088,3.205221,2.012342
veh_003302,19860.906436,5.313723,24.249900,2.865314,2.357804
veh_003303,19866.809665,5.903229,24.441926,3.186252,1.309976
veh_003304,19872.700595,5.890930,22.791966,2.691145,1.804270
veh_003305,19878.326680,5.626085,19.272707,4.338182,2.215994
veh_003306,19886.837585,8.510904,21.525874,3.888453,1.391940
veh_003307,19894.086006,7.248421,21.671701,2.735462,1.729509
veh_003308,19902.310491,8.224485,23.029030,3.476050,1.624858
veh_003309,19905.768512,3.458021,19.064883,2.126844,2.121735
veh_003310,19911.935223,6.166710,20.269000,3.246797,1.268612
veh_003311,19919.697388,7.762165,20.597405,1.373489,2.008752
veh_003312,19926.785506,7.088118,25.236479,3.118621,2.182223
veh_003313,19931.766484,4.980978,19.823954,4.077447,2.353612
veh_003314,19936.632538,4.866054,18.990108,2.640052,1.840948
veh_003315,19944.072566,7.440028,21.353215,2.414808,1.856826
veh_003316,19949.753795,5.681229,21.714064,2.699152,1.760905
veh_003317,19956.726248,6.972453,20.002003,2.150775,1.618989
veh_003318,19962.961169,6.234922,21.821145,3.733398,2.228552
veh_003319,19968.784711,5.823542,22.566232,3.158519,1.702574
veh_003320,19974.965430,6.180720,19.799152,2.462968,1.943763
veh_003321,19979.721027,4.755597,21.787557,3.108799,1.223449
veh_003322,19988.272802,8.551775,26.319732,2.622176,2.065390
veh_003323,19995.095071,6.822270,22.800358,3.001633,2.447141
veh_003324,20003.194078,8.099006,22.150344,2.488801,1.817742
veh_003325,20008.400283,5.206205,23.415665,2.381465,2.143512
veh_003326,20013.589479,5.189196,22.927913,2.140801,2.266646
veh_003327,20019.110613,5.521134,24.171047,2.910303,2.434113
veh_003328,20023.818227,4.707614,20.334808,2.892866,2.512351
veh_003329,20030.835457,7.017230,21.203095,2.937448,1.950644
veh_003330,20037.904217,7.068760,22.705232,3.419714,1.705600
veh_003331,20043.134516,5.230299,22.528353,2.639399,1.256199
veh_003332,20048.655019,5.520504,23.610101,2.362684,1.493031
veh_003333,20055.219923,6.564903,24.306095,3.226109,1.834549
veh_003334,20060.091039,4.871116,23.331892,3.785282,1.960887
veh_003335,20065.477046,5.386008,24.502926,1.658576,1.745500
veh_003336,20073.817778,8.340731,21.941262,3.607814,2.396648
veh_003337,20078.697913,4.880136,22.445307,2.686803,1.861716
veh_003338,20083.922680,5.224767,21.295481,1.685694,2.004203
veh_003339,20093.679775,9.757095,21.888954,3.828902,1.661250
veh_003340,20096.490217,2.810442,23.499082,3.156699,2.170169
veh_003341,20100.713655,4.223438,18.167164,2.955594,1.635262
veh_003342,20109.409609,8.695954,23.918123,1.471416,2.129658
veh_003343,20114.795287,5.385678,21.824167,3.587197,2.062045
veh_003344,20121.545032,6.749745,24.856765,1.531756,1.533797
veh_003345,20130.724517,9.179486,25.358262,3.265725,1.288842
veh_003346,20135.648962,4.924445,22.128387,3.000228,1.648856
veh_003347,20140.761702,5.112740,25.975812,3.637858,1.327692
veh_003348,20147.377882,6.616180,21.087238,3.411893,1.966355
veh_003349,20153.264147,5.886266,24.757493,4.608871,2.198331
veh_003350,20158.476756,5.212609,20.795517,2.042057,1.854199
veh_003351,20164.276771,5.800014,25.641622,2.759615,2.128245
veh_003352,20168.284579,4.007808,22.811726,1.657251,1.233084
veh_003353,20174.983165,6.698586,24.932453,2.457328,2.146130
veh_003354,20182.234906,7.251741,23.930522,3.020133,2.337375
veh_003355,20187.992729,5.757823,23.633418,2.410476,1.198844
veh_003356,20193.657010,5.664281,21.623883,2.835496,1.617796
veh_003357,20200.480185,6.823175,19.515965,2.467746,1.890201
veh_003358,20205.672830,5.192645,22.508146,2.764950,1.730807
veh_003359,20211.210634,5.537804,24.395996,2.617293,1.787275
veh_003360,20217.108134,5.897499,22.783842,2.971166,1.396533
veh_003361,20225.316151,8.208017,19.158774,2.991174,1.870376
veh_003362,20231.242320,5.926169,23.840246,1.088647,1.883470
veh_003363,20237.071729,5.829408,20.062853,3.713119,1.519416
veh_003364,20242.825507,5.753778,23.294017,2.915917,1.807615
veh_003365,20248.249815,5.424308,23.110958,3.327993,1.739965
veh_003366,20252.802437,4.552622,22.770663,3.052104,1.719674
veh_003367,20257.423767,4.621330,24.309738,3.570565,2.260900
veh_003368,20264.714294,7.290527,23.386988,2.874368,2.192639
veh_003369,20269.860637,5.146342,18.214471,2.382604,2.013352
veh_003370,20275.999164,6.138527,23.840263,2.551981,1.741533
veh_003371,20281.284760,5.285596,23.832025,2.116854,1.960586
veh_003372,20285.292889,4.008129,19.600498,3.238883,1.190860
veh_003373,20290.595760,5.302872,20.943350,2.666296,1.724269
veh_003374,20298.691170,8.095410,23.055824,2.640496,1.747212
veh_003375,20304.069297,5.378127,20.362925,2.791908,1.718759
veh_003376,20309.054737,4.985440,23.842243,3.681705,1.539272
veh_003377,20314.412921,5.358184,20.278996,2.334694,1.720463
veh_003378,20319.910968,5.498046,19.669061,1.042490,1.749443
veh_003379,20326.253732,6.342764,20.523717,1.479478,1.202705
veh_003380,20331.636258,5.382526,22.530300,3.888644,1.718761
veh_003381,20337.489862,5.853604,19.741809,3.241416,2.074059
veh_003382,20342.753487,5.263625,23.915982,2.814514,1.327568
veh_003383,20349.289738,6.536251,22.371644,3.168683,2.106983
veh_003384,20355.756627,6.466888,21.657801,1.688564,1.788422
veh_003385,20362.074153,6.317526,22.485263,2.316226,1.740988
veh_003386,20369.023844,6.949691,21.086977,1.481167,2.190597
veh_003387,20374.874970,5.851126,17.965503,3.965237,1.995715
veh_003388,20382.694390,7.819420,23.143567,3.441987,1.941019
veh_003389,20389.393679,6.699289,21.260372,1.722685,2.184465
veh_003390,20397.625432,8.231753,23.094944,2.031875,1.825464
veh_003391,20403.505865,5.880433,21.813471,3.192509,1.574184
veh_003392,20409.914053,6.408188,22.231750,2.438730,1.115784
veh_003393,20414.890782,4.976728,24.386721,2.528300,2.329428
veh_003394,20420.914223,6.023441,22.764671,2.281870,1.673874
veh_003395,20428.141265,7.227042,22.552133,3.652036,1.909538
veh_003396,20433.593019,5.451754,21.119246,1.814349,1.612904
veh_003397,20441.831282,8.238264,25.422404,2.418055,1.796895
veh_003398,20447.869792,6.038509,22.813816,3.370309,1.629755
veh_003399,20456.244556,8.374765,22.563674,2.794803,1.918856
veh_003400,20460.671352,4.426795,24.486332,1.652501,1.438252
veh_003401,20466.256059,5.584707,19.742629,3.983055,1.430097
veh_003402,20471.511519,5.255460,24.202369,2.344069,1.411578
veh_003403,20479.027466,7.515947,24.340554,2.583627,1.673592
veh_003404,20485.990620,6.963154,22.901322,1.533472,1.897155
veh_003405,20491.875999,5.885379,22.349778,4.090660,2.198181
veh_003406,20497.192302,5.316303,19.343952,3.001452,1.055227
veh_003407,20503.152046,5.959744,18.901755,2.770548,2.222845
veh_003408,20510.238926,7.086879,21.576542,3.167188,1.598520
veh_003409,20517.492537,7.253611,20.398515,4.090263,1.987441
veh_003410,20523.403111,5.910574,19.711610,2.908996,1.577832
veh_003411,20528.732494,5.329383,21.022349,1.599128,2.334873
veh_003412,20534.885595,6.153101,19.718080,2.904189,2.244747
veh_003413,20541.079502,6.193907,19.877039,2.489337,1.534345
veh_003414,20547.458311,6.378808,22.398067,3.529098,2.289409
veh_003415,20552.778069,5.319758,24.652390,3.734222,1.734500
veh_003416,20561.388777,8.610708,24.099892,2.481603,1.774227
veh_003417,20566.445587,5.056810,19.603472,2.850438,1.788773
veh_003418,20574.714294,8.268707,18.884152,3.686322,1.504943
veh_003419,20582.804789,8.090495,19.583734,3.792009,1.784078
veh_003420,20590.225459,7.420670,26.171461,2.020679,2.007629
veh_003421,20599.036554,8.811095,23.684684,1.570027,1.215802
veh_003422,20605.870310,6.833756,21.555598,2.415395,1.082166
veh_003423,20611.395281,5.524971,20.409015,1.852665,2.177009
veh_003424,20616.610674,5.215393,18.902775,3.319734,2.004219
veh_003425,20621.604058,4.993385,22.159781,3.726996,1.844131
veh_003426,20628.860076,7.256018,21.424671,3.504771,1.724317
veh_003427,20632.639172,3.779096,23.455560,2.023398,1.839826
veh_003428,20636.505639,3.866467,23.678934,3.493919,1.489131
veh_003429,20644.804354,8.298715,23.084425,2.375902,2.155137
veh_003430,20652.323676,7.519322,20.893683,3.719372,1.685993
veh_003431,20658.945172,6.621496,21.332606,4.152510,2.012685
veh_003432,20666.330197,7.385024,23.332908,4.378003,2.471121
veh_003433,20673.491636,7.161440,22.944765,3.338265,1.268548
veh_003434,20679.211332,5.719696,22.077977,1.447399,1.156130
veh_003435,20683.008376,3.797044,20.681227,4.011979,1.647154
veh_003436,20690.933011,7.924635,21.376892,3.041445,1.755843
veh_003437,20697.602305,6.669293,22.345182,2.672638,1.768655
veh_003438,20701.537979,3.935675,23.659214,4.356561,1.692217
veh_003439,20707.751424,6.213444,24.340175,4.763716,1.772550
veh_003440,20713.048341,5.296918,21.402881,3.349520,1.408866
veh_003441,20718.875300,5.826959,21.563180,2.475215,2.076842
veh_003442,20724.383344,5.508044,20.970194,2.830900,1.901922
veh_003443,20731.210157,6.826813,21.134552,3.586676,1.820673
veh_003444,20736.897535,5.687377,22.718104,2.981760,1.709696
veh_003445,20741.165104,4.267570,20.973229,3.562635,1.669693
veh_003446,20748.174618,7.009514,21.067352,3.221121,2.006117
veh_003447,20754.903319,6.728701,21.901416,2.238707,1.895573
veh_003448,20758.764649,3.861330,23.904815,2.613792,1.933289
veh_003449,20765.378344,6.613695,22.673811,1.745079,1.664338
veh_003450,20772.709784,7.331440,23.021158,3.268643,2.269647
veh_003451,20778.481036,5.771252,19.764736,1.620542,1.652516
veh_003452,20784.762554,6.281518,24.632658,2.618543,1.646817
veh_003453,20789.616059,4.853505,22.521635,2.683127,1.922466
veh_003454,20792.990951,3.374892,22.493382,4.439700,2.162844
veh_003455,20799.773697,6.782746,24.083458,4.051668,1.891786
veh_003456,20805.641868,5.868171,24.614552,1.734179,1.547908
veh_003457,20812.286272,6.644404,24.129557,3.099388,1.977466
veh_003458,20817.934104,5.647831,24.405963,3.178693,1.805786
veh_003459,20823.543569,5.609465,22.833460,2.656519,1.645702
veh_003460,20829.787012,6.243443,25.009333,4.560032,1.981554
veh_003461,20835.692030,5.905018,23.773122,3.296356,1.822934
veh_003462,20842.991449,7.299419,26.679248,2.179445,1.505912
veh_003463,20848.355615,5.364166,21.644545,2.119995,1.753310
veh_003464,20852.189019,3.833404,22.093718,3.835661,1.756854
veh_003465,20858.405188,6.216170,20.393459,2.620650,1.453735
veh_003466,20862.450383,4.045195,25.846730,3.002607,2.248737
veh_003467,20864.649422,2.199038,19.831843,2.015806,1.821300
veh_003468,20869.004252,4.354830,22.432319,3.557785,2.067705
veh_003469,20874.346369,5.342117,22.621869,2.024338,1.952096
veh_003470,20879.152452,4.806083,19.639660,3.905780,1.448383
veh_003471,20882.847448,3.694996,19.951770,5.219858,1.597547
veh_003472,20888.510480,5.663032,19.286166,3.627900,1.921087
veh_003473,20896.335179,7.824699,21.898576,4.539572,1.635764
veh_003474,20903.579306,7.244126,21.195562,2.790694,1.821900
veh_003475,20909.591660,6.012354,19.686760,2.065836,1.917376
veh_003476,20916.973340,7.381680,21.871568,2.132236,1.852946
veh_003477,20922.312750,5.339410,21.807269,2.055073,1.625653
veh_003478,20926.989754,4.677005,20.757292,4.117161,1.730088
veh_003479,20934.007444,7.017690,23.154549,2.084828,1.772161
veh_003480,20938.382077,4.374633,19.194487,2.702902,2.059400
veh_003481,20944.883094,6.501017,22.915839,2.105573,1.380533
veh_003482,20950.844587,5.961493,22.461458,2.436309,2.064495
veh_003483,20956.300466,5.455879,24.056489,2.718285,2.118094
veh_003484,20961.613376,5.312910,19.385673,3.277352,1.295520
veh_003485,20969.319205,7.705828,22.569858,3.706615,1.874838
veh_003486,20972.935158,3.615954,23.422233,4.457398,2.325608
veh_003487,20979.338654,6.403496,19.296143,2.663306,2.035762
veh_003488,20984.905801,5.567146,22.391072,2.359343,1.936573
veh_003489,20989.793669,4.887868,20.152809,3.342905,1.988892
veh_003490,20995.852084,6.058415,21.826211,3.623421,1.961281
veh_003491,21002.325789,6.473705,23.615499,2.535798,1.837760
veh_003492,21008.235873,5.910083,22.906849,2.911642,2.054688
veh_003493,21014.603429,6.367557,18.274131,2.828221,1.342777
veh_003494,21022.725690,8.122261,24.612190,1.557498,1.871728
veh_003495,21027.824345,5.098655,20.442320,3.141693,2.046320
veh_003496,21034.451270,6.626925,24.298940,1.772632,2.428211
veh_003497,21037.843373,3.392104,23.062210,3.133845,1.840665
veh_003498,21044.528804,6.685431,21.918834,2.781259,1.689207
veh_003499,21047.728394,3.199589,22.151510,4.527592,2.011757
veh_003500,21054.675437,6.947043,20.461116,2.689326,1.584120
veh_003501,21059.962674,5.287238,24.807560,3.590228,2.355030
veh_003502,21066.208870,6.246196,22.892840,1.831618,1.248410
veh_003503,21070.025644,3.816773,20.126919,3.481339,1.855709
veh_003504,21076.061678,6.036035,23.376884,2.869060,1.825998
veh_003505,21083.297698,7.236020,24.845205,3.623925,1.845544
veh_003506,21090.227469,6.929771,22.496248,3.320489,1.852781
veh_003507,21096.201594,5.974125,21.741566,3.182491,1.580420
veh_003508,21102.191885,5.990291,19.861793,3.337978,2.130405
veh_003509,21109.910042,7.718156,24.237435,4.371206,1.720965
veh_003510,21117.014027,7.103985,23.153003,2.711356,1.873844
veh_003511,21122.076884,5.062857,22.297925,4.323425,1.882590
veh_003512,21127.207139,5.130255,24.969896,2.242231,1.769289
veh_003513,21132.187340,4.980201,24.579327,2.245184,2.130598
veh_003514,21138.133866,5.946526,22.912495,3.085201,1.940318
veh_003515,21142.392863,4.258997,22.685759,3.612395,1.510307
veh_003516,21145.155306,2.762442,21.756115,2.966724,1.755057
veh_003517,21150.827845,5.672539,23.176098,2.859061,1.526741
veh_003518,21157.207168,6.379323,23.393137,3.347252,1.274377
veh_003519,21163.486806,6.279638,23.976312,3.381245,2.435181
veh_003520,21171.114291,7.627485,21.476609,3.903444,1.963654
veh_003521,21175.175536,4.061245,20.476316,1.443936,1.948797
veh_003522,21180.405802,5.230266,23.808706,4.667781,2.186336
veh_003523,21184.242163,3.836361,25.195261,2.402140,2.198347
veh_003524,21190.610907,6.368745,22.007635,2.781896,1.587482
veh_003525,21196.454033,5.843126,20.926280,3.487416,1.782801
veh_003526,21201.732797,5.278764,20.084257,3.810523,1.538476
veh_003527,21207.794960,6.062163,21.814786,3.423393,1.825575
veh_003528,21212.734629,4.939669,19.534298,2.976331,1.870494
veh_003529,21217.201585,4.466957,23.178750,3.325924,1.987638
veh_003530,21225.572347,8.370762,22.673515,2.736647,1.927530
veh_003531,21232.787865,7.215518,19.777086,2.489484,1.413253
veh_003532,21238.511620,5.723755,22.867175,3.608522,1.999403
veh_003533,21242.199455,3.687836,24.358874,1.783517,1.547495
veh_003534,21247.878014,5.678559,21.155900,3.488028,1.779401
veh_003535,21254.739391,6.861377,22.380572,2.788756,1.380263
veh_003536,21260.994217,6.254826,25.273319,3.414672,1.352655
veh_003537,21268.507932,7.513715,22.814825,3.420992,1.689389
veh_003538,21276.348249,7.840317,21.746489,3.341068,1.694871
veh_003539,21282.221427,5.873178,24.360740,3.909607,2.149659
veh_003540,21287.519301,5.297874,19.938734,2.439238,1.929712
veh_003541,21292.777711,5.258410,22.619464,4.399589,1.747190
veh_003542,21298.157500,5.379789,19.063986,2.451556,1.916681
veh_003543,21305.514324,7.356824,24.139273,3.697159,1.897535
veh_003544,21310.878101,5.363777,19.814306,3.541896,1.754569
veh_003545,21314.356934,3.478832,21.225715,3.440403,1.900036
veh_003546,21321.054383,6.697449,21.170732,2.368097,2.165775
veh_003547,21326.905985,5.851602,24.706040,3.654664,1.366299
veh_003548,21332.205201,5.299217,22.555047,3.961382,1.678598
veh_003549,21335.259940,3.054738,24.307730,2.511135,1.658402
veh_003550,21343.015018,7.755079,21.507602,1.866156,1.204532
veh_003551,21350.059544,7.044526,23.067019,2.345614,1.781716
veh_003552,21354.354221,4.294677,21.350439,2.436635,2.092734
veh_003553,21360.581881,6.227660,25.584764,4.175266,1.525540
veh_003554,21364.956284,4.374402,21.614169,4.523513,1.933204
veh_003555,21368.915379,3.959095,20.043632,2.391568,1.338475
veh_003556,21371.767323,2.851943,20.383007,3.321954,2.532904
veh_003557,21378.936324,7.169001,20.579652,3.035800,1.760353
veh_003558,21386.256198,7.319874,20.914406,2.395987,2.125884
veh_003559,21391.791438,5.535240,24.223234,3.950830,1.785653
veh_003560,21397.701677,5.910239,25.118914,1.936184,1.658355
veh_003561,21406.334080,8.632402,26.712485,2.945531,2.002152
veh_003562,21411.200986,4.866907,18.366125,3.816859,1.826312
veh_003563,21415.423857,4.222871,22.514976,1.296680,1.874572
veh_003564,21421.615173,6.191316,18.350776,3.793386,1.911337
veh_003565,21428.439422,6.824249,23.544663,2.266683,1.836064
veh_003566,21433.994095,5.554673,24.950660,1.395410,1.815017
veh_003567,21437.854967,3.860872,23.535479,2.363590,2.143667
veh_003568,21442.704149,4.849182,19.694833,4.090519,2.191193
veh_003569,21449.731657,7.027509,20.044843,3.647870,1.928767
veh_003570,21456.803786,7.072129,23.075607,3.074240,2.341082
veh_003571,21460.297752,3.493965,24.160026,3.496124,1.587324
veh_003572,21464.463842,4.166090,24.348032,2.721092,1.715916
veh_003573,21468.986116,4.522274,22.794045,3.929542,1.430993
veh_003574,21474.947946,5.961830,20.829466,2.594851,2.072995
veh_003575,21484.258174,9.310227,20.956448,2.775619,1.915783
veh_003576,21489.829441,5.571268,26.090070,3.350735,2.111178
veh_003577,21495.922599,6.093158,22.422414,4.446033,1.421427
veh_003578,21500.726881,4.804282,24.633351,2.134068,2.021921
veh_003579,21510.604853,9.877972,21.452749,3.173451,2.141994
veh_003580,21515.701969,5.097116,23.923168,3.806541,1.705814
veh_003581,21520.934347,5.232378,24.867343,2.032127,2.081224
veh_003582,21527.168674,6.234328,24.447626,2.950964,1.917925
veh_003583,21531.182128,4.013454,25.047138,4.516720,1.497018
veh_003584,21538.395275,7.213147,21.854024,3.820612,1.864776
veh_003585,21544.382780,5.987505,21.828352,2.751299,1.797885
veh_003586,21549.118699,4.735919,23.434828,2.239564,1.833966
veh_003587,21554.224987,5.106288,24.780009,4.283299,1.957222
veh_003588,21557.383933,3.158946,22.284670,3.464558,2.106440
veh_003589,21562.550601,5.166668,24.442312,2.940021,1.286601
veh_003590,21565.138665,2.588064,21.979964,3.377782,1.327856
veh_003591,21570.462969,5.324304,22.734515,2.658536,1.305354
veh_003592,21575.719609,5.256639,22.655451,1.946253,1.689543
veh_003593,21580.836138,5.116529,21.839081,2.300798,1.594428
veh_003594,21585.961861,5.125723,22.217419,3.752870,2.248647
veh_003595,21590.698892,4.737031,25.906447,4.207929,1.722902
veh_003596,21598.549940,7.851048,22.813143,2.797937,1.826111
