space_start_mile,space_end_mile,time_start_s,time_end_s,average_speed_mph,vehicle_count,is_observed
0.000000000,0.100000000,0.000000000,300.000000000,51.638083404,50,1
0.000000000,0.100000000,300.000000000,600.000000000,53.202587251,49,1
0.000000000,0.100000000,600.000000000,900.000000000,52.717831608,49,1
0.000000000,0.100000000,900.000000000,1200.000000000,51.976336517,48,1
0.000000000,0.100000000,1200.000000000,1500.000000000,52.764121759,50,1
0.000000000,0.100000000,1500.000000000,1800.000000000,51.937823517,51,1
0.000000000,0.100000000,1800.000000000,2100.000000000,53.016368420,51,1
0.000000000,0.100000000,2100.000000000,2400.000000000,52.525756802,50,1
0.000000000,0.100000000,2400.000000000,2700.000000000,52.617227154,52,1
0.000000000,0.100000000,2700.000000000,3000.000000000,52.110868361,55,1
0.000000000,0.100000000,3000.000000000,3300.000000000,51.919232248,51,1
0.000000000,0.100000000,3300.000000000,3600.000000000,52.667147731,50,1
0.000000000,0.100000000,3600.000000000,3900.000000000,52.425222142,51,1
0.000000000,0.100000000,3900.000000000,4200.000000000,51.758321672,55,1
0.000000000,0.100000000,4200.000000000,4500.000000000,51.044565142,52,1
0.000000000,0.100000000,4500.000000000,4800.000000000,53.246785587,51,1
0.000000000,0.100000000,4800.000000000,5100.000000000,52.382239333,55,1
0.000000000,0.100000000,5100.000000000,5400.000000000,52.021109411,48,1
0.000000000,0.100000000,5400.000000000,5700.000000000,52.552682729,54,1
0.000000000,0.100000000,5700.000000000,6000.000000000,52.391440204,50,1
0.000000000,0.100000000,6000.000000000,6300.000000000,53.050982331,49,1
0.000000000,0.100000000,6300.000000000,6600.000000000,52.289643952,54,1
0.000000000,0.100000000,6600.000000000,6900.000000000,51.060889839,55,1
0.000000000,0.100000000,6900.000000000,7200.000000000,51.861723919,51,1
0.000000000,0.100000000,7200.000000000,7500.000000000,52.734382973,53,1
0.000000000,0.100000000,7500.000000000,7800.000000000,51.918095623,50,1
0.000000000,0.100000000,7800.000000000,8100.000000000,52.991149411,50,1
0.000000000,0.100000000,8100.000000000,8400.000000000,52.726165419,49,1
0.000000000,0.100000000,8400.000000000,8700.000000000,52.260604458,52,1
0.000000000,0.100000000,8700.000000000,9000.000000000,51.877282259,51,1
0.000000000,0.100000000,9000.000000000,9300.000000000,52.257246801,51,1
0.000000000,0.100000000,9300.000000000,9600.000000000,52.576407850,51,1
0.000000000,0.100000000,9600.000000000,9900.000000000,53.059550104,52,1
0.000000000,0.100000000,9900.000000000,10200.000000000,53.126229734,53,1
0.000000000,0.100000000,10200.000000000,10500.000000000,52.246729292,53,1
0.000000000,0.100000000,10500.000000000,10800.000000000,52.023107513,51,1
0.000000000,0.100000000,10800.000000000,11100.000000000,52.218127935,48,1
0.000000000,0.100000000,11100.000000000,11400.000000000,52.224490078,50,1
0.000000000,0.100000000,11400.000000000,11700.000000000,51.095651628,51,1
0.000000000,0.100000000,11700.000000000,12000.000000000,52.849069151,50,1
0.000000000,0.100000000,12000.000000000,12300.000000000,52.840752348,53,1
0.000000000,0.100000000,12300.000000000,12600.000000000,52.384259647,52,1
0.000000000,0.100000000,12600.000000000,12900.000000000,52.431856736,51,1
0.000000000,0.100000000,12900.000000000,13200.000000000,52.760355247,47,1
0.000000000,0.100000000,13200.000000000,13500.000000000,52.585155309,49,1
0.000000000,0.100000000,13500.000000000,13800.000000000,52.112760245,51,1
0.000000000,0.100000000,13800.000000000,14100.000000000,52.037377524,52,1
0.000000000,0.100000000,14100.000000000,14400.000000000,52.621557841,52,1
0.000000000,0.100000000,14400.000000000,14700.000000000,52.098255473,51,1
0.000000000,0.100000000,14700.000000000,15000.000000000,51.346388961,50,1
0.000000000,0.100000000,15000.000000000,15300.000000000,53.374117491,51,1
0.000000000,0.100000000,15300.000000000,15600.000000000,52.836546229,50,1
0.000000000,0.100000000,15600.000000000,15900.000000000,52.705514361,52,1
0.000000000,0.100000000,15900.000000000,16200.000000000,52.316631621,52,1
0.000000000,0.100000000,16200.000000000,16500.000000000,51.419819111,51,1
0.000000000,0.100000000,16500.000000000,16800.000000000,52.162798512,51,1
0.000000000,0.100000000,16800.000000000,17100.000000000,52.730065691,49,1
0.000000000,0.100000000,17100.000000000,17400.000000000,53.181838929,50,1
0.000000000,0.100000000,17400.000000000,17700.000000000,52.308293477,47,1
0.000000000,0.100000000,17700.000000000,18000.000000000,51.512096756,49,1
0.000000000,0.100000000,18000.000000000,18300.000000000,52.041174298,51,1
0.000000000,0.100000000,18300.000000000,18600.000000000,51.676492742,51,1
0.000000000,0.100000000,18600.000000000,18900.000000000,52.853225602,51,1
0.000000000,0.100000000,18900.000000000,19200.000000000,52.031674557,50,1
0.000000000,0.100000000,19200.000000000,19500.000000000,52.096580751,51,1
0.000000000,0.100000000,19500.000000000,19800.000000000,51.902656903,51,1
0.000000000,0.100000000,19800.000000000,20100.000000000,51.906637127,50,1
0.000000000,0.100000000,20100.000000000,20400.000000000,52.562367079,52,1
0.000000000,0.100000000,20400.000000000,20700.000000000,52.153242348,48,1
0.000000000,0.100000000,20700.000000000,21000.000000000,52.012760260,54,1
0.000000000,0.100000000,21000.000000000,21300.000000000,52.564947583,52,1
0.000000000,0.100000000,21300.000000000,21600.000000000,52.709136929,55,1
0.100000000,0.200000000,0.000000000,300.000000000,48.136382046,48,1
0.100000000,0.200000000,300.000000000,600.000000000,50.801346999,50,1
0.100000000,0.200000000,600.000000000,900.000000000,50.069566216,49,1
0.100000000,0.200000000,900.000000000,1200.000000000,48.778283160,50,1
0.100000000,0.200000000,1200.000000000,1500.000000000,50.061738244,50,1
0.100000000,0.200000000,1500.000000000,1800.000000000,49.052038359,50,1
0.100000000,0.200000000,1800.000000000,2100.000000000,50.312570867,51,1
0.100000000,0.200000000,2100.000000000,2400.000000000,50.036348677,50,1
0.100000000,0.200000000,2400.000000000,2700.000000000,50.248257313,50,1
0.100000000,0.200000000,2700.000000000,3000.000000000,48.964986191,55,1
0.100000000,0.200000000,3000.000000000,3300.000000000,48.697120150,50,1
0.100000000,0.200000000,3300.000000000,3600.000000000,49.747081367,51,1
0.100000000,0.200000000,3600.000000000,3900.000000000,49.436471056,51,1
0.100000000,0.200000000,3900.000000000,4200.000000000,49.491996305,54,1
0.100000000,0.200000000,4200.000000000,4500.000000000,47.921295703,51,1
0.100000000,0.200000000,4500.000000000,4800.000000000,50.267828893,52,1
0.100000000,0.200000000,4800.000000000,5100.000000000,49.184261074,56,1
0.100000000,0.200000000,5100.000000000,5400.000000000,49.424378380,48,1
0.100000000,0.200000000,5400.000000000,5700.000000000,49.937582102,56,1
0.100000000,0.200000000,5700.000000000,6000.000000000,49.581878204,50,1
0.100000000,0.200000000,6000.000000000,6300.000000000,50.373451888,49,1
0.100000000,0.200000000,6300.000000000,6600.000000000,49.184915491,53,1
0.100000000,0.200000000,6600.000000000,6900.000000000,47.920133713,53,1
0.100000000,0.200000000,6900.000000000,7200.000000000,48.717535508,52,1
0.100000000,0.200000000,7200.000000000,7500.000000000,49.728565143,53,1
0.100000000,0.200000000,7500.000000000,7800.000000000,48.594247606,51,1
0.100000000,0.200000000,7800.000000000,8100.000000000,50.344822591,51,1
0.100000000,0.200000000,8100.000000000,8400.000000000,49.697505243,49,1
0.100000000,0.200000000,8400.000000000,8700.000000000,49.589711230,52,1
0.100000000,0.200000000,8700.000000000,9000.000000000,48.859917480,51,1
0.100000000,0.200000000,9000.000000000,9300.000000000,49.666859352,51,1
0.100000000,0.200000000,9300.000000000,9600.000000000,49.805692949,51,1
0.100000000,0.200000000,9600.000000000,9900.000000000,50.353281196,52,1
0.100000000,0.200000000,9900.000000000,10200.000000000,50.973683305,52,1
0.100000000,0.200000000,10200.000000000,10500.000000000,49.357197946,53,1
0.100000000,0.200000000,10500.000000000,10800.000000000,49.308326362,52,1
0.100000000,0.200000000,10800.000000000,11100.000000000,49.363494148,47,1
0.100000000,0.200000000,11100.000000000,11400.000000000,49.689901190,50,1
0.100000000,0.200000000,11400.000000000,11700.000000000,47.798259682,50,1
0.100000000,0.200000000,11700.000000000,12000.000000000,50.026122558,50,1
0.100000000,0.200000000,12000.000000000,12300.000000000,50.551029346,52,1
0.100000000,0.200000000,12300.000000000,12600.000000000,49.107859296,52,1
0.100000000,0.200000000,12600.000000000,12900.000000000,49.939454987,50,1
0.100000000,0.200000000,12900.000000000,13200.000000000,50.034562158,47,1
0.100000000,0.200000000,13200.000000000,13500.000000000,49.225554629,49,1
0.100000000,0.200000000,13500.000000000,13800.000000000,48.596024158,51,1
0.100000000,0.200000000,13800.000000000,14100.000000000,49.388256406,52,1
0.100000000,0.200000000,14100.000000000,14400.000000000,49.587350032,52,1
0.100000000,0.200000000,14400.000000000,14700.000000000,49.314205316,51,1
0.100000000,0.200000000,14700.000000000,15000.000000000,48.560545255,50,1
0.100000000,0.200000000,15000.000000000,15300.000000000,50.303787196,51,1
0.100000000,0.200000000,15300.000000000,15600.000000000,49.809707780,49,1
0.100000000,0.200000000,15600.000000000,15900.000000000,50.314647490,53,1
0.100000000,0.200000000,15900.000000000,16200.000000000,49.498623320,51,1
0.100000000,0.200000000,16200.000000000,16500.000000000,48.766805050,51,1
0.100000000,0.200000000,16500.000000000,16800.000000000,48.987944513,50,1
0.100000000,0.200000000,16800.000000000,17100.000000000,50.114644638,49,1
0.100000000,0.200000000,17100.000000000,17400.000000000,50.269824797,49,1
0.100000000,0.200000000,17400.000000000,17700.000000000,49.991997562,48,1
0.100000000,0.200000000,17700.000000000,18000.000000000,48.986729440,49,1
0.100000000,0.200000000,18000.000000000,18300.000000000,48.389339159,50,1
0.100000000,0.200000000,18300.000000000,18600.000000000,48.498435503,52,1
0.100000000,0.200000000,18600.000000000,18900.000000000,49.716175594,52,1
0.100000000,0.200000000,18900.000000000,19200.000000000,49.473930808,49,1
0.100000000,0.200000000,19200.000000000,19500.000000000,48.633479705,50,1
0.100000000,0.200000000,19500.000000000,19800.000000000,49.351600479,52,1
0.100000000,0.200000000,19800.000000000,20100.000000000,49.081627102,50,1
0.100000000,0.200000000,20100.000000000,20400.000000000,49.245486293,52,1
0.100000000,0.200000000,20400.000000000,20700.000000000,49.506944413,47,1
0.100000000,0.200000000,20700.000000000,21000.000000000,49.438994611,54,1
0.100000000,0.200000000,21000.000000000,21300.000000000,49.712178705,53,1
0.100000000,0.200000000,21300.000000000,21600.000000000,49.530539781,56,1
0.200000000,0.300000000,0.000000000,300.000000000,47.583039503,47,1
0.200000000,0.300000000,300.000000000,600.000000000,50.515268027,50,1
0.200000000,0.300000000,600.000000000,900.000000000,50.389673167,48,1
0.200000000,0.300000000,900.000000000,1200.000000000,47.692218420,49,1
0.200000000,0.300000000,1200.000000000,1500.000000000,49.329080339,51,1
0.200000000,0.300000000,1500.000000000,1800.000000000,47.849750025,52,1
0.200000000,0.300000000,1800.000000000,2100.000000000,49.557322929,51,1
0.200000000,0.300000000,2100.000000000,2400.000000000,49.639936441,50,1
0.200000000,0.300000000,2400.000000000,2700.000000000,49.510869578,50,1
0.200000000,0.300000000,2700.000000000,3000.000000000,48.128860198,54,1
0.200000000,0.300000000,3000.000000000,3300.000000000,47.436110706,50,1
0.200000000,0.300000000,3300.000000000,3600.000000000,49.449553047,51,1
0.200000000,0.300000000,3600.000000000,3900.000000000,48.579962598,51,1
0.200000000,0.300000000,3900.000000000,4200.000000000,48.836382284,54,1
0.200000000,0.300000000,4200.000000000,4500.000000000,47.325605978,52,1
0.200000000,0.300000000,4500.000000000,4800.000000000,49.397803816,51,1
0.200000000,0.300000000,4800.000000000,5100.000000000,48.633071348,56,1
0.200000000,0.300000000,5100.000000000,5400.000000000,48.953695528,48,1
0.200000000,0.300000000,5400.000000000,5700.000000000,49.354522003,55,1
0.200000000,0.300000000,5700.000000000,6000.000000000,49.329377900,49,1
0.200000000,0.300000000,6000.000000000,6300.000000000,49.074880152,49,1
0.200000000,0.300000000,6300.000000000,6600.000000000,48.071482317,54,1
0.200000000,0.300000000,6600.000000000,6900.000000000,47.191357959,54,1
0.200000000,0.300000000,6900.000000000,7200.000000000,48.138165983,52,1
0.200000000,0.300000000,7200.000000000,7500.000000000,48.299319647,53,1
0.200000000,0.300000000,7500.000000000,7800.000000000,47.667039654,50,1
0.200000000,0.300000000,7800.000000000,8100.000000000,49.996643448,51,1
0.200000000,0.300000000,8100.000000000,8400.000000000,48.079628017,49,1
0.200000000,0.300000000,8400.000000000,8700.000000000,48.924421384,51,1
0.200000000,0.300000000,8700.000000000,9000.000000000,47.682694195,52,1
0.200000000,0.300000000,9000.000000000,9300.000000000,48.730979400,52,1
0.200000000,0.300000000,9300.000000000,9600.000000000,49.009301386,51,1
0.200000000,0.300000000,9600.000000000,9900.000000000,49.470856555,53,1
0.200000000,0.300000000,9900.000000000,10200.000000000,50.650785731,52,1
0.200000000,0.300000000,10200.000000000,10500.000000000,48.529067559,51,1
0.200000000,0.300000000,10500.000000000,10800.000000000,49.055769167,52,1
0.200000000,0.300000000,10800.000000000,11100.000000000,48.404497763,49,1
0.200000000,0.300000000,11100.000000000,11400.000000000,48.658775977,50,1
0.200000000,0.300000000,11400.000000000,11700.000000000,46.759160022,50,1
0.200000000,0.300000000,11700.000000000,12000.000000000,49.369132503,50,1
0.200000000,0.300000000,12000.000000000,12300.000000000,50.141310631,52,1
0.200000000,0.300000000,12300.000000000,12600.000000000,48.157883467,52,1
0.200000000,0.300000000,12600.000000000,12900.000000000,49.637590849,50,1
0.200000000,0.300000000,12900.000000000,13200.000000000,49.261994508,48,1
0.200000000,0.300000000,13200.000000000,13500.000000000,47.453480523,49,1
0.200000000,0.300000000,13500.000000000,13800.000000000,47.567585773,51,1
0.200000000,0.300000000,13800.000000000,14100.000000000,48.918290432,52,1
0.200000000,0.300000000,14100.000000000,14400.000000000,49.083794046,53,1
0.200000000,0.300000000,14400.000000000,14700.000000000,48.759293880,50,1
0.200000000,0.300000000,14700.000000000,15000.000000000,48.050069724,51,1
0.200000000,0.300000000,15000.000000000,15300.000000000,49.645968970,51,1
0.200000000,0.300000000,15300.000000000,15600.000000000,49.043345579,49,1
0.200000000,0.300000000,15600.000000000,15900.000000000,49.166954980,52,1
0.200000000,0.300000000,15900.000000000,16200.000000000,48.805317555,51,1
0.200000000,0.300000000,16200.000000000,16500.000000000,47.848759829,52,1
0.200000000,0.300000000,16500.000000000,16800.000000000,48.217059577,51,1
0.200000000,0.300000000,16800.000000000,17100.000000000,49.544363923,49,1
0.200000000,0.300000000,17100.000000000,17400.000000000,49.862018136,49,1
0.200000000,0.300000000,17400.000000000,17700.000000000,49.410141219,49,1
0.200000000,0.300000000,17700.000000000,18000.000000000,48.681320185,50,1
0.200000000,0.300000000,18000.000000000,18300.000000000,47.798368419,50,1
0.200000000,0.300000000,18300.000000000,18600.000000000,48.026888499,51,1
0.200000000,0.300000000,18600.000000000,18900.000000000,48.486721449,53,1
0.200000000,0.300000000,18900.000000000,19200.000000000,47.773790004,50,1
0.200000000,0.300000000,19200.000000000,19500.000000000,48.541661957,50,1
0.200000000,0.300000000,19500.000000000,19800.000000000,48.861424489,52,1
0.200000000,0.300000000,19800.000000000,20100.000000000,48.548639176,50,1
0.200000000,0.300000000,20100.000000000,20400.000000000,48.410424626,52,1
0.200000000,0.300000000,20400.000000000,20700.000000000,49.480149972,48,1
0.200000000,0.300000000,20700.000000000,21000.000000000,48.490054027,54,1
0.200000000,0.300000000,21000.000000000,21300.000000000,49.051185906,53,1
0.200000000,0.300000000,21300.000000000,21600.000000000,48.117566848,56,1
0.300000000,0.400000000,0.000000000,300.000000000,47.571769325,46,1
0.300000000,0.400000000,300.000000000,600.000000000,50.516307077,49,1
0.300000000,0.400000000,600.000000000,900.000000000,50.336366427,49,1
0.300000000,0.400000000,900.000000000,1200.000000000,47.454736154,48,1
0.300000000,0.400000000,1200.000000000,1500.000000000,48.936694350,49,1
0.300000000,0.400000000,1500.000000000,1800.000000000,46.665376496,51,1
0.300000000,0.400000000,1800.000000000,2100.000000000,48.878714710,49,1
0.300000000,0.400000000,2100.000000000,2400.000000000,48.858459865,51,1
0.300000000,0.400000000,2400.000000000,2700.000000000,48.824232186,50,1
0.300000000,0.400000000,2700.000000000,3000.000000000,47.413980173,53,1
0.300000000,0.400000000,3000.000000000,3300.000000000,46.512899344,50,1
0.300000000,0.400000000,3300.000000000,3600.000000000,48.376965891,52,1
0.300000000,0.400000000,3600.000000000,3900.000000000,47.610068798,51,1
0.300000000,0.400000000,3900.000000000,4200.000000000,47.572321675,53,1
0.300000000,0.400000000,4200.000000000,4500.000000000,46.620037559,53,1
0.300000000,0.400000000,4500.000000000,4800.000000000,48.435620521,51,1
0.300000000,0.400000000,4800.000000000,5100.000000000,48.280656542,56,1
0.300000000,0.400000000,5100.000000000,5400.000000000,48.320876047,48,1
0.300000000,0.400000000,5400.000000000,5700.000000000,48.909305574,55,1
0.300000000,0.400000000,5700.000000000,6000.000000000,48.655348222,48,1
0.300000000,0.400000000,6000.000000000,6300.000000000,47.060580346,48,1
0.300000000,0.400000000,6300.000000000,6600.000000000,46.679885945,54,1
0.300000000,0.400000000,6600.000000000,6900.000000000,46.390997190,55,1
0.300000000,0.400000000,6900.000000000,7200.000000000,47.696517960,51,1
0.300000000,0.400000000,7200.000000000,7500.000000000,47.000657697,52,1
0.300000000,0.400000000,7500.000000000,7800.000000000,46.778087121,51,1
0.300000000,0.400000000,7800.000000000,8100.000000000,48.126842329,52,1
0.300000000,0.400000000,8100.000000000,8400.000000000,46.801509625,50,1
0.300000000,0.400000000,8400.000000000,8700.000000000,48.063580847,51,1
0.300000000,0.400000000,8700.000000000,9000.000000000,46.970653322,51,1
0.300000000,0.400000000,9000.000000000,9300.000000000,48.535376305,52,1
0.300000000,0.400000000,9300.000000000,9600.000000000,48.632199958,50,1
0.300000000,0.400000000,9600.000000000,9900.000000000,49.232012143,54,1
0.300000000,0.400000000,9900.000000000,10200.000000000,50.175478385,53,1
0.300000000,0.400000000,10200.000000000,10500.000000000,47.640013786,53,1
0.300000000,0.400000000,10500.000000000,10800.000000000,48.668917490,51,1
0.300000000,0.400000000,10800.000000000,11100.000000000,47.490729691,51,1
0.300000000,0.400000000,11100.000000000,11400.000000000,47.981075281,51,1
0.300000000,0.400000000,11400.000000000,11700.000000000,45.205885781,51,1
0.300000000,0.400000000,11700.000000000,12000.000000000,49.055670599,50,1
0.300000000,0.400000000,12000.000000000,12300.000000000,50.186680400,52,1
0.300000000,0.400000000,12300.000000000,12600.000000000,47.414639447,52,1
0.300000000,0.400000000,12600.000000000,12900.000000000,49.588014162,51,1
0.300000000,0.400000000,12900.000000000,13200.000000000,48.141999966,48,1
0.300000000,0.400000000,13200.000000000,13500.000000000,45.708192502,49,1
0.300000000,0.400000000,13500.000000000,13800.000000000,46.385635984,51,1
0.300000000,0.400000000,13800.000000000,14100.000000000,48.143701770,52,1
0.300000000,0.400000000,14100.000000000,14400.000000000,48.123626326,52,1
0.300000000,0.400000000,14400.000000000,14700.000000000,47.749350023,49,1
0.300000000,0.400000000,14700.000000000,15000.000000000,47.169901014,51,1
0.300000000,0.400000000,15000.000000000,15300.000000000,48.952006651,51,1
0.300000000,0.400000000,15300.000000000,15600.000000000,48.141485847,49,1
0.300000000,0.400000000,15600.000000000,15900.000000000,47.962972154,53,1
0.300000000,0.400000000,15900.000000000,16200.000000000,48.585863223,50,1
0.300000000,0.400000000,16200.000000000,16500.000000000,47.545764981,52,1
0.300000000,0.400000000,16500.000000000,16800.000000000,47.274147515,51,1
0.300000000,0.400000000,16800.000000000,17100.000000000,48.880851236,50,1
0.300000000,0.400000000,17100.000000000,17400.000000000,49.666412566,49,1
0.300000000,0.400000000,17400.000000000,17700.000000000,49.143156881,49,1
0.300000000,0.400000000,17700.000000000,18000.000000000,48.173762766,49,1
0.300000000,0.400000000,18000.000000000,18300.000000000,46.621267780,49,1
0.300000000,0.400000000,18300.000000000,18600.000000000,47.565755948,50,1
0.300000000,0.400000000,18600.000000000,18900.000000000,47.224358960,52,1
0.300000000,0.400000000,18900.000000000,19200.000000000,46.617263011,50,1
0.300000000,0.400000000,19200.000000000,19500.000000000,46.765824059,51,1
0.300000000,0.400000000,19500.000000000,19800.000000000,48.383486984,52,1
0.300000000,0.400000000,19800.000000000,20100.000000000,47.801521525,49,1
0.300000000,0.400000000,20100.000000000,20400.000000000,48.168393894,51,1
0.300000000,0.400000000,20400.000000000,20700.000000000,48.724995871,48,1
0.300000000,0.400000000,20700.000000000,21000.000000000,47.938698721,54,1
0.300000000,0.400000000,21000.000000000,21300.000000000,48.376083344,53,1
0.300000000,0.400000000,21300.000000000,21600.000000000,47.011796208,55,1
0.400000000,0.500000000,0.000000000,300.000000000,47.770187427,46,1
0.400000000,0.500000000,300.000000000,600.000000000,50.550644757,50,1
0.400000000,0.500000000,600.000000000,900.000000000,48.711470893,51,1
0.400000000,0.500000000,900.000000000,1200.000000000,47.050383138,48,1
0.400000000,0.500000000,1200.000000000,1500.000000000,48.066859072,49,1
0.400000000,0.500000000,1500.000000000,1800.000000000,46.568560364,52,1
0.400000000,0.500000000,1800.000000000,2100.000000000,47.710384430,50,1
0.400000000,0.500000000,2100.000000000,2400.000000000,48.520102714,51,1
0.400000000,0.500000000,2400.000000000,2700.000000000,48.288836554,51,1
0.400000000,0.500000000,2700.000000000,3000.000000000,46.625113097,55,1
0.400000000,0.500000000,3000.000000000,3300.000000000,46.335593035,48,1
0.400000000,0.500000000,3300.000000000,3600.000000000,47.273962480,52,1
0.400000000,0.500000000,3600.000000000,3900.000000000,47.485274903,52,1
0.400000000,0.500000000,3900.000000000,4200.000000000,46.861962890,52,1
0.400000000,0.500000000,4200.000000000,4500.000000000,46.471529387,53,1
0.400000000,0.500000000,4500.000000000,4800.000000000,47.513082524,51,1
0.400000000,0.500000000,4800.000000000,5100.000000000,47.192198458,57,1
0.400000000,0.500000000,5100.000000000,5400.000000000,47.015485960,48,1
0.400000000,0.500000000,5400.000000000,5700.000000000,48.012112286,55,1
0.400000000,0.500000000,5700.000000000,6000.000000000,48.497846229,50,1
0.400000000,0.500000000,6000.000000000,6300.000000000,47.432378626,49,1
0.400000000,0.500000000,6300.000000000,6600.000000000,45.488311160,53,1
0.400000000,0.500000000,6600.000000000,6900.000000000,45.585657275,53,1
0.400000000,0.500000000,6900.000000000,7200.000000000,46.648053054,52,1
0.400000000,0.500000000,7200.000000000,7500.000000000,45.510346211,53,1
0.400000000,0.500000000,7500.000000000,7800.000000000,47.026416513,48,1
0.400000000,0.500000000,7800.000000000,8100.000000000,47.487071032,51,1
0.400000000,0.500000000,8100.000000000,8400.000000000,45.633321790,48,1
0.400000000,0.500000000,8400.000000000,8700.000000000,47.404794603,52,1
0.400000000,0.500000000,8700.000000000,9000.000000000,46.257040980,50,1
0.400000000,0.500000000,9000.000000000,9300.000000000,48.059188760,52,1
0.400000000,0.500000000,9300.000000000,9600.000000000,48.118206357,49,1
0.400000000,0.500000000,9600.000000000,9900.000000000,49.219794113,54,1
0.400000000,0.500000000,9900.000000000,10200.000000000,48.792842963,52,1
0.400000000,0.500000000,10200.000000000,10500.000000000,46.566020728,52,1
0.400000000,0.500000000,10500.000000000,10800.000000000,47.938277969,49,1
0.400000000,0.500000000,10800.000000000,11100.000000000,46.625867277,49,1
0.400000000,0.500000000,11100.000000000,11400.000000000,47.595199311,50,1
0.400000000,0.500000000,11400.000000000,11700.000000000,44.327502954,51,1
0.400000000,0.500000000,11700.000000000,12000.000000000,48.868855071,51,1
0.400000000,0.500000000,12000.000000000,12300.000000000,49.427750973,51,1
0.400000000,0.500000000,12300.000000000,12600.000000000,46.490716601,51,1
0.400000000,0.500000000,12600.000000000,12900.000000000,48.997070700,52,1
0.400000000,0.500000000,12900.000000000,13200.000000000,47.707518899,48,1
0.400000000,0.500000000,13200.000000000,13500.000000000,45.613561417,49,1
0.400000000,0.500000000,13500.000000000,13800.000000000,45.641571718,51,1
0.400000000,0.500000000,13800.000000000,14100.000000000,47.817019209,53,1
0.400000000,0.500000000,14100.000000000,14400.000000000,47.547292574,55,1
0.400000000,0.500000000,14400.000000000,14700.000000000,47.108143215,51,1
0.400000000,0.500000000,14700.000000000,15000.000000000,45.362099023,52,1
0.400000000,0.500000000,15000.000000000,15300.000000000,47.879986337,53,1
0.400000000,0.500000000,15300.000000000,15600.000000000,47.411911364,50,1
0.400000000,0.500000000,15600.000000000,15900.000000000,47.729385732,53,1
0.400000000,0.500000000,15900.000000000,16200.000000000,48.215000000,49,1
0.400000000,0.500000000,16200.000000000,16500.000000000,46.512312637,50,1
0.400000000,0.500000000,16500.000000000,16800.000000000,46.845742684,51,1
0.400000000,0.500000000,16800.000000000,17100.000000000,48.073774142,51,1
0.400000000,0.500000000,17100.000000000,17400.000000000,48.802342590,48,1
0.400000000,0.500000000,17400.000000000,17700.000000000,48.873555469,49,1
0.400000000,0.500000000,17700.000000000,18000.000000000,47.784673485,51,1
0.400000000,0.500000000,18000.000000000,18300.000000000,46.553478434,51,1
0.400000000,0.500000000,18300.000000000,18600.000000000,47.154537805,50,1
0.400000000,0.500000000,18600.000000000,18900.000000000,46.449689934,53,1
0.400000000,0.500000000,18900.000000000,19200.000000000,45.753949745,49,1
0.400000000,0.500000000,19200.000000000,19500.000000000,45.556256266,51,1
0.400000000,0.500000000,19500.000000000,19800.000000000,47.755083267,54,1
0.400000000,0.500000000,19800.000000000,20100.000000000,47.061780232,50,1
0.400000000,0.500000000,20100.000000000,20400.000000000,48.314056292,50,1
0.400000000,0.500000000,20400.000000000,20700.000000000,47.850911686,47,1
0.400000000,0.500000000,20700.000000000,21000.000000000,48.578027631,52,1
0.400000000,0.500000000,21000.000000000,21300.000000000,47.493139790,54,1
0.400000000,0.500000000,21300.000000000,21600.000000000,45.700657281,54,1
0.500000000,0.600000000,0.000000000,300.000000000,47.258879547,44,1
0.500000000,0.600000000,300.000000000,600.000000000,50.307680031,49,1
0.500000000,0.600000000,600.000000000,900.000000000,48.292498581,49,1
0.500000000,0.600000000,900.000000000,1200.000000000,45.918440106,49,1
0.500000000,0.600000000,1200.000000000,1500.000000000,47.060567751,49,1
0.500000000,0.600000000,1500.000000000,1800.000000000,46.977103863,52,1
0.500000000,0.600000000,1800.000000000,2100.000000000,47.584303003,51,1
0.500000000,0.600000000,2100.000000000,2400.000000000,47.378668188,52,1
0.500000000,0.600000000,2400.000000000,2700.000000000,47.799963305,49,1
0.500000000,0.600000000,2700.000000000,3000.000000000,46.618934963,54,1
0.500000000,0.600000000,3000.000000000,3300.000000000,44.827482768,51,1
0.500000000,0.600000000,3300.000000000,3600.000000000,45.854709522,52,1
0.500000000,0.600000000,3600.000000000,3900.000000000,46.971789566,52,1
0.500000000,0.600000000,3900.000000000,4200.000000000,46.871502239,52,1
0.500000000,0.600000000,4200.000000000,4500.000000000,46.402660863,53,1
0.500000000,0.600000000,4500.000000000,4800.000000000,46.655209840,49,1
0.500000000,0.600000000,4800.000000000,5100.000000000,46.460358714,55,1
0.500000000,0.600000000,5100.000000000,5400.000000000,46.076305114,49,1
0.500000000,0.600000000,5400.000000000,5700.000000000,47.065889772,55,1
0.500000000,0.600000000,5700.000000000,6000.000000000,48.803563334,49,1
0.500000000,0.600000000,6000.000000000,6300.000000000,47.149342519,48,1
0.500000000,0.600000000,6300.000000000,6600.000000000,44.990418559,53,1
0.500000000,0.600000000,6600.000000000,6900.000000000,45.069683307,57,1
0.500000000,0.600000000,6900.000000000,7200.000000000,46.239552077,52,1
0.500000000,0.600000000,7200.000000000,7500.000000000,45.116861160,52,1
0.500000000,0.600000000,7500.000000000,7800.000000000,45.856836492,52,1
0.500000000,0.600000000,7800.000000000,8100.000000000,47.328456595,53,1
0.500000000,0.600000000,8100.000000000,8400.000000000,45.725514045,48,1
0.500000000,0.600000000,8400.000000000,8700.000000000,47.301879960,53,1
0.500000000,0.600000000,8700.000000000,9000.000000000,45.277156435,50,1
0.500000000,0.600000000,9000.000000000,9300.000000000,47.722281302,52,1
0.500000000,0.600000000,9300.000000000,9600.000000000,47.300059719,48,1
0.500000000,0.600000000,9600.000000000,9900.000000000,48.910751783,53,1
0.500000000,0.600000000,9900.000000000,10200.000000000,47.978564478,52,1
0.500000000,0.600000000,10200.000000000,10500.000000000,45.851743056,53,1
0.500000000,0.600000000,10500.000000000,10800.000000000,47.015345526,51,1
0.500000000,0.600000000,10800.000000000,11100.000000000,46.314424647,48,1
0.500000000,0.600000000,11100.000000000,11400.000000000,45.964502728,49,1
0.500000000,0.600000000,11400.000000000,11700.000000000,43.120095178,50,1
0.500000000,0.600000000,11700.000000000,12000.000000000,47.564869851,53,1
0.500000000,0.600000000,12000.000000000,12300.000000000,48.938312829,53,1
0.500000000,0.600000000,12300.000000000,12600.000000000,46.735925851,50,1
0.500000000,0.600000000,12600.000000000,12900.000000000,48.215383095,51,1
0.500000000,0.600000000,12900.000000000,13200.000000000,47.400663534,48,1
0.500000000,0.600000000,13200.000000000,13500.000000000,45.954098992,47,1
0.500000000,0.600000000,13500.000000000,13800.000000000,45.385640770,52,1
0.500000000,0.600000000,13800.000000000,14100.000000000,47.653140926,53,1
0.500000000,0.600000000,14100.000000000,14400.000000000,46.384598175,53,1
0.500000000,0.600000000,14400.000000000,14700.000000000,47.119901326,48,1
0.500000000,0.600000000,14700.000000000,15000.000000000,44.572084316,49,1
0.500000000,0.600000000,15000.000000000,15300.000000000,45.993868257,55,1
0.500000000,0.600000000,15300.000000000,15600.000000000,46.404136508,50,1
0.500000000,0.600000000,15600.000000000,15900.000000000,47.502076520,53,1
0.500000000,0.600000000,15900.000000000,16200.000000000,47.615930631,51,1
0.500000000,0.600000000,16200.000000000,16500.000000000,46.322803505,50,1
0.500000000,0.600000000,16500.000000000,16800.000000000,46.254273434,50,1
0.500000000,0.600000000,16800.000000000,17100.000000000,46.713058761,50,1
0.500000000,0.600000000,17100.000000000,17400.000000000,47.657830688,48,1
0.500000000,0.600000000,17400.000000000,17700.000000000,47.900266107,48,1
0.500000000,0.600000000,17700.000000000,18000.000000000,47.496457490,48,1
0.500000000,0.600000000,18000.000000000,18300.000000000,46.911361574,50,1
0.500000000,0.600000000,18300.000000000,18600.000000000,47.253188994,49,1
0.500000000,0.600000000,18600.000000000,18900.000000000,46.041947669,53,1
0.500000000,0.600000000,18900.000000000,19200.000000000,44.396108071,48,1
0.500000000,0.600000000,19200.000000000,19500.000000000,45.195711894,50,1
0.500000000,0.600000000,19500.000000000,19800.000000000,47.621110973,52,1
0.500000000,0.600000000,19800.000000000,20100.000000000,46.406321148,49,1
0.500000000,0.600000000,20100.000000000,20400.000000000,48.137317306,52,1
0.500000000,0.600000000,20400.000000000,20700.000000000,47.234997337,48,1
0.500000000,0.600000000,20700.000000000,21000.000000000,48.344626702,53,1
0.500000000,0.600000000,21000.000000000,21300.000000000,47.770640058,53,1
0.500000000,0.600000000,21300.000000000,21600.000000000,44.723528429,55,1
0.600000000,0.700000000,0.000000000,300.000000000,47.134753772,42,1
0.600000000,0.700000000,300.000000000,600.000000000,49.267393436,50,1
0.600000000,0.700000000,600.000000000,900.000000000,47.526979911,49,1
0.600000000,0.700000000,900.000000000,1200.000000000,45.741188133,49,1
0.600000000,0.700000000,1200.000000000,1500.000000000,46.349391461,50,1
0.600000000,0.700000000,1500.000000000,1800.000000000,47.413845758,51,1
0.600000000,0.700000000,1800.000000000,2100.000000000,47.597489270,51,1
0.600000000,0.700000000,2100.000000000,2400.000000000,47.063816831,51,1
0.600000000,0.700000000,2400.000000000,2700.000000000,47.060377685,50,1
0.600000000,0.700000000,2700.000000000,3000.000000000,46.697795188,54,1
0.600000000,0.700000000,3000.000000000,3300.000000000,44.834983969,51,1
0.600000000,0.700000000,3300.000000000,3600.000000000,44.665919003,53,1
0.600000000,0.700000000,3600.000000000,3900.000000000,46.331093165,54,1
0.600000000,0.700000000,3900.000000000,4200.000000000,46.381104418,53,1
0.600000000,0.700000000,4200.000000000,4500.000000000,46.160603172,55,1
0.600000000,0.700000000,4500.000000000,4800.000000000,45.948895365,52,1
0.600000000,0.700000000,4800.000000000,5100.000000000,45.905211251,55,1
0.600000000,0.700000000,5100.000000000,5400.000000000,45.170242986,51,1
0.600000000,0.700000000,5400.000000000,5700.000000000,46.303175363,56,1
0.600000000,0.700000000,5700.000000000,6000.000000000,48.535897962,49,1
0.600000000,0.700000000,6000.000000000,6300.000000000,46.962818713,49,1
0.600000000,0.700000000,6300.000000000,6600.000000000,44.364425931,53,1
0.600000000,0.700000000,6600.000000000,6900.000000000,44.833968801,54,1
0.600000000,0.700000000,6900.000000000,7200.000000000,45.529874897,53,1
0.600000000,0.700000000,7200.000000000,7500.000000000,45.249442582,51,1
0.600000000,0.700000000,7500.000000000,7800.000000000,45.676380280,51,1
0.600000000,0.700000000,7800.000000000,8100.000000000,46.432638107,53,1
0.600000000,0.700000000,8100.000000000,8400.000000000,45.619512602,49,1
0.600000000,0.700000000,8400.000000000,8700.000000000,47.006756386,53,1
0.600000000,0.700000000,8700.000000000,9000.000000000,44.210533638,52,1
0.600000000,0.700000000,9000.000000000,9300.000000000,46.739767987,53,1
0.600000000,0.700000000,9300.000000000,9600.000000000,46.627453241,50,1
0.600000000,0.700000000,9600.000000000,9900.000000000,48.292862377,51,1
0.600000000,0.700000000,9900.000000000,10200.000000000,47.781675681,52,1
0.600000000,0.700000000,10200.000000000,10500.000000000,45.117574132,51,1
0.600000000,0.700000000,10500.000000000,10800.000000000,45.396260860,53,1
0.600000000,0.700000000,10800.000000000,11100.000000000,46.217327567,49,1
0.600000000,0.700000000,11100.000000000,11400.000000000,45.450137735,50,1
0.600000000,0.700000000,11400.000000000,11700.000000000,42.652654335,49,1
0.600000000,0.700000000,11700.000000000,12000.000000000,47.521078442,53,1
0.600000000,0.700000000,12000.000000000,12300.000000000,48.237139008,52,1
0.600000000,0.700000000,12300.000000000,12600.000000000,46.840652173,51,1
0.600000000,0.700000000,12600.000000000,12900.000000000,47.660500137,53,1
0.600000000,0.700000000,12900.000000000,13200.000000000,45.741839162,48,1
0.600000000,0.700000000,13200.000000000,13500.000000000,44.825017703,48,1
0.600000000,0.700000000,13500.000000000,13800.000000000,45.953269429,50,1
0.600000000,0.700000000,13800.000000000,14100.000000000,47.554836364,53,1
0.600000000,0.700000000,14100.000000000,14400.000000000,45.657260221,53,1
0.600000000,0.700000000,14400.000000000,14700.000000000,46.853248877,50,1
0.600000000,0.700000000,14700.000000000,15000.000000000,45.729992376,46,1
0.600000000,0.700000000,15000.000000000,15300.000000000,44.809019431,54,1
0.600000000,0.700000000,15300.000000000,15600.000000000,45.711034830,50,1
0.600000000,0.700000000,15600.000000000,15900.000000000,47.149926432,54,1
0.600000000,0.700000000,15900.000000000,16200.000000000,45.986553546,53,1
0.600000000,0.700000000,16200.000000000,16500.000000000,45.872385426,49,1
0.600000000,0.700000000,16500.000000000,16800.000000000,44.696947302,51,1
0.600000000,0.700000000,16800.000000000,17100.000000000,45.754845440,51,1
0.600000000,0.700000000,17100.000000000,17400.000000000,47.074974609,49,1
0.600000000,0.700000000,17400.000000000,17700.000000000,46.784202510,50,1
0.600000000,0.700000000,17700.000000000,18000.000000000,46.846328284,50,1
0.600000000,0.700000000,18000.000000000,18300.000000000,46.802187202,52,1
0.600000000,0.700000000,18300.000000000,18600.000000000,46.623200945,48,1
0.600000000,0.700000000,18600.000000000,18900.000000000,45.003798393,54,1
0.600000000,0.700000000,18900.000000000,19200.000000000,45.205983066,49,1
0.600000000,0.700000000,19200.000000000,19500.000000000,45.159161200,50,1
0.600000000,0.700000000,19500.000000000,19800.000000000,46.778097441,52,1
0.600000000,0.700000000,19800.000000000,20100.000000000,46.470111638,50,1
0.600000000,0.700000000,20100.000000000,20400.000000000,47.486334903,51,1
0.600000000,0.700000000,20400.000000000,20700.000000000,47.078815947,48,1
0.600000000,0.700000000,20700.000000000,21000.000000000,48.175944983,54,1
0.600000000,0.700000000,21000.000000000,21300.000000000,46.848685538,54,1
0.600000000,0.700000000,21300.000000000,21600.000000000,43.995550932,54,1
0.700000000,0.800000000,0.000000000,300.000000000,47.214304359,41,1
0.700000000,0.800000000,300.000000000,600.000000000,48.762873247,50,1
0.700000000,0.800000000,600.000000000,900.000000000,46.440901073,49,1
0.700000000,0.800000000,900.000000000,1200.000000000,46.138406144,48,1
0.700000000,0.800000000,1200.000000000,1500.000000000,45.868404183,48,1
0.700000000,0.800000000,1500.000000000,1800.000000000,46.261083319,52,1
0.700000000,0.800000000,1800.000000000,2100.000000000,46.690327794,52,1
0.700000000,0.800000000,2100.000000000,2400.000000000,45.637833180,52,1
0.700000000,0.800000000,2400.000000000,2700.000000000,47.012668687,50,1
0.700000000,0.800000000,2700.000000000,3000.000000000,45.928127494,53,1
0.700000000,0.800000000,3000.000000000,3300.000000000,44.971851018,49,1
0.700000000,0.800000000,3300.000000000,3600.000000000,44.313974047,52,1
0.700000000,0.800000000,3600.000000000,3900.000000000,46.029335042,52,1
0.700000000,0.800000000,3900.000000000,4200.000000000,46.232129835,53,1
0.700000000,0.800000000,4200.000000000,4500.000000000,45.403783849,52,1
0.700000000,0.800000000,4500.000000000,4800.000000000,46.251686747,51,1
0.700000000,0.800000000,4800.000000000,5100.000000000,46.289687543,53,1
0.700000000,0.800000000,5100.000000000,5400.000000000,44.701310869,50,1
0.700000000,0.800000000,5400.000000000,5700.000000000,45.814279468,56,1
0.700000000,0.800000000,5700.000000000,6000.000000000,47.545736452,50,1
0.700000000,0.800000000,6000.000000000,6300.000000000,46.741687670,47,1
0.700000000,0.800000000,6300.000000000,6600.000000000,43.643107446,54,1
0.700000000,0.800000000,6600.000000000,6900.000000000,44.318117890,53,1
0.700000000,0.800000000,6900.000000000,7200.000000000,45.051799476,51,1
0.700000000,0.800000000,7200.000000000,7500.000000000,44.788629904,51,1
0.700000000,0.800000000,7500.000000000,7800.000000000,45.502790281,50,1
0.700000000,0.800000000,7800.000000000,8100.000000000,45.572719341,54,1
0.700000000,0.800000000,8100.000000000,8400.000000000,45.044551338,48,1
0.700000000,0.800000000,8400.000000000,8700.000000000,46.582902507,54,1
0.700000000,0.800000000,8700.000000000,9000.000000000,43.368240377,51,1
0.700000000,0.800000000,9000.000000000,9300.000000000,46.321512120,52,1
0.700000000,0.800000000,9300.000000000,9600.000000000,46.351243026,49,1
0.700000000,0.800000000,9600.000000000,9900.000000000,48.493505721,53,1
0.700000000,0.800000000,9900.000000000,10200.000000000,46.992908513,53,1
0.700000000,0.800000000,10200.000000000,10500.000000000,45.232523736,48,1
0.700000000,0.800000000,10500.000000000,10800.000000000,44.579685951,52,1
0.700000000,0.800000000,10800.000000000,11100.000000000,46.170266783,49,1
0.700000000,0.800000000,11100.000000000,11400.000000000,45.559429572,50,1
0.700000000,0.800000000,11400.000000000,11700.000000000,43.253116449,47,1
0.700000000,0.800000000,11700.000000000,12000.000000000,47.053472012,53,1
0.700000000,0.800000000,12000.000000000,12300.000000000,47.919039643,51,1
0.700000000,0.800000000,12300.000000000,12600.000000000,46.420720486,48,1
0.700000000,0.800000000,12600.000000000,12900.000000000,47.541571301,53,1
0.700000000,0.800000000,12900.000000000,13200.000000000,45.353949217,48,1
0.700000000,0.800000000,13200.000000000,13500.000000000,43.651744062,51,1
0.700000000,0.800000000,13500.000000000,13800.000000000,46.040103387,50,1
0.700000000,0.800000000,13800.000000000,14100.000000000,47.287012408,53,1
0.700000000,0.800000000,14100.000000000,14400.000000000,45.310417616,54,1
0.700000000,0.800000000,14400.000000000,14700.000000000,47.038456429,51,1
0.700000000,0.800000000,14700.000000000,15000.000000000,46.312850732,47,1
0.700000000,0.800000000,15000.000000000,15300.000000000,43.867191214,52,1
0.700000000,0.800000000,15300.000000000,15600.000000000,45.580689050,49,1
0.700000000,0.800000000,15600.000000000,15900.000000000,46.421081515,54,1
0.700000000,0.800000000,15900.000000000,16200.000000000,45.445059938,53,1
0.700000000,0.800000000,16200.000000000,16500.000000000,45.860714145,50,1
0.700000000,0.800000000,16500.000000000,16800.000000000,44.131813902,50,1
0.700000000,0.800000000,16800.000000000,17100.000000000,45.481090730,52,1
0.700000000,0.800000000,17100.000000000,17400.000000000,45.997933276,51,1
0.700000000,0.800000000,17400.000000000,17700.000000000,46.746030233,49,1
0.700000000,0.800000000,17700.000000000,18000.000000000,46.512852486,49,1
0.700000000,0.800000000,18000.000000000,18300.000000000,45.611424982,52,1
0.700000000,0.800000000,18300.000000000,18600.000000000,46.521390138,50,1
0.700000000,0.800000000,18600.000000000,18900.000000000,45.433926489,51,1
0.700000000,0.800000000,18900.000000000,19200.000000000,44.710456620,53,1
0.700000000,0.800000000,19200.000000000,19500.000000000,44.561415098,51,1
0.700000000,0.800000000,19500.000000000,19800.000000000,44.954395668,51,1
0.700000000,0.800000000,19800.000000000,20100.000000000,45.916326608,51,1
0.700000000,0.800000000,20100.000000000,20400.000000000,46.417394724,52,1
0.700000000,0.800000000,20400.000000000,20700.000000000,47.234548054,47,1
0.700000000,0.800000000,20700.000000000,21000.000000000,47.554573074,51,1
0.700000000,0.800000000,21000.000000000,21300.000000000,46.078276350,54,1
0.700000000,0.800000000,21300.000000000,21600.000000000,43.244699364,54,1
0.800000000,0.900000000,0.000000000,300.000000000,46.832929022,40,1
0.800000000,0.900000000,300.000000000,600.000000000,48.996925294,51,1
0.800000000,0.900000000,600.000000000,900.000000000,46.887411291,49,1
0.800000000,0.900000000,900.000000000,1200.000000000,46.644285188,48,1
0.800000000,0.900000000,1200.000000000,1500.000000000,46.574738307,49,1
0.800000000,0.900000000,1500.000000000,1800.000000000,45.994248032,51,1
0.800000000,0.900000000,1800.000000000,2100.000000000,46.347952624,49,1
0.800000000,0.900000000,2100.000000000,2400.000000000,44.049621121,52,1
0.800000000,0.900000000,2400.000000000,2700.000000000,47.016051440,52,1
0.800000000,0.900000000,2700.000000000,3000.000000000,45.620074377,53,1
0.800000000,0.900000000,3000.000000000,3300.000000000,44.732199738,50,1
0.800000000,0.900000000,3300.000000000,3600.000000000,44.417981205,51,1
0.800000000,0.900000000,3600.000000000,3900.000000000,45.035879134,51,1
0.800000000,0.900000000,3900.000000000,4200.000000000,46.165697799,53,1
0.800000000,0.900000000,4200.000000000,4500.000000000,45.219218763,53,1
0.800000000,0.900000000,4500.000000000,4800.000000000,46.115731529,52,1
0.800000000,0.900000000,4800.000000000,5100.000000000,46.255511348,54,1
0.800000000,0.900000000,5100.000000000,5400.000000000,44.807299961,51,1
0.800000000,0.900000000,5400.000000000,5700.000000000,45.624687386,55,1
0.800000000,0.900000000,5700.000000000,6000.000000000,47.131691942,50,1
0.800000000,0.900000000,6000.000000000,6300.000000000,46.792839276,47,1
0.800000000,0.900000000,6300.000000000,6600.000000000,42.439588714,56,1
0.800000000,0.900000000,6600.000000000,6900.000000000,42.760704669,57,1
0.800000000,0.900000000,6900.000000000,7200.000000000,44.837488213,50,1
0.800000000,0.900000000,7200.000000000,7500.000000000,43.784027053,52,1
0.800000000,0.900000000,7500.000000000,7800.000000000,44.893645517,48,1
0.800000000,0.900000000,7800.000000000,8100.000000000,44.985462445,52,1
0.800000000,0.900000000,8100.000000000,8400.000000000,44.819579719,46,1
0.800000000,0.900000000,8400.000000000,8700.000000000,45.792950606,54,1
0.800000000,0.900000000,8700.000000000,9000.000000000,42.312728643,50,1
0.800000000,0.900000000,9000.000000000,9300.000000000,46.357293730,54,1
0.800000000,0.900000000,9300.000000000,9600.000000000,46.055310725,50,1
0.800000000,0.900000000,9600.000000000,9900.000000000,47.447366557,52,1
0.800000000,0.900000000,9900.000000000,10200.000000000,46.064910496,54,1
0.800000000,0.900000000,10200.000000000,10500.000000000,44.946328937,52,1
0.800000000,0.900000000,10500.000000000,10800.000000000,44.281723294,51,1
0.800000000,0.900000000,10800.000000000,11100.000000000,45.370604708,49,1
0.800000000,0.900000000,11100.000000000,11400.000000000,44.071043593,52,1
0.800000000,0.900000000,11400.000000000,11700.000000000,43.203437509,48,1
0.800000000,0.900000000,11700.000000000,12000.000000000,46.383285987,53,1
0.800000000,0.900000000,12000.000000000,12300.000000000,47.417265618,52,1
0.800000000,0.900000000,12300.000000000,12600.000000000,46.523648847,49,1
0.800000000,0.900000000,12600.000000000,12900.000000000,47.156347736,52,1
0.800000000,0.900000000,12900.000000000,13200.000000000,45.868167989,46,1
0.800000000,0.900000000,13200.000000000,13500.000000000,43.159203466,50,1
0.800000000,0.900000000,13500.000000000,13800.000000000,45.228458984,50,1
0.800000000,0.900000000,13800.000000000,14100.000000000,47.273333431,52,1
0.800000000,0.900000000,14100.000000000,14400.000000000,45.244481578,53,1
0.800000000,0.900000000,14400.000000000,14700.000000000,46.454870244,51,1
0.800000000,0.900000000,14700.000000000,15000.000000000,46.440054844,47,1
0.800000000,0.900000000,15000.000000000,15300.000000000,43.861402595,54,1
0.800000000,0.900000000,15300.000000000,15600.000000000,45.977287603,49,1
0.800000000,0.900000000,15600.000000000,15900.000000000,46.002368753,54,1
0.800000000,0.900000000,15900.000000000,16200.000000000,46.330332064,51,1
0.800000000,0.900000000,16200.000000000,16500.000000000,44.593285374,50,1
0.800000000,0.900000000,16500.000000000,16800.000000000,44.655146101,49,1
0.800000000,0.900000000,16800.000000000,17100.000000000,46.177793528,49,1
0.800000000,0.900000000,17100.000000000,17400.000000000,45.106253001,50,1
0.800000000,0.900000000,17400.000000000,17700.000000000,46.235537875,48,1
0.800000000,0.900000000,17700.000000000,18000.000000000,46.270285567,49,1
0.800000000,0.900000000,18000.000000000,18300.000000000,45.144531158,52,1
0.800000000,0.900000000,18300.000000000,18600.000000000,47.145098768,51,1
0.800000000,0.900000000,18600.000000000,18900.000000000,46.134640383,49,1
0.800000000,0.900000000,18900.000000000,19200.000000000,44.534737569,51,1
0.800000000,0.900000000,19200.000000000,19500.000000000,43.817898446,51,1
0.800000000,0.900000000,19500.000000000,19800.000000000,44.716014130,50,1
0.800000000,0.900000000,19800.000000000,20100.000000000,45.257750075,51,1
0.800000000,0.900000000,20100.000000000,20400.000000000,46.184383538,53,1
0.800000000,0.900000000,20400.000000000,20700.000000000,47.150355779,48,1
0.800000000,0.900000000,20700.000000000,21000.000000000,46.606045784,53,1
0.800000000,0.900000000,21000.000000000,21300.000000000,45.420327568,53,1
0.800000000,0.900000000,21300.000000000,21600.000000000,42.313646852,54,1
0.900000000,1.000000000,0.000000000,300.000000000,46.530792747,38,1
0.900000000,1.000000000,300.000000000,600.000000000,47.877414097,50,1
0.900000000,1.000000000,600.000000000,900.000000000,46.590899097,49,1
0.900000000,1.000000000,900.000000000,1200.000000000,46.716397171,48,1
0.900000000,1.000000000,1200.000000000,1500.000000000,46.800294020,48,1
0.900000000,1.000000000,1500.000000000,1800.000000000,46.088336666,51,1
0.900000000,1.000000000,1800.000000000,2100.000000000,46.888654566,50,1
0.900000000,1.000000000,2100.000000000,2400.000000000,43.230626548,50,1
0.900000000,1.000000000,2400.000000000,2700.000000000,47.378116870,52,1
0.900000000,1.000000000,2700.000000000,3000.000000000,45.616314957,52,1
0.900000000,1.000000000,3000.000000000,3300.000000000,44.539861528,52,1
0.900000000,1.000000000,3300.000000000,3600.000000000,45.294033349,53,1
0.900000000,1.000000000,3600.000000000,3900.000000000,43.898993680,52,1
0.900000000,1.000000000,3900.000000000,4200.000000000,45.060074607,54,1
0.900000000,1.000000000,4200.000000000,4500.000000000,45.700982818,53,1
0.900000000,1.000000000,4500.000000000,4800.000000000,45.629249136,52,1
0.900000000,1.000000000,4800.000000000,5100.000000000,46.180477607,54,1
0.900000000,1.000000000,5100.000000000,5400.000000000,45.223136018,51,1
0.900000000,1.000000000,5400.000000000,5700.000000000,46.051101836,55,1
0.900000000,1.000000000,5700.000000000,6000.000000000,46.513449648,50,1
0.900000000,1.000000000,6000.000000000,6300.000000000,46.522219127,47,1
0.900000000,1.000000000,6300.000000000,6600.000000000,43.124101316,53,1
0.900000000,1.000000000,6600.000000000,6900.000000000,43.281999025,56,1
0.900000000,1.000000000,6900.000000000,7200.000000000,45.097883266,52,1
0.900000000,1.000000000,7200.000000000,7500.000000000,43.749328951,53,1
0.900000000,1.000000000,7500.000000000,7800.000000000,43.273641973,51,1
0.900000000,1.000000000,7800.000000000,8100.000000000,44.643279745,52,1
0.900000000,1.000000000,8100.000000000,8400.000000000,45.032383727,46,1
0.900000000,1.000000000,8400.000000000,8700.000000000,45.094829301,55,1
0.900000000,1.000000000,8700.000000000,9000.000000000,41.359676711,51,1
0.900000000,1.000000000,9000.000000000,9300.000000000,45.449982084,51,1
0.900000000,1.000000000,9300.000000000,9600.000000000,45.654912144,50,1
0.900000000,1.000000000,9600.000000000,9900.000000000,46.635235923,52,1
0.900000000,1.000000000,9900.000000000,10200.000000000,45.611499218,52,1
0.900000000,1.000000000,10200.000000000,10500.000000000,44.762575983,52,1
0.900000000,1.000000000,10500.000000000,10800.000000000,43.008366854,53,1
0.900000000,1.000000000,10800.000000000,11100.000000000,44.629299836,48,1
0.900000000,1.000000000,11100.000000000,11400.000000000,43.961165315,52,1
0.900000000,1.000000000,11400.000000000,11700.000000000,43.520806404,48,1
0.900000000,1.000000000,11700.000000000,12000.000000000,44.947977318,55,1
0.900000000,1.000000000,12000.000000000,12300.000000000,46.506713472,52,1
0.900000000,1.000000000,12300.000000000,12600.000000000,45.769700088,49,1
0.900000000,1.000000000,12600.000000000,12900.000000000,46.782957397,51,1
0.900000000,1.000000000,12900.000000000,13200.000000000,45.461631472,47,1
0.900000000,1.000000000,13200.000000000,13500.000000000,43.031777917,50,1
0.900000000,1.000000000,13500.000000000,13800.000000000,45.221638944,50,1
0.900000000,1.000000000,13800.000000000,14100.000000000,46.590551805,52,1
0.900000000,1.000000000,14100.000000000,14400.000000000,45.241829773,54,1
0.900000000,1.000000000,14400.000000000,14700.000000000,46.278477458,52,1
0.900000000,1.000000000,14700.000000000,15000.000000000,46.076835835,47,1
0.900000000,1.000000000,15000.000000000,15300.000000000,43.915818089,52,1
0.900000000,1.000000000,15300.000000000,15600.000000000,46.353932229,49,1
0.900000000,1.000000000,15600.000000000,15900.000000000,45.549692427,54,1
0.900000000,1.000000000,15900.000000000,16200.000000000,46.580565310,52,1
0.900000000,1.000000000,16200.000000000,16500.000000000,43.215950389,50,1
0.900000000,1.000000000,16500.000000000,16800.000000000,45.033376788,50,1
0.900000000,1.000000000,16800.000000000,17100.000000000,45.841519556,50,1
0.900000000,1.000000000,17100.000000000,17400.000000000,44.901060854,50,1
0.900000000,1.000000000,17400.000000000,17700.000000000,45.133099631,47,1
0.900000000,1.000000000,17700.000000000,18000.000000000,46.614519804,49,1
0.900000000,1.000000000,18000.000000000,18300.000000000,44.040712262,53,1
0.900000000,1.000000000,18300.000000000,18600.000000000,46.939394449,51,1
0.900000000,1.000000000,18600.000000000,18900.000000000,45.302367988,52,1
0.900000000,1.000000000,18900.000000000,19200.000000000,45.228961897,51,1
0.900000000,1.000000000,19200.000000000,19500.000000000,43.997167893,50,1
0.900000000,1.000000000,19500.000000000,19800.000000000,44.634778348,52,1
0.900000000,1.000000000,19800.000000000,20100.000000000,45.153724792,51,1
0.900000000,1.000000000,20100.000000000,20400.000000000,45.614399561,53,1
0.900000000,1.000000000,20400.000000000,20700.000000000,46.919903929,49,1
0.900000000,1.000000000,20700.000000000,21000.000000000,46.623259818,55,1
0.900000000,1.000000000,21000.000000000,21300.000000000,44.977181237,51,1
0.900000000,1.000000000,21300.000000000,21600.000000000,42.069349609,56,1
1.000000000,1.100000000,0.000000000,300.000000000,46.562044382,37,1
1.000000000,1.100000000,300.000000000,600.000000000,46.412233236,51,1
1.000000000,1.100000000,600.000000000,900.000000000,46.542913609,47,1
1.000000000,1.100000000,900.000000000,1200.000000000,46.193078648,48,1
1.000000000,1.100000000,1200.000000000,1500.000000000,46.818225211,50,1
1.000000000,1.100000000,1500.000000000,1800.000000000,46.101419362,52,1
1.000000000,1.100000000,1800.000000000,2100.000000000,46.754173978,51,1
1.000000000,1.100000000,2100.000000000,2400.000000000,44.196985031,51,1
1.000000000,1.100000000,2400.000000000,2700.000000000,48.049105851,51,1
1.000000000,1.100000000,2700.000000000,3000.000000000,45.586526305,53,1
1.000000000,1.100000000,3000.000000000,3300.000000000,44.611083491,52,1
1.000000000,1.100000000,3300.000000000,3600.000000000,45.561885127,53,1
1.000000000,1.100000000,3600.000000000,3900.000000000,42.927469291,50,1
1.000000000,1.100000000,3900.000000000,4200.000000000,44.163505031,52,1
1.000000000,1.100000000,4200.000000000,4500.000000000,45.492466489,51,1
1.000000000,1.100000000,4500.000000000,4800.000000000,45.155938795,53,1
1.000000000,1.100000000,4800.000000000,5100.000000000,46.022442518,52,1
1.000000000,1.100000000,5100.000000000,5400.000000000,45.080261565,52,1
1.000000000,1.100000000,5400.000000000,5700.000000000,45.858496732,55,1
1.000000000,1.100000000,5700.000000000,6000.000000000,46.232494019,49,1
1.000000000,1.100000000,6000.000000000,6300.000000000,46.445947497,48,1
1.000000000,1.100000000,6300.000000000,6600.000000000,42.882569501,53,1
1.000000000,1.100000000,6600.000000000,6900.000000000,43.631015307,54,1
1.000000000,1.100000000,6900.000000000,7200.000000000,44.778904206,51,1
1.000000000,1.100000000,7200.000000000,7500.000000000,43.316984315,52,1
1.000000000,1.100000000,7500.000000000,7800.000000000,43.942783946,50,1
1.000000000,1.100000000,7800.000000000,8100.000000000,44.412008635,53,1
1.000000000,1.100000000,8100.000000000,8400.000000000,45.084116060,46,1
1.000000000,1.100000000,8400.000000000,8700.000000000,45.528272398,51,1
1.000000000,1.100000000,8700.000000000,9000.000000000,41.976970268,52,1
1.000000000,1.100000000,9000.000000000,9300.000000000,45.148334418,55,1
1.000000000,1.100000000,9300.000000000,9600.000000000,45.201954025,50,1
1.000000000,1.100000000,9600.000000000,9900.000000000,47.067397797,52,1
1.000000000,1.100000000,9900.000000000,10200.000000000,45.202912408,55,1
1.000000000,1.100000000,10200.000000000,10500.000000000,45.921821663,50,1
1.000000000,1.100000000,10500.000000000,10800.000000000,43.650200075,52,1
1.000000000,1.100000000,10800.000000000,11100.000000000,44.230706958,50,1
1.000000000,1.100000000,11100.000000000,11400.000000000,44.150801911,51,1
1.000000000,1.100000000,11400.000000000,11700.000000000,43.850927985,47,1
1.000000000,1.100000000,11700.000000000,12000.000000000,44.222617738,52,1
1.000000000,1.100000000,12000.000000000,12300.000000000,46.386854361,54,1
1.000000000,1.100000000,12300.000000000,12600.000000000,45.013707305,49,1
1.000000000,1.100000000,12600.000000000,12900.000000000,46.322981465,50,1
1.000000000,1.100000000,12900.000000000,13200.000000000,45.275522404,48,1
1.000000000,1.100000000,13200.000000000,13500.000000000,43.190010034,48,1
1.000000000,1.100000000,13500.000000000,13800.000000000,45.190068272,49,1
1.000000000,1.100000000,13800.000000000,14100.000000000,45.890654296,55,1
1.000000000,1.100000000,14100.000000000,14400.000000000,45.311985208,50,1
1.000000000,1.100000000,14400.000000000,14700.000000000,44.694724319,52,1
1.000000000,1.100000000,14700.000000000,15000.000000000,45.899424341,47,1
1.000000000,1.100000000,15000.000000000,15300.000000000,45.116759504,53,1
1.000000000,1.100000000,15300.000000000,15600.000000000,47.036979974,49,1
1.000000000,1.100000000,15600.000000000,15900.000000000,45.660927865,54,1
1.000000000,1.100000000,15900.000000000,16200.000000000,46.205635276,53,1
1.000000000,1.100000000,16200.000000000,16500.000000000,42.325957460,53,1
1.000000000,1.100000000,16500.000000000,16800.000000000,45.701422411,47,1
1.000000000,1.100000000,16800.000000000,17100.000000000,45.398109344,52,1
1.000000000,1.100000000,17100.000000000,17400.000000000,44.901473801,50,1
1.000000000,1.100000000,17400.000000000,17700.000000000,45.069526143,48,1
1.000000000,1.100000000,17700.000000000,18000.000000000,47.396771490,46,1
1.000000000,1.100000000,18000.000000000,18300.000000000,43.588346098,53,1
1.000000000,1.100000000,18300.000000000,18600.000000000,46.060532231,48,1
1.000000000,1.100000000,18600.000000000,18900.000000000,45.336743148,55,1
1.000000000,1.100000000,18900.000000000,19200.000000000,45.451148936,50,1
1.000000000,1.100000000,19200.000000000,19500.000000000,44.179980622,49,1
1.000000000,1.100000000,19500.000000000,19800.000000000,44.465852815,50,1
1.000000000,1.100000000,19800.000000000,20100.000000000,45.324589242,50,1
1.000000000,1.100000000,20100.000000000,20400.000000000,44.482556644,51,1
1.000000000,1.100000000,20400.000000000,20700.000000000,46.199672170,46,1
1.000000000,1.100000000,20700.000000000,21000.000000000,46.672203317,54,1
1.000000000,1.100000000,21000.000000000,21300.000000000,43.991730869,53,1
1.000000000,1.100000000,21300.000000000,21600.000000000,42.839599022,53,1
1.100000000,1.200000000,0.000000000,300.000000000,46.633641952,35,1
1.100000000,1.200000000,300.000000000,600.000000000,45.666421187,51,1
1.100000000,1.200000000,600.000000000,900.000000000,45.396011444,51,1
1.100000000,1.200000000,900.000000000,1200.000000000,45.380112758,50,1
1.100000000,1.200000000,1200.000000000,1500.000000000,45.819990279,49,1
1.100000000,1.200000000,1500.000000000,1800.000000000,46.394271114,53,1
1.100000000,1.200000000,1800.000000000,2100.000000000,45.624844734,52,1
1.100000000,1.200000000,2100.000000000,2400.000000000,44.693955644,52,1
1.100000000,1.200000000,2400.000000000,2700.000000000,47.654872505,49,1
1.100000000,1.200000000,2700.000000000,3000.000000000,46.193032368,52,1
1.100000000,1.200000000,3000.000000000,3300.000000000,44.549103270,54,1
1.100000000,1.200000000,3300.000000000,3600.000000000,46.352942388,53,1
1.100000000,1.200000000,3600.000000000,3900.000000000,44.011975325,53,1
1.100000000,1.200000000,3900.000000000,4200.000000000,44.464276988,51,1
1.100000000,1.200000000,4200.000000000,4500.000000000,45.327063022,53,1
1.100000000,1.200000000,4500.000000000,4800.000000000,44.420469552,53,1
1.100000000,1.200000000,4800.000000000,5100.000000000,45.110898162,52,1
1.100000000,1.200000000,5100.000000000,5400.000000000,45.196869045,50,1
1.100000000,1.200000000,5400.000000000,5700.000000000,46.312454385,57,1
1.100000000,1.200000000,5700.000000000,6000.000000000,45.500135240,51,1
1.100000000,1.200000000,6000.000000000,6300.000000000,46.007806291,48,1
1.100000000,1.200000000,6300.000000000,6600.000000000,43.266290253,53,1
1.100000000,1.200000000,6600.000000000,6900.000000000,43.847307686,55,1
1.100000000,1.200000000,6900.000000000,7200.000000000,45.565941891,52,1
1.100000000,1.200000000,7200.000000000,7500.000000000,43.202545211,55,1
1.100000000,1.200000000,7500.000000000,7800.000000000,44.302426984,49,1
1.100000000,1.200000000,7800.000000000,8100.000000000,44.336674776,54,1
1.100000000,1.200000000,8100.000000000,8400.000000000,44.977202503,49,1
1.100000000,1.200000000,8400.000000000,8700.000000000,45.758818717,50,1
1.100000000,1.200000000,8700.000000000,9000.000000000,41.896369158,49,1
1.100000000,1.200000000,9000.000000000,9300.000000000,45.079510824,53,1
1.100000000,1.200000000,9300.000000000,9600.000000000,45.375514296,51,1
1.100000000,1.200000000,9600.000000000,9900.000000000,46.959826699,49,1
1.100000000,1.200000000,9900.000000000,10200.000000000,45.377197778,53,1
1.100000000,1.200000000,10200.000000000,10500.000000000,44.897684426,52,1
1.100000000,1.200000000,10500.000000000,10800.000000000,43.713079983,51,1
1.100000000,1.200000000,10800.000000000,11100.000000000,43.990003914,50,1
1.100000000,1.200000000,11100.000000000,11400.000000000,43.654207151,53,1
1.100000000,1.200000000,11400.000000000,11700.000000000,44.138919737,49,1
1.100000000,1.200000000,11700.000000000,12000.000000000,44.154089987,53,1
1.100000000,1.200000000,12000.000000000,12300.000000000,46.641968680,52,1
1.100000000,1.200000000,12300.000000000,12600.000000000,44.777321603,52,1
1.100000000,1.200000000,12600.000000000,12900.000000000,46.125234481,51,1
1.100000000,1.200000000,12900.000000000,13200.000000000,45.496205810,49,1
1.100000000,1.200000000,13200.000000000,13500.000000000,43.036023749,49,1
1.100000000,1.200000000,13500.000000000,13800.000000000,44.967131287,47,1
1.100000000,1.200000000,13800.000000000,14100.000000000,44.682438726,59,1
1.100000000,1.200000000,14100.000000000,14400.000000000,45.699241390,49,1
1.100000000,1.200000000,14400.000000000,14700.000000000,43.397941280,55,1
1.100000000,1.200000000,14700.000000000,15000.000000000,46.654128519,47,1
1.100000000,1.200000000,15000.000000000,15300.000000000,45.257107415,52,1
1.100000000,1.200000000,15300.000000000,15600.000000000,46.948882876,49,1
1.100000000,1.200000000,15600.000000000,15900.000000000,44.955949203,52,1
1.100000000,1.200000000,15900.000000000,16200.000000000,46.197276745,50,1
1.100000000,1.200000000,16200.000000000,16500.000000000,43.002666790,54,1
1.100000000,1.200000000,16500.000000000,16800.000000000,45.154938279,49,1
1.100000000,1.200000000,16800.000000000,17100.000000000,45.234791877,52,1
1.100000000,1.200000000,17100.000000000,17400.000000000,44.883992572,50,1
1.100000000,1.200000000,17400.000000000,17700.000000000,45.711677447,49,1
1.100000000,1.200000000,17700.000000000,18000.000000000,46.545402456,46,1
1.100000000,1.200000000,18000.000000000,18300.000000000,42.524068773,53,1
1.100000000,1.200000000,18300.000000000,18600.000000000,44.766012707,49,1
1.100000000,1.200000000,18600.000000000,18900.000000000,45.726310906,53,1
1.100000000,1.200000000,18900.000000000,19200.000000000,45.363184823,51,1
1.100000000,1.200000000,19200.000000000,19500.000000000,44.513202074,49,1
1.100000000,1.200000000,19500.000000000,19800.000000000,43.534778572,51,1
1.100000000,1.200000000,19800.000000000,20100.000000000,44.514860076,48,1
1.100000000,1.200000000,20100.000000000,20400.000000000,44.711835675,52,1
1.100000000,1.200000000,20400.000000000,20700.000000000,44.921735370,49,1
1.100000000,1.200000000,20700.000000000,21000.000000000,47.016239470,53,1
1.100000000,1.200000000,21000.000000000,21300.000000000,43.589528726,53,1
1.100000000,1.200000000,21300.000000000,21600.000000000,43.523539895,51,1
1.200000000,1.300000000,0.000000000,300.000000000,45.653550074,35,1
1.200000000,1.300000000,300.000000000,600.000000000,45.604253903,46,1
1.200000000,1.300000000,600.000000000,900.000000000,44.745745456,49,1
1.200000000,1.300000000,900.000000000,1200.000000000,45.601501529,49,1
1.200000000,1.300000000,1200.000000000,1500.000000000,45.142666308,45,1
1.200000000,1.300000000,1500.000000000,1800.000000000,45.891835009,52,1
1.200000000,1.300000000,1800.000000000,2100.000000000,44.783713292,50,1
1.200000000,1.300000000,2100.000000000,2400.000000000,44.600766612,52,1
1.200000000,1.300000000,2400.000000000,2700.000000000,47.565761910,49,1
1.200000000,1.300000000,2700.000000000,3000.000000000,46.876038002,49,1
1.200000000,1.300000000,3000.000000000,3300.000000000,43.995131381,54,1
1.200000000,1.300000000,3300.000000000,3600.000000000,46.284385709,51,1
1.200000000,1.300000000,3600.000000000,3900.000000000,44.352846717,54,1
1.200000000,1.300000000,3900.000000000,4200.000000000,44.936818502,49,1
1.200000000,1.300000000,4200.000000000,4500.000000000,45.043468345,55,1
1.200000000,1.300000000,4500.000000000,4800.000000000,43.139381792,53,1
1.200000000,1.300000000,4800.000000000,5100.000000000,45.117506495,54,1
1.200000000,1.300000000,5100.000000000,5400.000000000,44.277790481,47,1
1.200000000,1.300000000,5400.000000000,5700.000000000,46.479534166,55,1
1.200000000,1.300000000,5700.000000000,6000.000000000,45.530348727,52,1
1.200000000,1.300000000,6000.000000000,6300.000000000,45.714524016,46,1
1.200000000,1.300000000,6300.000000000,6600.000000000,44.290519734,54,1
1.200000000,1.300000000,6600.000000000,6900.000000000,43.834037798,53,1
1.200000000,1.300000000,6900.000000000,7200.000000000,46.225675177,50,1
1.200000000,1.300000000,7200.000000000,7500.000000000,43.062682352,55,1
1.200000000,1.300000000,7500.000000000,7800.000000000,44.127332030,47,1
1.200000000,1.300000000,7800.000000000,8100.000000000,43.727586385,50,1
1.200000000,1.300000000,8100.000000000,8400.000000000,44.835531435,51,1
1.200000000,1.300000000,8400.000000000,8700.000000000,46.050811954,53,1
1.200000000,1.300000000,8700.000000000,9000.000000000,41.617242556,52,1
1.200000000,1.300000000,9000.000000000,9300.000000000,45.883874626,51,1
1.200000000,1.300000000,9300.000000000,9600.000000000,45.449079221,52,1
1.200000000,1.300000000,9600.000000000,9900.000000000,45.795332318,50,1
1.200000000,1.300000000,9900.000000000,10200.000000000,45.233381477,52,1
1.200000000,1.300000000,10200.000000000,10500.000000000,44.859015467,51,1
1.200000000,1.300000000,10500.000000000,10800.000000000,43.987831351,50,1
1.200000000,1.300000000,10800.000000000,11100.000000000,43.696298458,50,1
1.200000000,1.300000000,11100.000000000,11400.000000000,43.432381309,55,1
1.200000000,1.300000000,11400.000000000,11700.000000000,44.333806117,49,1
1.200000000,1.300000000,11700.000000000,12000.000000000,42.552769386,57,1
1.200000000,1.300000000,12000.000000000,12300.000000000,46.220690673,51,1
1.200000000,1.300000000,12300.000000000,12600.000000000,44.496473058,53,1
1.200000000,1.300000000,12600.000000000,12900.000000000,46.990439896,50,1
1.200000000,1.300000000,12900.000000000,13200.000000000,46.195221488,52,1
1.200000000,1.300000000,13200.000000000,13500.000000000,42.857952730,50,1
1.200000000,1.300000000,13500.000000000,13800.000000000,44.793317885,44,1
1.200000000,1.300000000,13800.000000000,14100.000000000,43.693923254,58,1
1.200000000,1.300000000,14100.000000000,14400.000000000,46.209304668,47,1
1.200000000,1.300000000,14400.000000000,14700.000000000,43.645911431,54,1
1.200000000,1.300000000,14700.000000000,15000.000000000,46.038401717,49,1
1.200000000,1.300000000,15000.000000000,15300.000000000,45.453033637,52,1
1.200000000,1.300000000,15300.000000000,15600.000000000,46.133678151,47,1
1.200000000,1.300000000,15600.000000000,15900.000000000,44.435483130,52,1
1.200000000,1.300000000,15900.000000000,16200.000000000,45.628191226,49,1
1.200000000,1.300000000,16200.000000000,16500.000000000,44.030660040,51,1
1.200000000,1.300000000,16500.000000000,16800.000000000,45.061551467,51,1
1.200000000,1.300000000,16800.000000000,17100.000000000,45.525610056,50,1
1.200000000,1.300000000,17100.000000000,17400.000000000,45.242804628,51,1
1.200000000,1.300000000,17400.000000000,17700.000000000,45.547230662,52,1
1.200000000,1.300000000,17700.000000000,18000.000000000,46.320696275,47,1
1.200000000,1.300000000,18000.000000000,18300.000000000,42.513661327,52,1
1.200000000,1.300000000,18300.000000000,18600.000000000,44.139748146,52,1
1.200000000,1.300000000,18600.000000000,18900.000000000,46.182644004,52,1
1.200000000,1.300000000,18900.000000000,19200.000000000,45.773926105,53,1
1.200000000,1.300000000,19200.000000000,19500.000000000,44.743934887,52,1
1.200000000,1.300000000,19500.000000000,19800.000000000,43.540615826,52,1
1.200000000,1.300000000,19800.000000000,20100.000000000,43.608712756,51,1
1.200000000,1.300000000,20100.000000000,20400.000000000,46.097112390,48,1
1.200000000,1.300000000,20400.000000000,20700.000000000,44.616951673,50,1
1.200000000,1.300000000,20700.000000000,21000.000000000,47.000449701,53,1
1.200000000,1.300000000,21000.000000000,21300.000000000,42.936445743,55,1
1.200000000,1.300000000,21300.000000000,21600.000000000,43.053873353,54,1
1.300000000,1.400000000,0.000000000,300.000000000,46.505431540,35,1
1.300000000,1.400000000,300.000000000,600.000000000,45.481352780,49,1
1.300000000,1.400000000,600.000000000,900.000000000,43.986376828,49,1
1.300000000,1.400000000,900.000000000,1200.000000000,45.624650991,49,1
1.300000000,1.400000000,1200.000000000,1500.000000000,44.517264115,48,1
1.300000000,1.400000000,1500.000000000,1800.000000000,44.252683828,52,1
1.300000000,1.400000000,1800.000000000,2100.000000000,45.192110028,50,1
1.300000000,1.400000000,2100.000000000,2400.000000000,44.276435146,52,1
1.300000000,1.400000000,2400.000000000,2700.000000000,46.761382458,51,1
1.300000000,1.400000000,2700.000000000,3000.000000000,45.490080094,52,1
1.300000000,1.400000000,3000.000000000,3300.000000000,42.424443982,54,1
1.300000000,1.400000000,3300.000000000,3600.000000000,45.068422422,51,1
1.300000000,1.400000000,3600.000000000,3900.000000000,44.503710570,53,1
1.300000000,1.400000000,3900.000000000,4200.000000000,44.615228032,51,1
1.300000000,1.400000000,4200.000000000,4500.000000000,44.701001768,54,1
1.300000000,1.400000000,4500.000000000,4800.000000000,43.279801968,51,1
1.300000000,1.400000000,4800.000000000,5100.000000000,45.794592884,56,1
1.300000000,1.400000000,5100.000000000,5400.000000000,44.010973833,48,1
1.300000000,1.400000000,5400.000000000,5700.000000000,46.223889322,54,1
1.300000000,1.400000000,5700.000000000,6000.000000000,44.747016027,53,1
1.300000000,1.400000000,6000.000000000,6300.000000000,45.859351731,49,1
1.300000000,1.400000000,6300.000000000,6600.000000000,44.443498491,53,1
1.300000000,1.400000000,6600.000000000,6900.000000000,44.342855965,55,1
1.300000000,1.400000000,6900.000000000,7200.000000000,45.467231931,52,1
1.300000000,1.400000000,7200.000000000,7500.000000000,43.748913828,56,1
1.300000000,1.400000000,7500.000000000,7800.000000000,43.940399898,49,1
1.300000000,1.400000000,7800.000000000,8100.000000000,44.073389462,50,1
1.300000000,1.400000000,8100.000000000,8400.000000000,44.327197961,49,1
1.300000000,1.400000000,8400.000000000,8700.000000000,45.391375784,50,1
1.300000000,1.400000000,8700.000000000,9000.000000000,42.095999191,52,1
1.300000000,1.400000000,9000.000000000,9300.000000000,46.804230316,52,1
1.300000000,1.400000000,9300.000000000,9600.000000000,45.740075457,51,1
1.300000000,1.400000000,9600.000000000,9900.000000000,46.059101777,52,1
1.300000000,1.400000000,9900.000000000,10200.000000000,44.417582834,51,1
1.300000000,1.400000000,10200.000000000,10500.000000000,44.765678859,51,1
1.300000000,1.400000000,10500.000000000,10800.000000000,44.409940259,50,1
1.300000000,1.400000000,10800.000000000,11100.000000000,43.912299636,46,1
1.300000000,1.400000000,11100.000000000,11400.000000000,43.600653600,52,1
1.300000000,1.400000000,11400.000000000,11700.000000000,45.691008545,48,1
1.300000000,1.400000000,11700.000000000,12000.000000000,41.707023334,55,1
1.300000000,1.400000000,12000.000000000,12300.000000000,45.366398769,51,1
1.300000000,1.400000000,12300.000000000,12600.000000000,44.193705025,52,1
1.300000000,1.400000000,12600.000000000,12900.000000000,47.041805416,49,1
1.300000000,1.400000000,12900.000000000,13200.000000000,44.687123560,52,1
1.300000000,1.400000000,13200.000000000,13500.000000000,43.169088351,52,1
1.300000000,1.400000000,13500.000000000,13800.000000000,43.807111776,45,1
1.300000000,1.400000000,13800.000000000,14100.000000000,43.215308379,58,1
1.300000000,1.400000000,14100.000000000,14400.000000000,46.840360430,49,1
1.300000000,1.400000000,14400.000000000,14700.000000000,43.639087194,52,1
1.300000000,1.400000000,14700.000000000,15000.000000000,45.232059691,50,1
1.300000000,1.400000000,15000.000000000,15300.000000000,44.639428844,53,1
1.300000000,1.400000000,15300.000000000,15600.000000000,44.944872436,47,1
1.300000000,1.400000000,15600.000000000,15900.000000000,43.895457133,55,1
1.300000000,1.400000000,15900.000000000,16200.000000000,45.489501392,49,1
1.300000000,1.400000000,16200.000000000,16500.000000000,44.284919611,50,1
1.300000000,1.400000000,16500.000000000,16800.000000000,44.867191644,51,1
1.300000000,1.400000000,16800.000000000,17100.000000000,45.168690922,48,1
1.300000000,1.400000000,17100.000000000,17400.000000000,46.251744387,48,1
1.300000000,1.400000000,17400.000000000,17700.000000000,45.427924408,51,1
1.300000000,1.400000000,17700.000000000,18000.000000000,46.136912101,46,1
1.300000000,1.400000000,18000.000000000,18300.000000000,43.217053836,50,1
1.300000000,1.400000000,18300.000000000,18600.000000000,43.922634204,52,1
1.300000000,1.400000000,18600.000000000,18900.000000000,45.289480474,51,1
1.300000000,1.400000000,18900.000000000,19200.000000000,45.943683218,50,1
1.300000000,1.400000000,19200.000000000,19500.000000000,43.757553906,52,1
1.300000000,1.400000000,19500.000000000,19800.000000000,44.330043804,52,1
1.300000000,1.400000000,19800.000000000,20100.000000000,42.567943104,55,1
1.300000000,1.400000000,20100.000000000,20400.000000000,45.945292126,48,1
1.300000000,1.400000000,20400.000000000,20700.000000000,44.646138482,50,1
1.300000000,1.400000000,20700.000000000,21000.000000000,47.291031577,51,1
1.300000000,1.400000000,21000.000000000,21300.000000000,42.626422009,53,1
1.300000000,1.400000000,21300.000000000,21600.000000000,43.038438529,53,1
1.400000000,1.500000000,0.000000000,300.000000000,46.038633602,32,1
1.400000000,1.500000000,300.000000000,600.000000000,45.760833799,50,1
1.400000000,1.500000000,600.000000000,900.000000000,42.596284432,52,1
1.400000000,1.500000000,900.000000000,1200.000000000,45.866714748,47,1
1.400000000,1.500000000,1200.000000000,1500.000000000,43.813511538,49,1
1.400000000,1.500000000,1500.000000000,1800.000000000,44.157515302,52,1
1.400000000,1.500000000,1800.000000000,2100.000000000,45.353292641,52,1
1.400000000,1.500000000,2100.000000000,2400.000000000,43.979545276,50,1
1.400000000,1.500000000,2400.000000000,2700.000000000,46.284089004,51,1
1.400000000,1.500000000,2700.000000000,3000.000000000,45.086211329,51,1
1.400000000,1.500000000,3000.000000000,3300.000000000,42.341053524,54,1
1.400000000,1.500000000,3300.000000000,3600.000000000,44.425188931,51,1
1.400000000,1.500000000,3600.000000000,3900.000000000,44.987458397,51,1
1.400000000,1.500000000,3900.000000000,4200.000000000,43.491032975,53,1
1.400000000,1.500000000,4200.000000000,4500.000000000,44.178957114,53,1
1.400000000,1.500000000,4500.000000000,4800.000000000,43.353511061,49,1
1.400000000,1.500000000,4800.000000000,5100.000000000,45.885275086,55,1
1.400000000,1.500000000,5100.000000000,5400.000000000,43.915162696,52,1
1.400000000,1.500000000,5400.000000000,5700.000000000,45.862152119,55,1
1.400000000,1.500000000,5700.000000000,6000.000000000,44.680308450,52,1
1.400000000,1.500000000,6000.000000000,6300.000000000,46.292280284,49,1
1.400000000,1.500000000,6300.000000000,6600.000000000,44.166791327,51,1
1.400000000,1.500000000,6600.000000000,6900.000000000,43.256402788,56,1
1.400000000,1.500000000,6900.000000000,7200.000000000,44.331873053,51,1
1.400000000,1.500000000,7200.000000000,7500.000000000,42.604257737,57,1
1.400000000,1.500000000,7500.000000000,7800.000000000,43.575899737,49,1
1.400000000,1.500000000,7800.000000000,8100.000000000,44.761840895,51,1
1.400000000,1.500000000,8100.000000000,8400.000000000,43.397423805,53,1
1.400000000,1.500000000,8400.000000000,8700.000000000,45.300948641,53,1
1.400000000,1.500000000,8700.000000000,9000.000000000,42.331344831,51,1
1.400000000,1.500000000,9000.000000000,9300.000000000,47.260286324,51,1
1.400000000,1.500000000,9300.000000000,9600.000000000,45.475453353,51,1
1.400000000,1.500000000,9600.000000000,9900.000000000,45.870129597,53,1
1.400000000,1.500000000,9900.000000000,10200.000000000,44.931208792,54,1
1.400000000,1.500000000,10200.000000000,10500.000000000,44.791834191,49,1
1.400000000,1.500000000,10500.000000000,10800.000000000,45.206407793,50,1
1.400000000,1.500000000,10800.000000000,11100.000000000,44.631487072,48,1
1.400000000,1.500000000,11100.000000000,11400.000000000,44.084104123,50,1
1.400000000,1.500000000,11400.000000000,11700.000000000,44.867978847,48,1
1.400000000,1.500000000,11700.000000000,12000.000000000,41.250204250,52,1
1.400000000,1.500000000,12000.000000000,12300.000000000,45.715603501,52,1
1.400000000,1.500000000,12300.000000000,12600.000000000,45.005757458,50,1
1.400000000,1.500000000,12600.000000000,12900.000000000,47.768470381,50,1
1.400000000,1.500000000,12900.000000000,13200.000000000,44.472617447,52,1
1.400000000,1.500000000,13200.000000000,13500.000000000,43.529000006,51,1
1.400000000,1.500000000,13500.000000000,13800.000000000,43.102833659,48,1
1.400000000,1.500000000,13800.000000000,14100.000000000,43.304577644,57,1
1.400000000,1.500000000,14100.000000000,14400.000000000,47.473771944,50,1
1.400000000,1.500000000,14400.000000000,14700.000000000,43.695250017,49,1
1.400000000,1.500000000,14700.000000000,15000.000000000,45.339131100,50,1
1.400000000,1.500000000,15000.000000000,15300.000000000,44.121945659,55,1
1.400000000,1.500000000,15300.000000000,15600.000000000,43.807503765,46,1
1.400000000,1.500000000,15600.000000000,15900.000000000,44.307111189,56,1
1.400000000,1.500000000,15900.000000000,16200.000000000,45.738515428,50,1
1.400000000,1.500000000,16200.000000000,16500.000000000,44.472727430,51,1
1.400000000,1.500000000,16500.000000000,16800.000000000,44.425343669,52,1
1.400000000,1.500000000,16800.000000000,17100.000000000,44.518675363,49,1
1.400000000,1.500000000,17100.000000000,17400.000000000,46.415360514,46,1
1.400000000,1.500000000,17400.000000000,17700.000000000,45.243307824,50,1
1.400000000,1.500000000,17700.000000000,18000.000000000,46.398373004,46,1
1.400000000,1.500000000,18000.000000000,18300.000000000,43.230339321,50,1
1.400000000,1.500000000,18300.000000000,18600.000000000,44.224019214,52,1
1.400000000,1.500000000,18600.000000000,18900.000000000,44.629176027,55,1
1.400000000,1.500000000,18900.000000000,19200.000000000,45.825347507,49,1
1.400000000,1.500000000,19200.000000000,19500.000000000,43.373514774,49,1
1.400000000,1.500000000,19500.000000000,19800.000000000,45.160291121,50,1
1.400000000,1.500000000,19800.000000000,20100.000000000,41.497051046,53,1
1.400000000,1.500000000,20100.000000000,20400.000000000,46.110611351,49,1
1.400000000,1.500000000,20400.000000000,20700.000000000,45.421154837,48,1
1.400000000,1.500000000,20700.000000000,21000.000000000,46.538574558,55,1
1.400000000,1.500000000,21000.000000000,21300.000000000,42.393610989,55,1
1.400000000,1.500000000,21300.000000000,21600.000000000,42.386857933,53,1
1.500000000,1.600000000,0.000000000,300.000000000,46.653627339,30,1
1.500000000,1.600000000,300.000000000,600.000000000,46.292746714,48,1
1.500000000,1.600000000,600.000000000,900.000000000,42.282115136,53,1
1.500000000,1.600000000,900.000000000,1200.000000000,46.572160346,49,1
1.500000000,1.600000000,1200.000000000,1500.000000000,43.997032094,50,1
1.500000000,1.600000000,1500.000000000,1800.000000000,44.533095496,51,1
1.500000000,1.600000000,1800.000000000,2100.000000000,45.184008181,53,1
1.500000000,1.600000000,2100.000000000,2400.000000000,44.287620936,48,1
1.500000000,1.600000000,2400.000000000,2700.000000000,45.750485699,52,1
1.500000000,1.600000000,2700.000000000,3000.000000000,44.566092096,50,1
1.500000000,1.600000000,3000.000000000,3300.000000000,43.026508037,55,1
1.500000000,1.600000000,3300.000000000,3600.000000000,44.441465067,53,1
1.500000000,1.600000000,3600.000000000,3900.000000000,44.613961075,49,1
1.500000000,1.600000000,3900.000000000,4200.000000000,43.310746431,55,1
1.500000000,1.600000000,4200.000000000,4500.000000000,43.427516297,56,1
1.500000000,1.600000000,4500.000000000,4800.000000000,42.895955884,52,1
1.500000000,1.600000000,4800.000000000,5100.000000000,46.525987874,53,1
1.500000000,1.600000000,5100.000000000,5400.000000000,44.044208828,51,1
1.500000000,1.600000000,5400.000000000,5700.000000000,45.905337191,54,1
1.500000000,1.600000000,5700.000000000,6000.000000000,45.000385630,54,1
1.500000000,1.600000000,6000.000000000,6300.000000000,45.833367133,49,1
1.500000000,1.600000000,6300.000000000,6600.000000000,44.588381571,47,1
1.500000000,1.600000000,6600.000000000,6900.000000000,42.787100356,56,1
1.500000000,1.600000000,6900.000000000,7200.000000000,44.240468173,49,1
1.500000000,1.600000000,7200.000000000,7500.000000000,42.038275680,59,1
1.500000000,1.600000000,7500.000000000,7800.000000000,43.536316272,48,1
1.500000000,1.600000000,7800.000000000,8100.000000000,45.032762738,49,1
1.500000000,1.600000000,8100.000000000,8400.000000000,43.952560983,52,1
1.500000000,1.600000000,8400.000000000,8700.000000000,45.421141454,52,1
1.500000000,1.600000000,8700.000000000,9000.000000000,42.631241863,53,1
1.500000000,1.600000000,9000.000000000,9300.000000000,46.152139393,53,1
1.500000000,1.600000000,9300.000000000,9600.000000000,45.266633889,51,1
1.500000000,1.600000000,9600.000000000,9900.000000000,45.738500472,50,1
1.500000000,1.600000000,9900.000000000,10200.000000000,45.131495017,55,1
1.500000000,1.600000000,10200.000000000,10500.000000000,44.524388279,50,1
1.500000000,1.600000000,10500.000000000,10800.000000000,44.976256738,48,1
1.500000000,1.600000000,10800.000000000,11100.000000000,44.525816787,51,1
1.500000000,1.600000000,11100.000000000,11400.000000000,43.931733718,49,1
1.500000000,1.600000000,11400.000000000,11700.000000000,44.319574552,51,1
1.500000000,1.600000000,11700.000000000,12000.000000000,41.644612003,54,1
1.500000000,1.600000000,12000.000000000,12300.000000000,45.032358075,52,1
1.500000000,1.600000000,12300.000000000,12600.000000000,44.351091901,46,1
1.500000000,1.600000000,12600.000000000,12900.000000000,48.207379655,51,1
1.500000000,1.600000000,12900.000000000,13200.000000000,44.607803083,52,1
1.500000000,1.600000000,13200.000000000,13500.000000000,43.732724063,50,1
1.500000000,1.600000000,13500.000000000,13800.000000000,42.862292391,50,1
1.500000000,1.600000000,13800.000000000,14100.000000000,43.156042523,57,1
1.500000000,1.600000000,14100.000000000,14400.000000000,47.249015942,53,1
1.500000000,1.600000000,14400.000000000,14700.000000000,43.961142466,50,1
1.500000000,1.600000000,14700.000000000,15000.000000000,45.484383587,49,1
1.500000000,1.600000000,15000.000000000,15300.000000000,44.225253234,53,1
1.500000000,1.600000000,15300.000000000,15600.000000000,44.093164411,50,1
1.500000000,1.600000000,15600.000000000,15900.000000000,44.039341696,55,1
1.500000000,1.600000000,15900.000000000,16200.000000000,45.925877978,51,1
1.500000000,1.600000000,16200.000000000,16500.000000000,45.158361318,50,1
1.500000000,1.600000000,16500.000000000,16800.000000000,44.161788307,52,1
1.500000000,1.600000000,16800.000000000,17100.000000000,43.988750893,50,1
1.500000000,1.600000000,17100.000000000,17400.000000000,46.068370715,48,1
1.500000000,1.600000000,17400.000000000,17700.000000000,44.439698136,49,1
1.500000000,1.600000000,17700.000000000,18000.000000000,45.687453522,48,1
1.500000000,1.600000000,18000.000000000,18300.000000000,42.992518762,49,1
1.500000000,1.600000000,18300.000000000,18600.000000000,44.556745125,49,1
1.500000000,1.600000000,18600.000000000,18900.000000000,44.890770274,56,1
1.500000000,1.600000000,18900.000000000,19200.000000000,45.154971720,52,1
1.500000000,1.600000000,19200.000000000,19500.000000000,43.685872549,48,1
1.500000000,1.600000000,19500.000000000,19800.000000000,45.947167084,52,1
1.500000000,1.600000000,19800.000000000,20100.000000000,41.159743111,51,1
1.500000000,1.600000000,20100.000000000,20400.000000000,45.341932357,52,1
1.500000000,1.600000000,20400.000000000,20700.000000000,45.298793967,48,1
1.500000000,1.600000000,20700.000000000,21000.000000000,46.152233624,53,1
1.500000000,1.600000000,21000.000000000,21300.000000000,42.064867320,54,1
1.500000000,1.600000000,21300.000000000,21600.000000000,41.972525923,50,1
1.600000000,1.700000000,0.000000000,300.000000000,46.268205538,30,1
1.600000000,1.700000000,300.000000000,600.000000000,46.189852717,49,1
1.600000000,1.700000000,600.000000000,900.000000000,42.238950677,50,1
1.600000000,1.700000000,900.000000000,1200.000000000,46.730983103,48,1
1.600000000,1.700000000,1200.000000000,1500.000000000,44.368246340,50,1
1.600000000,1.700000000,1500.000000000,1800.000000000,45.446771635,50,1
1.600000000,1.700000000,1800.000000000,2100.000000000,45.147783423,55,1
1.600000000,1.700000000,2100.000000000,2400.000000000,44.976621368,50,1
1.600000000,1.700000000,2400.000000000,2700.000000000,45.205602383,52,1
1.600000000,1.700000000,2700.000000000,3000.000000000,45.429913431,49,1
1.600000000,1.700000000,3000.000000000,3300.000000000,42.907685997,53,1
1.600000000,1.700000000,3300.000000000,3600.000000000,43.632076186,56,1
1.600000000,1.700000000,3600.000000000,3900.000000000,43.664572644,51,1
1.600000000,1.700000000,3900.000000000,4200.000000000,44.020593553,52,1
1.600000000,1.700000000,4200.000000000,4500.000000000,43.326687891,53,1
1.600000000,1.700000000,4500.000000000,4800.000000000,42.231007060,54,1
1.600000000,1.700000000,4800.000000000,5100.000000000,46.483436459,50,1
1.600000000,1.700000000,5100.000000000,5400.000000000,43.421733176,52,1
1.600000000,1.700000000,5400.000000000,5700.000000000,46.358970505,51,1
1.600000000,1.700000000,5700.000000000,6000.000000000,45.980190718,54,1
1.600000000,1.700000000,6000.000000000,6300.000000000,45.417556354,51,1
1.600000000,1.700000000,6300.000000000,6600.000000000,44.564376502,49,1
1.600000000,1.700000000,6600.000000000,6900.000000000,42.073470081,55,1
1.600000000,1.700000000,6900.000000000,7200.000000000,44.705592450,49,1
1.600000000,1.700000000,7200.000000000,7500.000000000,41.793379105,58,1
1.600000000,1.700000000,7500.000000000,7800.000000000,44.154168518,48,1
1.600000000,1.700000000,7800.000000000,8100.000000000,43.869789647,47,1
1.600000000,1.700000000,8100.000000000,8400.000000000,44.407113422,50,1
1.600000000,1.700000000,8400.000000000,8700.000000000,45.426569441,53,1
1.600000000,1.700000000,8700.000000000,9000.000000000,42.833136006,50,1
1.600000000,1.700000000,9000.000000000,9300.000000000,45.832831786,56,1
1.600000000,1.700000000,9300.000000000,9600.000000000,45.434359539,53,1
1.600000000,1.700000000,9600.000000000,9900.000000000,45.896755185,52,1
1.600000000,1.700000000,9900.000000000,10200.000000000,45.626075419,54,1
1.600000000,1.700000000,10200.000000000,10500.000000000,45.399838323,52,1
1.600000000,1.700000000,10500.000000000,10800.000000000,44.947912213,46,1
1.600000000,1.700000000,10800.000000000,11100.000000000,44.209614102,51,1
1.600000000,1.700000000,11100.000000000,11400.000000000,44.193113359,46,1
1.600000000,1.700000000,11400.000000000,11700.000000000,43.356497373,51,1
1.600000000,1.700000000,11700.000000000,12000.000000000,41.589342104,54,1
1.600000000,1.700000000,12000.000000000,12300.000000000,44.944171390,52,1
1.600000000,1.700000000,12300.000000000,12600.000000000,44.165285274,44,1
1.600000000,1.700000000,12600.000000000,12900.000000000,47.985458761,51,1
1.600000000,1.700000000,12900.000000000,13200.000000000,43.648391144,52,1
1.600000000,1.700000000,13200.000000000,13500.000000000,44.688070610,46,1
1.600000000,1.700000000,13500.000000000,13800.000000000,43.052198269,50,1
1.600000000,1.700000000,13800.000000000,14100.000000000,42.481935231,54,1
1.600000000,1.700000000,14100.000000000,14400.000000000,46.921872669,52,1
1.600000000,1.700000000,14400.000000000,14700.000000000,43.502019263,52,1
1.600000000,1.700000000,14700.000000000,15000.000000000,45.386706160,48,1
1.600000000,1.700000000,15000.000000000,15300.000000000,44.565737952,52,1
1.600000000,1.700000000,15300.000000000,15600.000000000,43.633965243,48,1
1.600000000,1.700000000,15600.000000000,15900.000000000,43.501497684,55,1
1.600000000,1.700000000,15900.000000000,16200.000000000,45.499221794,52,1
1.600000000,1.700000000,16200.000000000,16500.000000000,46.157230307,48,1
1.600000000,1.700000000,16500.000000000,16800.000000000,43.268637592,53,1
1.600000000,1.700000000,16800.000000000,17100.000000000,44.100300141,49,1
1.600000000,1.700000000,17100.000000000,17400.000000000,45.332030030,49,1
1.600000000,1.700000000,17400.000000000,17700.000000000,44.642525409,47,1
1.600000000,1.700000000,17700.000000000,18000.000000000,45.422116071,48,1
1.600000000,1.700000000,18000.000000000,18300.000000000,43.112893469,50,1
1.600000000,1.700000000,18300.000000000,18600.000000000,44.978186969,52,1
1.600000000,1.700000000,18600.000000000,18900.000000000,44.507449914,54,1
1.600000000,1.700000000,18900.000000000,19200.000000000,45.231936827,51,1
1.600000000,1.700000000,19200.000000000,19500.000000000,43.782472659,47,1
1.600000000,1.700000000,19500.000000000,19800.000000000,45.915558643,52,1
1.600000000,1.700000000,19800.000000000,20100.000000000,41.761526185,47,1
1.600000000,1.700000000,20100.000000000,20400.000000000,45.397241380,52,1
1.600000000,1.700000000,20400.000000000,20700.000000000,45.051820070,48,1
1.600000000,1.700000000,20700.000000000,21000.000000000,46.308705153,50,1
1.600000000,1.700000000,21000.000000000,21300.000000000,41.548757658,54,1
1.600000000,1.700000000,21300.000000000,21600.000000000,43.117520813,48,1
1.700000000,1.800000000,0.000000000,300.000000000,46.535972147,27,1
1.700000000,1.800000000,300.000000000,600.000000000,45.832349051,52,1
1.700000000,1.800000000,600.000000000,900.000000000,43.021509035,50,1
1.700000000,1.800000000,900.000000000,1200.000000000,46.865456698,45,1
1.700000000,1.800000000,1200.000000000,1500.000000000,44.386353911,50,1
1.700000000,1.800000000,1500.000000000,1800.000000000,45.835162791,47,1
1.700000000,1.800000000,1800.000000000,2100.000000000,45.084844872,53,1
1.700000000,1.800000000,2100.000000000,2400.000000000,44.868786095,49,1
1.700000000,1.800000000,2400.000000000,2700.000000000,45.452589556,53,1
1.700000000,1.800000000,2700.000000000,3000.000000000,44.752511732,48,1
1.700000000,1.800000000,3000.000000000,3300.000000000,43.479597636,49,1
1.700000000,1.800000000,3300.000000000,3600.000000000,44.498339347,55,1
1.700000000,1.800000000,3600.000000000,3900.000000000,42.787908371,52,1
1.700000000,1.800000000,3900.000000000,4200.000000000,43.473762013,52,1
1.700000000,1.800000000,4200.000000000,4500.000000000,43.875071849,51,1
1.700000000,1.800000000,4500.000000000,4800.000000000,41.676841552,53,1
1.700000000,1.800000000,4800.000000000,5100.000000000,46.800390531,50,1
1.700000000,1.800000000,5100.000000000,5400.000000000,43.128459437,52,1
1.700000000,1.800000000,5400.000000000,5700.000000000,45.901499920,52,1
1.700000000,1.800000000,5700.000000000,6000.000000000,46.121704486,51,1
1.700000000,1.800000000,6000.000000000,6300.000000000,45.085537902,50,1
1.700000000,1.800000000,6300.000000000,6600.000000000,45.048127009,49,1
1.700000000,1.800000000,6600.000000000,6900.000000000,41.912785802,54,1
1.700000000,1.800000000,6900.000000000,7200.000000000,44.243909273,52,1
1.700000000,1.800000000,7200.000000000,7500.000000000,42.177581747,56,1
1.700000000,1.800000000,7500.000000000,7800.000000000,44.435428742,51,1
1.700000000,1.800000000,7800.000000000,8100.000000000,43.816429691,50,1
1.700000000,1.800000000,8100.000000000,8400.000000000,44.113822700,49,1
1.700000000,1.800000000,8400.000000000,8700.000000000,44.797092385,53,1
1.700000000,1.800000000,8700.000000000,9000.000000000,43.551246532,46,1
1.700000000,1.800000000,9000.000000000,9300.000000000,45.603390875,58,1
1.700000000,1.800000000,9300.000000000,9600.000000000,44.839802258,53,1
1.700000000,1.800000000,9600.000000000,9900.000000000,45.841018159,53,1
1.700000000,1.800000000,9900.000000000,10200.000000000,44.382592281,55,1
1.700000000,1.800000000,10200.000000000,10500.000000000,45.419721149,52,1
1.700000000,1.800000000,10500.000000000,10800.000000000,44.707400229,49,1
1.700000000,1.800000000,10800.000000000,11100.000000000,44.000349441,50,1
1.700000000,1.800000000,11100.000000000,11400.000000000,43.691766171,46,1
1.700000000,1.800000000,11400.000000000,11700.000000000,44.026932459,51,1
1.700000000,1.800000000,11700.000000000,12000.000000000,41.790507590,54,1
1.700000000,1.800000000,12000.000000000,12300.000000000,45.032844872,51,1
1.700000000,1.800000000,12300.000000000,12600.000000000,44.049890205,45,1
1.700000000,1.800000000,12600.000000000,12900.000000000,47.204971443,49,1
1.700000000,1.800000000,12900.000000000,13200.000000000,43.516553241,53,1
1.700000000,1.800000000,13200.000000000,13500.000000000,44.667365458,46,1
1.700000000,1.800000000,13500.000000000,13800.000000000,43.333469706,50,1
1.700000000,1.800000000,13800.000000000,14100.000000000,42.259661540,53,1
1.700000000,1.800000000,14100.000000000,14400.000000000,46.985890023,53,1
1.700000000,1.800000000,14400.000000000,14700.000000000,43.594375411,49,1
1.700000000,1.800000000,14700.000000000,15000.000000000,44.637601854,50,1
1.700000000,1.800000000,15000.000000000,15300.000000000,44.737777063,52,1
1.700000000,1.800000000,15300.000000000,15600.000000000,42.947009349,47,1
1.700000000,1.800000000,15600.000000000,15900.000000000,42.607542941,54,1
1.700000000,1.800000000,15900.000000000,16200.000000000,45.600332848,52,1
1.700000000,1.800000000,16200.000000000,16500.000000000,45.661662175,50,1
1.700000000,1.800000000,16500.000000000,16800.000000000,42.515128913,52,1
1.700000000,1.800000000,16800.000000000,17100.000000000,44.048013373,49,1
1.700000000,1.800000000,17100.000000000,17400.000000000,44.541214992,49,1
1.700000000,1.800000000,17400.000000000,17700.000000000,43.528863446,48,1
1.700000000,1.800000000,17700.000000000,18000.000000000,45.043997983,48,1
1.700000000,1.800000000,18000.000000000,18300.000000000,43.735731228,47,1
1.700000000,1.800000000,18300.000000000,18600.000000000,44.776016571,51,1
1.700000000,1.800000000,18600.000000000,18900.000000000,44.478732626,57,1
1.700000000,1.800000000,18900.000000000,19200.000000000,45.172159499,49,1
1.700000000,1.800000000,19200.000000000,19500.000000000,42.929473834,48,1
1.700000000,1.800000000,19500.000000000,19800.000000000,45.794473587,51,1
1.700000000,1.800000000,19800.000000000,20100.000000000,41.338826727,50,1
1.700000000,1.800000000,20100.000000000,20400.000000000,44.181942906,52,1
1.700000000,1.800000000,20400.000000000,20700.000000000,44.905596781,51,1
1.700000000,1.800000000,20700.000000000,21000.000000000,46.513125592,50,1
1.700000000,1.800000000,21000.000000000,21300.000000000,40.362387680,55,1
1.700000000,1.800000000,21300.000000000,21600.000000000,43.234808200,49,1
1.800000000,1.900000000,0.000000000,300.000000000,47.490043452,24,1
1.800000000,1.900000000,300.000000000,600.000000000,45.942249147,53,1
1.800000000,1.900000000,600.000000000,900.000000000,43.433982805,53,1
1.800000000,1.900000000,900.000000000,1200.000000000,47.162057471,46,1
1.800000000,1.900000000,1200.000000000,1500.000000000,44.824566642,51,1
1.800000000,1.900000000,1500.000000000,1800.000000000,45.336370984,49,1
1.800000000,1.900000000,1800.000000000,2100.000000000,45.047177232,53,1
1.800000000,1.900000000,2100.000000000,2400.000000000,44.089426643,48,1
1.800000000,1.900000000,2400.000000000,2700.000000000,45.038293094,53,1
1.800000000,1.900000000,2700.000000000,3000.000000000,44.357231613,51,1
1.800000000,1.900000000,3000.000000000,3300.000000000,43.427250606,46,1
1.800000000,1.900000000,3300.000000000,3600.000000000,44.816013807,57,1
1.800000000,1.900000000,3600.000000000,3900.000000000,42.240660453,54,1
1.800000000,1.900000000,3900.000000000,4200.000000000,43.174603783,54,1
1.800000000,1.900000000,4200.000000000,4500.000000000,43.032383264,55,1
1.800000000,1.900000000,4500.000000000,4800.000000000,41.901570579,53,1
1.800000000,1.900000000,4800.000000000,5100.000000000,46.709434534,50,1
1.800000000,1.900000000,5100.000000000,5400.000000000,43.498904467,50,1
1.800000000,1.900000000,5400.000000000,5700.000000000,45.448396344,54,1
1.800000000,1.900000000,5700.000000000,6000.000000000,45.991396150,52,1
1.800000000,1.900000000,6000.000000000,6300.000000000,44.835932913,50,1
1.800000000,1.900000000,6300.000000000,6600.000000000,45.616862718,54,1
1.800000000,1.900000000,6600.000000000,6900.000000000,41.689169875,51,1
1.800000000,1.900000000,6900.000000000,7200.000000000,44.757059933,54,1
1.800000000,1.900000000,7200.000000000,7500.000000000,42.695833308,52,1
1.800000000,1.900000000,7500.000000000,7800.000000000,44.657264604,52,1
1.800000000,1.900000000,7800.000000000,8100.000000000,43.983829544,50,1
1.800000000,1.900000000,8100.000000000,8400.000000000,44.282230291,50,1
1.800000000,1.900000000,8400.000000000,8700.000000000,43.928181327,53,1
1.800000000,1.900000000,8700.000000000,9000.000000000,43.465000556,45,1
1.800000000,1.900000000,9000.000000000,9300.000000000,45.771881067,56,1
1.800000000,1.900000000,9300.000000000,9600.000000000,45.401683683,52,1
1.800000000,1.900000000,9600.000000000,9900.000000000,46.697745837,53,1
1.800000000,1.900000000,9900.000000000,10200.000000000,43.765830635,53,1
1.800000000,1.900000000,10200.000000000,10500.000000000,45.376978891,53,1
1.800000000,1.900000000,10500.000000000,10800.000000000,44.746566230,51,1
1.800000000,1.900000000,10800.000000000,11100.000000000,43.754258503,53,1
1.800000000,1.900000000,11100.000000000,11400.000000000,42.991666522,46,1
1.800000000,1.900000000,11400.000000000,11700.000000000,44.173682587,53,1
1.800000000,1.900000000,11700.000000000,12000.000000000,42.082934406,53,1
1.800000000,1.900000000,12000.000000000,12300.000000000,45.093320079,53,1
1.800000000,1.900000000,12300.000000000,12600.000000000,45.257539978,46,1
1.800000000,1.900000000,12600.000000000,12900.000000000,46.243626255,48,1
1.800000000,1.900000000,12900.000000000,13200.000000000,43.739689143,53,1
1.800000000,1.900000000,13200.000000000,13500.000000000,45.214733342,49,1
1.800000000,1.900000000,13500.000000000,13800.000000000,43.599774873,51,1
1.800000000,1.900000000,13800.000000000,14100.000000000,42.042878018,51,1
1.800000000,1.900000000,14100.000000000,14400.000000000,47.524973796,55,1
1.800000000,1.900000000,14400.000000000,14700.000000000,43.522909921,47,1
1.800000000,1.900000000,14700.000000000,15000.000000000,43.268154225,51,1
1.800000000,1.900000000,15000.000000000,15300.000000000,45.179738444,53,1
1.800000000,1.900000000,15300.000000000,15600.000000000,42.936441331,47,1
1.800000000,1.900000000,15600.000000000,15900.000000000,43.103152653,55,1
1.800000000,1.900000000,15900.000000000,16200.000000000,45.806734746,51,1
1.800000000,1.900000000,16200.000000000,16500.000000000,44.070505161,50,1
1.800000000,1.900000000,16500.000000000,16800.000000000,42.123438189,51,1
1.800000000,1.900000000,16800.000000000,17100.000000000,42.713609560,52,1
1.800000000,1.900000000,17100.000000000,17400.000000000,43.288042688,49,1
1.800000000,1.900000000,17400.000000000,17700.000000000,42.794353316,47,1
1.800000000,1.900000000,17700.000000000,18000.000000000,45.256798317,48,1
1.800000000,1.900000000,18000.000000000,18300.000000000,43.291887900,50,1
1.800000000,1.900000000,18300.000000000,18600.000000000,45.288923161,47,1
1.800000000,1.900000000,18600.000000000,18900.000000000,44.375787679,61,1
1.800000000,1.900000000,18900.000000000,19200.000000000,44.229542409,51,1
1.800000000,1.900000000,19200.000000000,19500.000000000,41.244729672,49,1
1.800000000,1.900000000,19500.000000000,19800.000000000,45.977230491,51,1
1.800000000,1.900000000,19800.000000000,20100.000000000,41.528234528,50,1
1.800000000,1.900000000,20100.000000000,20400.000000000,44.253392864,49,1
1.800000000,1.900000000,20400.000000000,20700.000000000,45.106628697,54,1
1.800000000,1.900000000,20700.000000000,21000.000000000,46.943418178,52,1
1.800000000,1.900000000,21000.000000000,21300.000000000,40.375157009,55,1
1.800000000,1.900000000,21300.000000000,21600.000000000,42.854981443,47,1
1.900000000,2.000000000,0.000000000,300.000000000,49.284065102,23,1
1.900000000,2.000000000,300.000000000,600.000000000,46.100847107,52,1
1.900000000,2.000000000,600.000000000,900.000000000,43.253565631,50,1
1.900000000,2.000000000,900.000000000,1200.000000000,47.324953616,48,1
1.900000000,2.000000000,1200.000000000,1500.000000000,44.858925558,50,1
1.900000000,2.000000000,1500.000000000,1800.000000000,44.915362074,49,1
1.900000000,2.000000000,1800.000000000,2100.000000000,45.517230763,54,1
1.900000000,2.000000000,2100.000000000,2400.000000000,44.508979421,52,1
1.900000000,2.000000000,2400.000000000,2700.000000000,45.121246271,50,1
1.900000000,2.000000000,2700.000000000,3000.000000000,44.198158655,55,1
1.900000000,2.000000000,3000.000000000,3300.000000000,42.725864340,45,1
1.900000000,2.000000000,3300.000000000,3600.000000000,44.881746251,55,1
1.900000000,2.000000000,3600.000000000,3900.000000000,42.675092372,52,1
1.900000000,2.000000000,3900.000000000,4200.000000000,43.284096159,54,1
1.900000000,2.000000000,4200.000000000,4500.000000000,42.483922297,56,1
1.900000000,2.000000000,4500.000000000,4800.000000000,41.568703029,56,1
1.900000000,2.000000000,4800.000000000,5100.000000000,46.610935438,52,1
1.900000000,2.000000000,5100.000000000,5400.000000000,43.497457783,49,1
1.900000000,2.000000000,5400.000000000,5700.000000000,44.463829362,55,1
1.900000000,2.000000000,5700.000000000,6000.000000000,45.597553713,54,1
1.900000000,2.000000000,6000.000000000,6300.000000000,44.289206987,46,1
1.900000000,2.000000000,6300.000000000,6600.000000000,45.267447314,55,1
1.900000000,2.000000000,6600.000000000,6900.000000000,41.569544193,51,1
1.900000000,2.000000000,6900.000000000,7200.000000000,44.479533729,54,1
1.900000000,2.000000000,7200.000000000,7500.000000000,41.997499930,51,1
1.900000000,2.000000000,7500.000000000,7800.000000000,44.670251968,53,1
1.900000000,2.000000000,7800.000000000,8100.000000000,44.216778333,48,1
1.900000000,2.000000000,8100.000000000,8400.000000000,44.923155942,50,1
1.900000000,2.000000000,8400.000000000,8700.000000000,43.437335913,50,1
1.900000000,2.000000000,8700.000000000,9000.000000000,43.690452850,48,1
1.900000000,2.000000000,9000.000000000,9300.000000000,45.075182449,56,1
1.900000000,2.000000000,9300.000000000,9600.000000000,45.484999705,49,1
1.900000000,2.000000000,9600.000000000,9900.000000000,47.476814994,54,1
1.900000000,2.000000000,9900.000000000,10200.000000000,43.523930914,49,1
1.900000000,2.000000000,10200.000000000,10500.000000000,45.729507773,51,1
1.900000000,2.000000000,10500.000000000,10800.000000000,44.862272262,47,1
1.900000000,2.000000000,10800.000000000,11100.000000000,43.400684307,57,1
1.900000000,2.000000000,11100.000000000,11400.000000000,42.678996385,44,1
1.900000000,2.000000000,11400.000000000,11700.000000000,43.990804322,54,1
1.900000000,2.000000000,11700.000000000,12000.000000000,42.231213513,51,1
1.900000000,2.000000000,12000.000000000,12300.000000000,45.639224353,55,1
1.900000000,2.000000000,12300.000000000,12600.000000000,46.396189513,49,1
1.900000000,2.000000000,12600.000000000,12900.000000000,46.501078536,49,1
1.900000000,2.000000000,12900.000000000,13200.000000000,43.015054326,50,1
1.900000000,2.000000000,13200.000000000,13500.000000000,45.271564851,48,1
1.900000000,2.000000000,13500.000000000,13800.000000000,43.820456339,50,1
1.900000000,2.000000000,13800.000000000,14100.000000000,41.103455606,51,1
1.900000000,2.000000000,14100.000000000,14400.000000000,46.422979819,56,1
1.900000000,2.000000000,14400.000000000,14700.000000000,43.770779037,48,1
1.900000000,2.000000000,14700.000000000,15000.000000000,42.543761537,52,1
1.900000000,2.000000000,15000.000000000,15300.000000000,45.079301064,53,1
1.900000000,2.000000000,15300.000000000,15600.000000000,43.715322195,46,1
1.900000000,2.000000000,15600.000000000,15900.000000000,43.766566927,57,1
1.900000000,2.000000000,15900.000000000,16200.000000000,44.978842144,52,1
1.900000000,2.000000000,16200.000000000,16500.000000000,43.508093366,52,1
1.900000000,2.000000000,16500.000000000,16800.000000000,41.892093780,52,1
1.900000000,2.000000000,16800.000000000,17100.000000000,42.576960934,53,1
1.900000000,2.000000000,17100.000000000,17400.000000000,42.671115357,52,1
1.900000000,2.000000000,17400.000000000,17700.000000000,42.459930738,48,1
1.900000000,2.000000000,17700.000000000,18000.000000000,45.313919267,46,1
1.900000000,2.000000000,18000.000000000,18300.000000000,43.908775083,50,1
1.900000000,2.000000000,18300.000000000,18600.000000000,45.228699387,46,1
1.900000000,2.000000000,18600.000000000,18900.000000000,44.362746284,59,1
1.900000000,2.000000000,18900.000000000,19200.000000000,43.450916215,53,1
1.900000000,2.000000000,19200.000000000,19500.000000000,39.092082570,47,1
1.900000000,2.000000000,19500.000000000,19800.000000000,45.014731915,54,1
1.900000000,2.000000000,19800.000000000,20100.000000000,42.086898501,49,1
1.900000000,2.000000000,20100.000000000,20400.000000000,44.105098845,48,1
1.900000000,2.000000000,20400.000000000,20700.000000000,45.451755911,52,1
1.900000000,2.000000000,20700.000000000,21000.000000000,46.157157331,52,1
1.900000000,2.000000000,21000.000000000,21300.000000000,41.222772573,55,1
1.900000000,2.000000000,21300.000000000,21600.000000000,43.972641606,46,1
2.000000000,2.100000000,0.000000000,300.000000000,48.668585070,20,1
2.000000000,2.100000000,300.000000000,600.000000000,46.271169245,53,1
2.000000000,2.100000000,600.000000000,900.000000000,43.642976904,48,1
2.000000000,2.100000000,900.000000000,1200.000000000,45.630774490,46,1
2.000000000,2.100000000,1200.000000000,1500.000000000,45.277592930,52,1
2.000000000,2.100000000,1500.000000000,1800.000000000,45.531869541,49,1
2.000000000,2.100000000,1800.000000000,2100.000000000,45.377278442,52,1
2.000000000,2.100000000,2100.000000000,2400.000000000,44.901108291,53,1
2.000000000,2.100000000,2400.000000000,2700.000000000,45.891159947,49,1
2.000000000,2.100000000,2700.000000000,3000.000000000,43.404030372,56,1
2.000000000,2.100000000,3000.000000000,3300.000000000,42.666066102,49,1
2.000000000,2.100000000,3300.000000000,3600.000000000,43.816512613,53,1
2.000000000,2.100000000,3600.000000000,3900.000000000,44.129106087,51,1
2.000000000,2.100000000,3900.000000000,4200.000000000,43.652545181,54,1
2.000000000,2.100000000,4200.000000000,4500.000000000,42.898412544,55,1
2.000000000,2.100000000,4500.000000000,4800.000000000,40.672396568,55,1
2.000000000,2.100000000,4800.000000000,5100.000000000,45.761855312,54,1
2.000000000,2.100000000,5100.000000000,5400.000000000,44.219609437,48,1
2.000000000,2.100000000,5400.000000000,5700.000000000,43.264045506,55,1
2.000000000,2.100000000,5700.000000000,6000.000000000,45.045489869,54,1
2.000000000,2.100000000,6000.000000000,6300.000000000,44.610366550,45,1
2.000000000,2.100000000,6300.000000000,6600.000000000,44.798161173,54,1
2.000000000,2.100000000,6600.000000000,6900.000000000,41.317239064,54,1
2.000000000,2.100000000,6900.000000000,7200.000000000,43.671067962,52,1
2.000000000,2.100000000,7200.000000000,7500.000000000,41.515227116,53,1
2.000000000,2.100000000,7500.000000000,7800.000000000,44.106506580,52,1
2.000000000,2.100000000,7800.000000000,8100.000000000,43.677858931,50,1
2.000000000,2.100000000,8100.000000000,8400.000000000,45.335892243,51,1
2.000000000,2.100000000,8400.000000000,8700.000000000,43.717983014,49,1
2.000000000,2.100000000,8700.000000000,9000.000000000,44.261091031,48,1
2.000000000,2.100000000,9000.000000000,9300.000000000,43.745181933,56,1
2.000000000,2.100000000,9300.000000000,9600.000000000,45.472926017,48,1
2.000000000,2.100000000,9600.000000000,9900.000000000,47.523670343,55,1
2.000000000,2.100000000,9900.000000000,10200.000000000,44.362101723,51,1
2.000000000,2.100000000,10200.000000000,10500.000000000,45.995468259,51,1
2.000000000,2.100000000,10500.000000000,10800.000000000,45.683294000,44,1
2.000000000,2.100000000,10800.000000000,11100.000000000,41.697315168,55,1
2.000000000,2.100000000,11100.000000000,11400.000000000,44.027847620,46,1
2.000000000,2.100000000,11400.000000000,11700.000000000,43.518951394,53,1
2.000000000,2.100000000,11700.000000000,12000.000000000,43.091307205,51,1
2.000000000,2.100000000,12000.000000000,12300.000000000,46.031378867,53,1
2.000000000,2.100000000,12300.000000000,12600.000000000,46.191606208,49,1
2.000000000,2.100000000,12600.000000000,12900.000000000,46.424159303,50,1
2.000000000,2.100000000,12900.000000000,13200.000000000,43.947621866,50,1
2.000000000,2.100000000,13200.000000000,13500.000000000,45.280039949,48,1
2.000000000,2.100000000,13500.000000000,13800.000000000,43.278935765,49,1
2.000000000,2.100000000,13800.000000000,14100.000000000,40.702000412,55,1
2.000000000,2.100000000,14100.000000000,14400.000000000,45.101896270,55,1
2.000000000,2.100000000,14400.000000000,14700.000000000,43.422521810,48,1
2.000000000,2.100000000,14700.000000000,15000.000000000,43.154488553,53,1
2.000000000,2.100000000,15000.000000000,15300.000000000,44.676123647,54,1
2.000000000,2.100000000,15300.000000000,15600.000000000,44.028105068,44,1
2.000000000,2.100000000,15600.000000000,15900.000000000,44.199391884,55,1
2.000000000,2.100000000,15900.000000000,16200.000000000,44.223345338,52,1
2.000000000,2.100000000,16200.000000000,16500.000000000,43.519660074,48,1
2.000000000,2.100000000,16500.000000000,16800.000000000,42.136325677,51,1
2.000000000,2.100000000,16800.000000000,17100.000000000,43.238816811,49,1
2.000000000,2.100000000,17100.000000000,17400.000000000,43.038775931,53,1
2.000000000,2.100000000,17400.000000000,17700.000000000,42.441471565,51,1
2.000000000,2.100000000,17700.000000000,18000.000000000,45.947562399,49,1
2.000000000,2.100000000,18000.000000000,18300.000000000,43.710791423,48,1
2.000000000,2.100000000,18300.000000000,18600.000000000,44.527178763,46,1
2.000000000,2.100000000,18600.000000000,18900.000000000,44.949054515,56,1
2.000000000,2.100000000,18900.000000000,19200.000000000,43.606525601,51,1
2.000000000,2.100000000,19200.000000000,19500.000000000,37.334408556,45,1
2.000000000,2.100000000,19500.000000000,19800.000000000,44.674321649,54,1
2.000000000,2.100000000,19800.000000000,20100.000000000,42.321277534,46,1
2.000000000,2.100000000,20100.000000000,20400.000000000,44.541232801,51,1
2.000000000,2.100000000,20400.000000000,20700.000000000,45.497202770,52,1
2.000000000,2.100000000,20700.000000000,21000.000000000,44.397294041,53,1
2.000000000,2.100000000,21000.000000000,21300.000000000,42.137131941,53,1
2.000000000,2.100000000,21300.000000000,21600.000000000,44.635177165,50,1
2.100000000,2.200000000,0.000000000,300.000000000,48.513657658,20,1
2.100000000,2.200000000,300.000000000,600.000000000,45.871231338,53,1
2.100000000,2.200000000,600.000000000,900.000000000,43.587802854,48,1
2.100000000,2.200000000,900.000000000,1200.000000000,44.358666051,47,1
2.100000000,2.200000000,1200.000000000,1500.000000000,45.689074377,51,1
2.100000000,2.200000000,1500.000000000,1800.000000000,45.852143949,47,1
2.100000000,2.200000000,1800.000000000,2100.000000000,44.692289469,53,1
2.100000000,2.200000000,2100.000000000,2400.000000000,45.372933873,52,1
2.100000000,2.200000000,2400.000000000,2700.000000000,46.176539083,51,1
2.100000000,2.200000000,2700.000000000,3000.000000000,43.454798121,52,1
2.100000000,2.200000000,3000.000000000,3300.000000000,43.354897820,50,1
2.100000000,2.200000000,3300.000000000,3600.000000000,42.833484155,50,1
2.100000000,2.200000000,3600.000000000,3900.000000000,44.028245753,49,1
2.100000000,2.200000000,3900.000000000,4200.000000000,44.154564180,53,1
2.100000000,2.200000000,4200.000000000,4500.000000000,43.362176441,52,1
2.100000000,2.200000000,4500.000000000,4800.000000000,38.728191139,59,1
2.100000000,2.200000000,4800.000000000,5100.000000000,46.292984891,51,1
2.100000000,2.200000000,5100.000000000,5400.000000000,43.748562448,48,1
2.100000000,2.200000000,5400.000000000,5700.000000000,43.354835765,55,1
2.100000000,2.200000000,5700.000000000,6000.000000000,44.722828270,55,1
2.100000000,2.200000000,6000.000000000,6300.000000000,45.274641015,47,1
2.100000000,2.200000000,6300.000000000,6600.000000000,45.403162817,50,1
2.100000000,2.200000000,6600.000000000,6900.000000000,41.860549584,58,1
2.100000000,2.200000000,6900.000000000,7200.000000000,43.488863504,50,1
2.100000000,2.200000000,7200.000000000,7500.000000000,41.350096578,53,1
2.100000000,2.200000000,7500.000000000,7800.000000000,43.976211393,52,1
2.100000000,2.200000000,7800.000000000,8100.000000000,43.453864272,52,1
2.100000000,2.200000000,8100.000000000,8400.000000000,45.392291559,49,1
2.100000000,2.200000000,8400.000000000,8700.000000000,43.451192439,50,1
2.100000000,2.200000000,8700.000000000,9000.000000000,44.777648209,48,1
2.100000000,2.200000000,9000.000000000,9300.000000000,42.542246170,56,1
2.100000000,2.200000000,9300.000000000,9600.000000000,45.164866779,46,1
2.100000000,2.200000000,9600.000000000,9900.000000000,47.496789914,55,1
2.100000000,2.200000000,9900.000000000,10200.000000000,45.665971493,51,1
2.100000000,2.200000000,10200.000000000,10500.000000000,46.168410912,51,1
2.100000000,2.200000000,10500.000000000,10800.000000000,43.864272663,44,1
2.100000000,2.200000000,10800.000000000,11100.000000000,41.299181334,54,1
2.100000000,2.200000000,11100.000000000,11400.000000000,44.390438572,46,1
2.100000000,2.200000000,11400.000000000,11700.000000000,43.438132322,53,1
2.100000000,2.200000000,11700.000000000,12000.000000000,43.490979806,51,1
2.100000000,2.200000000,12000.000000000,12300.000000000,45.083610029,54,1
2.100000000,2.200000000,12300.000000000,12600.000000000,45.014843355,51,1
2.100000000,2.200000000,12600.000000000,12900.000000000,46.400680335,51,1
2.100000000,2.200000000,12900.000000000,13200.000000000,44.863840479,50,1
2.100000000,2.200000000,13200.000000000,13500.000000000,45.276654318,48,1
2.100000000,2.200000000,13500.000000000,13800.000000000,44.529968500,46,1
2.100000000,2.200000000,13800.000000000,14100.000000000,39.878034760,55,1
2.100000000,2.200000000,14100.000000000,14400.000000000,43.966931607,53,1
2.100000000,2.200000000,14400.000000000,14700.000000000,43.682456963,48,1
2.100000000,2.200000000,14700.000000000,15000.000000000,43.748539935,51,1
2.100000000,2.200000000,15000.000000000,15300.000000000,43.762972883,54,1
2.100000000,2.200000000,15300.000000000,15600.000000000,44.643114118,47,1
2.100000000,2.200000000,15600.000000000,15900.000000000,43.701697601,54,1
2.100000000,2.200000000,15900.000000000,16200.000000000,43.914206619,53,1
2.100000000,2.200000000,16200.000000000,16500.000000000,42.904383139,48,1
2.100000000,2.200000000,16500.000000000,16800.000000000,41.550773596,53,1
2.100000000,2.200000000,16800.000000000,17100.000000000,43.238520053,47,1
2.100000000,2.200000000,17100.000000000,17400.000000000,43.559733013,50,1
2.100000000,2.200000000,17400.000000000,17700.000000000,42.953320145,50,1
2.100000000,2.200000000,17700.000000000,18000.000000000,46.555003383,50,1
2.100000000,2.200000000,18000.000000000,18300.000000000,42.496880169,48,1
2.100000000,2.200000000,18300.000000000,18600.000000000,43.667925112,47,1
2.100000000,2.200000000,18600.000000000,18900.000000000,44.386013164,57,1
2.100000000,2.200000000,18900.000000000,19200.000000000,43.371549267,55,1
2.100000000,2.200000000,19200.000000000,19500.000000000,37.710031890,45,1
2.100000000,2.200000000,19500.000000000,19800.000000000,44.052804874,54,1
2.100000000,2.200000000,19800.000000000,20100.000000000,42.742072297,44,1
2.100000000,2.200000000,20100.000000000,20400.000000000,44.423287621,52,1
2.100000000,2.200000000,20400.000000000,20700.000000000,45.675609688,51,1
2.100000000,2.200000000,20700.000000000,21000.000000000,43.624641441,54,1
2.100000000,2.200000000,21000.000000000,21300.000000000,42.909505420,51,1
2.100000000,2.200000000,21300.000000000,21600.000000000,44.971861604,52,1
2.200000000,2.300000000,0.000000000,300.000000000,48.420962770,20,1
2.200000000,2.300000000,300.000000000,600.000000000,45.983329529,54,1
2.200000000,2.300000000,600.000000000,900.000000000,43.057114834,46,1
2.200000000,2.300000000,900.000000000,1200.000000000,44.443299138,51,1
2.200000000,2.300000000,1200.000000000,1500.000000000,45.188105187,51,1
2.200000000,2.300000000,1500.000000000,1800.000000000,46.341265568,46,1
2.200000000,2.300000000,1800.000000000,2100.000000000,44.831045298,54,1
2.200000000,2.300000000,2100.000000000,2400.000000000,45.890097327,48,1
2.200000000,2.300000000,2400.000000000,2700.000000000,46.266719441,53,1
2.200000000,2.300000000,2700.000000000,3000.000000000,43.515882706,53,1
2.200000000,2.300000000,3000.000000000,3300.000000000,42.306519421,51,1
2.200000000,2.300000000,3300.000000000,3600.000000000,42.419126776,50,1
2.200000000,2.300000000,3600.000000000,3900.000000000,42.832393526,49,1
2.200000000,2.300000000,3900.000000000,4200.000000000,44.349058633,53,1
2.200000000,2.300000000,4200.000000000,4500.000000000,44.141276049,50,1
2.200000000,2.300000000,4500.000000000,4800.000000000,37.867063697,57,1
2.200000000,2.300000000,4800.000000000,5100.000000000,45.611541101,53,1
2.200000000,2.300000000,5100.000000000,5400.000000000,43.437834319,51,1
2.200000000,2.300000000,5400.000000000,5700.000000000,44.513280058,53,1
2.200000000,2.300000000,5700.000000000,6000.000000000,44.810214650,53,1
2.200000000,2.300000000,6000.000000000,6300.000000000,44.479387632,49,1
2.200000000,2.300000000,6300.000000000,6600.000000000,44.619494606,48,1
2.200000000,2.300000000,6600.000000000,6900.000000000,41.291194478,59,1
2.200000000,2.300000000,6900.000000000,7200.000000000,42.757983341,54,1
2.200000000,2.300000000,7200.000000000,7500.000000000,41.563348889,51,1
2.200000000,2.300000000,7500.000000000,7800.000000000,43.811299809,51,1
2.200000000,2.300000000,7800.000000000,8100.000000000,43.567943681,53,1
2.200000000,2.300000000,8100.000000000,8400.000000000,45.634366407,50,1
2.200000000,2.300000000,8400.000000000,8700.000000000,43.508111147,50,1
2.200000000,2.300000000,8700.000000000,9000.000000000,44.832072923,49,1
2.200000000,2.300000000,9000.000000000,9300.000000000,41.158814917,56,1
2.200000000,2.300000000,9300.000000000,9600.000000000,44.367320342,49,1
2.200000000,2.300000000,9600.000000000,9900.000000000,47.257008113,58,1
2.200000000,2.300000000,9900.000000000,10200.000000000,45.710361526,51,1
2.200000000,2.300000000,10200.000000000,10500.000000000,46.435062894,53,1
2.200000000,2.300000000,10500.000000000,10800.000000000,43.863913631,45,1
2.200000000,2.300000000,10800.000000000,11100.000000000,41.855362749,53,1
2.200000000,2.300000000,11100.000000000,11400.000000000,44.020065879,47,1
2.200000000,2.300000000,11400.000000000,11700.000000000,44.272677123,53,1
2.200000000,2.300000000,11700.000000000,12000.000000000,43.385190876,50,1
2.200000000,2.300000000,12000.000000000,12300.000000000,44.660586505,54,1
2.200000000,2.300000000,12300.000000000,12600.000000000,44.000335284,53,1
2.200000000,2.300000000,12600.000000000,12900.000000000,46.076830232,53,1
2.200000000,2.300000000,12900.000000000,13200.000000000,43.898138212,51,1
2.200000000,2.300000000,13200.000000000,13500.000000000,44.315858043,50,1
2.200000000,2.300000000,13500.000000000,13800.000000000,45.653159520,45,1
2.200000000,2.300000000,13800.000000000,14100.000000000,39.915087180,53,1
2.200000000,2.300000000,14100.000000000,14400.000000000,42.815822481,57,1
2.200000000,2.300000000,14400.000000000,14700.000000000,43.168666371,51,1
2.200000000,2.300000000,14700.000000000,15000.000000000,43.402116743,49,1
2.200000000,2.300000000,15000.000000000,15300.000000000,43.385397630,53,1
2.200000000,2.300000000,15300.000000000,15600.000000000,45.038200779,48,1
2.200000000,2.300000000,15600.000000000,15900.000000000,44.147480390,53,1
2.200000000,2.300000000,15900.000000000,16200.000000000,44.598757454,55,1
2.200000000,2.300000000,16200.000000000,16500.000000000,43.295743049,48,1
2.200000000,2.300000000,16500.000000000,16800.000000000,41.755816346,54,1
2.200000000,2.300000000,16800.000000000,17100.000000000,43.139484286,49,1
2.200000000,2.300000000,17100.000000000,17400.000000000,43.771582046,47,1
2.200000000,2.300000000,17400.000000000,17700.000000000,42.986073167,50,1
2.200000000,2.300000000,17700.000000000,18000.000000000,45.268006165,53,1
2.200000000,2.300000000,18000.000000000,18300.000000000,42.093796943,46,1
2.200000000,2.300000000,18300.000000000,18600.000000000,43.421750456,47,1
2.200000000,2.300000000,18600.000000000,18900.000000000,45.818297542,54,1
2.200000000,2.300000000,18900.000000000,19200.000000000,41.918365498,58,1
2.200000000,2.300000000,19200.000000000,19500.000000000,39.282616916,49,1
2.200000000,2.300000000,19500.000000000,19800.000000000,43.843492369,53,1
2.200000000,2.300000000,19800.000000000,20100.000000000,43.096575069,44,1
2.200000000,2.300000000,20100.000000000,20400.000000000,45.034112908,52,1
2.200000000,2.300000000,20400.000000000,20700.000000000,46.180071540,49,1
2.200000000,2.300000000,20700.000000000,21000.000000000,43.459991820,54,1
2.200000000,2.300000000,21000.000000000,21300.000000000,43.031290904,49,1
2.200000000,2.300000000,21300.000000000,21600.000000000,45.393386444,54,1
2.300000000,2.400000000,0.000000000,300.000000000,47.584042386,19,1
2.300000000,2.400000000,300.000000000,600.000000000,46.735542925,54,1
2.300000000,2.400000000,600.000000000,900.000000000,44.211818514,43,1
2.300000000,2.400000000,900.000000000,1200.000000000,44.143622219,52,1
2.300000000,2.400000000,1200.000000000,1500.000000000,44.829495642,49,1
2.300000000,2.400000000,1500.000000000,1800.000000000,45.667835631,45,1
2.300000000,2.400000000,1800.000000000,2100.000000000,44.132670561,54,1
2.300000000,2.400000000,2100.000000000,2400.000000000,45.977924386,47,1
2.300000000,2.400000000,2400.000000000,2700.000000000,45.462224766,51,1
2.300000000,2.400000000,2700.000000000,3000.000000000,43.415529015,54,1
2.300000000,2.400000000,3000.000000000,3300.000000000,41.656998903,51,1
2.300000000,2.400000000,3300.000000000,3600.000000000,42.718262078,50,1
2.300000000,2.400000000,3600.000000000,3900.000000000,41.940634492,49,1
2.300000000,2.400000000,3900.000000000,4200.000000000,43.163428062,52,1
2.300000000,2.400000000,4200.000000000,4500.000000000,43.603184513,52,1
2.300000000,2.400000000,4500.000000000,4800.000000000,39.272037912,55,1
2.300000000,2.400000000,4800.000000000,5100.000000000,45.815851503,51,1
2.300000000,2.400000000,5100.000000000,5400.000000000,43.107840806,51,1
2.300000000,2.400000000,5400.000000000,5700.000000000,44.889950797,54,1
2.300000000,2.400000000,5700.000000000,6000.000000000,45.633836051,53,1
2.300000000,2.400000000,6000.000000000,6300.000000000,43.931843413,48,1
2.300000000,2.400000000,6300.000000000,6600.000000000,44.823627143,49,1
2.300000000,2.400000000,6600.000000000,6900.000000000,42.121637551,55,1
2.300000000,2.400000000,6900.000000000,7200.000000000,41.629038324,58,1
2.300000000,2.400000000,7200.000000000,7500.000000000,40.979924364,49,1
2.300000000,2.400000000,7500.000000000,7800.000000000,43.747469789,51,1
2.300000000,2.400000000,7800.000000000,8100.000000000,41.654851389,52,1
2.300000000,2.400000000,8100.000000000,8400.000000000,44.734480792,50,1
2.300000000,2.400000000,8400.000000000,8700.000000000,43.946987001,53,1
2.300000000,2.400000000,8700.000000000,9000.000000000,44.128455979,53,1
2.300000000,2.400000000,9000.000000000,9300.000000000,41.291793720,52,1
2.300000000,2.400000000,9300.000000000,9600.000000000,44.627137238,47,1
2.300000000,2.400000000,9600.000000000,9900.000000000,47.276154300,58,1
2.300000000,2.400000000,9900.000000000,10200.000000000,45.912612298,53,1
2.300000000,2.400000000,10200.000000000,10500.000000000,45.972460861,52,1
2.300000000,2.400000000,10500.000000000,10800.000000000,43.964384560,46,1
2.300000000,2.400000000,10800.000000000,11100.000000000,42.326334491,53,1
2.300000000,2.400000000,11100.000000000,11400.000000000,43.856515856,47,1
2.300000000,2.400000000,11400.000000000,11700.000000000,44.312994454,49,1
2.300000000,2.400000000,11700.000000000,12000.000000000,42.958708012,50,1
2.300000000,2.400000000,12000.000000000,12300.000000000,44.527657774,51,1
2.300000000,2.400000000,12300.000000000,12600.000000000,43.161348892,52,1
2.300000000,2.400000000,12600.000000000,12900.000000000,45.564944027,52,1
2.300000000,2.400000000,12900.000000000,13200.000000000,43.775450969,47,1
2.300000000,2.400000000,13200.000000000,13500.000000000,43.246782606,54,1
2.300000000,2.400000000,13500.000000000,13800.000000000,45.656574636,46,1
2.300000000,2.400000000,13800.000000000,14100.000000000,39.649403305,50,1
2.300000000,2.400000000,14100.000000000,14400.000000000,42.564914822,56,1
2.300000000,2.400000000,14400.000000000,14700.000000000,43.301726020,53,1
2.300000000,2.400000000,14700.000000000,15000.000000000,42.860820872,50,1
2.300000000,2.400000000,15000.000000000,15300.000000000,43.391482529,53,1
2.300000000,2.400000000,15300.000000000,15600.000000000,44.580313931,51,1
2.300000000,2.400000000,15600.000000000,15900.000000000,43.621426687,51,1
2.300000000,2.400000000,15900.000000000,16200.000000000,45.740187465,54,1
2.300000000,2.400000000,16200.000000000,16500.000000000,44.578390951,50,1
2.300000000,2.400000000,16500.000000000,16800.000000000,42.908683974,52,1
2.300000000,2.400000000,16800.000000000,17100.000000000,42.521839989,53,1
2.300000000,2.400000000,17100.000000000,17400.000000000,44.132035301,50,1
2.300000000,2.400000000,17400.000000000,17700.000000000,42.883844551,47,1
2.300000000,2.400000000,17700.000000000,18000.000000000,44.966293009,55,1
2.300000000,2.400000000,18000.000000000,18300.000000000,42.142516347,45,1
2.300000000,2.400000000,18300.000000000,18600.000000000,42.769342059,48,1
2.300000000,2.400000000,18600.000000000,18900.000000000,46.825414052,50,1
2.300000000,2.400000000,18900.000000000,19200.000000000,41.671225841,56,1
2.300000000,2.400000000,19200.000000000,19500.000000000,39.646961253,52,1
2.300000000,2.400000000,19500.000000000,19800.000000000,44.301603904,54,1
2.300000000,2.400000000,19800.000000000,20100.000000000,44.111895299,47,1
2.300000000,2.400000000,20100.000000000,20400.000000000,44.970851455,52,1
2.300000000,2.400000000,20400.000000000,20700.000000000,46.201952122,49,1
2.300000000,2.400000000,20700.000000000,21000.000000000,43.361282067,54,1
2.300000000,2.400000000,21000.000000000,21300.000000000,43.776533634,48,1
2.300000000,2.400000000,21300.000000000,21600.000000000,44.806182270,54,1
2.400000000,2.500000000,0.000000000,300.000000000,46.583559048,17,1
2.400000000,2.500000000,300.000000000,600.000000000,46.647980810,54,1
2.400000000,2.500000000,600.000000000,900.000000000,45.124162786,43,1
2.400000000,2.500000000,900.000000000,1200.000000000,43.666085286,52,1
2.400000000,2.500000000,1200.000000000,1500.000000000,44.099675300,48,1
2.400000000,2.500000000,1500.000000000,1800.000000000,45.291445560,47,1
2.400000000,2.500000000,1800.000000000,2100.000000000,42.796325440,54,1
2.400000000,2.500000000,2100.000000000,2400.000000000,45.405948110,49,1
2.400000000,2.500000000,2400.000000000,2700.000000000,45.707998787,51,1
2.400000000,2.500000000,2700.000000000,3000.000000000,43.220777644,56,1
2.400000000,2.500000000,3000.000000000,3300.000000000,41.708589981,55,1
2.400000000,2.500000000,3300.000000000,3600.000000000,42.870144001,51,1
2.400000000,2.500000000,3600.000000000,3900.000000000,42.051553135,49,1
2.400000000,2.500000000,3900.000000000,4200.000000000,42.624414032,52,1
2.400000000,2.500000000,4200.000000000,4500.000000000,43.549622688,52,1
2.400000000,2.500000000,4500.000000000,4800.000000000,39.272483883,54,1
2.400000000,2.500000000,4800.000000000,5100.000000000,45.068742157,55,1
2.400000000,2.500000000,5100.000000000,5400.000000000,42.879542188,53,1
2.400000000,2.500000000,5400.000000000,5700.000000000,44.668138029,51,1
2.400000000,2.500000000,5700.000000000,6000.000000000,45.887871976,54,1
2.400000000,2.500000000,6000.000000000,6300.000000000,44.981595123,46,1
2.400000000,2.500000000,6300.000000000,6600.000000000,44.970948291,49,1
2.400000000,2.500000000,6600.000000000,6900.000000000,44.013731578,50,1
2.400000000,2.500000000,6900.000000000,7200.000000000,40.898501154,62,1
2.400000000,2.500000000,7200.000000000,7500.000000000,40.399687400,48,1
2.400000000,2.500000000,7500.000000000,7800.000000000,43.226317897,55,1
2.400000000,2.500000000,7800.000000000,8100.000000000,41.254879926,52,1
2.400000000,2.500000000,8100.000000000,8400.000000000,45.103996940,48,1
2.400000000,2.500000000,8400.000000000,8700.000000000,43.597247043,53,1
2.400000000,2.500000000,8700.000000000,9000.000000000,44.435706751,53,1
2.400000000,2.500000000,9000.000000000,9300.000000000,41.020670974,51,1
2.400000000,2.500000000,9300.000000000,9600.000000000,45.150675970,48,1
2.400000000,2.500000000,9600.000000000,9900.000000000,46.907188416,57,1
2.400000000,2.500000000,9900.000000000,10200.000000000,44.931685616,52,1
2.400000000,2.500000000,10200.000000000,10500.000000000,45.594164867,52,1
2.400000000,2.500000000,10500.000000000,10800.000000000,43.641559490,47,1
2.400000000,2.500000000,10800.000000000,11100.000000000,43.055496085,55,1
2.400000000,2.500000000,11100.000000000,11400.000000000,43.262949750,47,1
2.400000000,2.500000000,11400.000000000,11700.000000000,43.212283534,47,1
2.400000000,2.500000000,11700.000000000,12000.000000000,42.499000193,50,1
2.400000000,2.500000000,12000.000000000,12300.000000000,44.259963419,50,1
2.400000000,2.500000000,12300.000000000,12600.000000000,43.267569272,53,1
2.400000000,2.500000000,12600.000000000,12900.000000000,45.463460237,54,1
2.400000000,2.500000000,12900.000000000,13200.000000000,44.679890669,44,1
2.400000000,2.500000000,13200.000000000,13500.000000000,42.610183799,53,1
2.400000000,2.500000000,13500.000000000,13800.000000000,45.351526137,49,1
2.400000000,2.500000000,13800.000000000,14100.000000000,39.873053329,49,1
2.400000000,2.500000000,14100.000000000,14400.000000000,42.469408342,54,1
2.400000000,2.500000000,14400.000000000,14700.000000000,43.315165683,51,1
2.400000000,2.500000000,14700.000000000,15000.000000000,42.956075701,50,1
2.400000000,2.500000000,15000.000000000,15300.000000000,43.298819336,53,1
2.400000000,2.500000000,15300.000000000,15600.000000000,44.822241936,51,1
2.400000000,2.500000000,15600.000000000,15900.000000000,43.285330025,51,1
2.400000000,2.500000000,15900.000000000,16200.000000000,45.750579694,52,1
2.400000000,2.500000000,16200.000000000,16500.000000000,43.896678242,53,1
2.400000000,2.500000000,16500.000000000,16800.000000000,42.737238991,48,1
2.400000000,2.500000000,16800.000000000,17100.000000000,42.190393321,53,1
2.400000000,2.500000000,17100.000000000,17400.000000000,44.453971592,50,1
2.400000000,2.500000000,17400.000000000,17700.000000000,42.467587810,47,1
2.400000000,2.500000000,17700.000000000,18000.000000000,44.977533876,54,1
2.400000000,2.500000000,18000.000000000,18300.000000000,42.971911611,45,1
2.400000000,2.500000000,18300.000000000,18600.000000000,43.189641646,50,1
2.400000000,2.500000000,18600.000000000,18900.000000000,46.815290656,50,1
2.400000000,2.500000000,18900.000000000,19200.000000000,41.528739711,53,1
2.400000000,2.500000000,19200.000000000,19500.000000000,39.922858814,50,1
2.400000000,2.500000000,19500.000000000,19800.000000000,44.290923336,53,1
2.400000000,2.500000000,19800.000000000,20100.000000000,43.904635477,47,1
2.400000000,2.500000000,20100.000000000,20400.000000000,44.884331670,50,1
2.400000000,2.500000000,20400.000000000,20700.000000000,45.162665468,50,1
2.400000000,2.500000000,20700.000000000,21000.000000000,43.266678125,54,1
2.400000000,2.500000000,21000.000000000,21300.000000000,44.195318465,49,1
2.400000000,2.500000000,21300.000000000,21600.000000000,45.032562141,54,1
2.500000000,2.600000000,0.000000000,300.000000000,45.456013001,17,1
2.500000000,2.600000000,300.000000000,600.000000000,46.109362089,53,1
2.500000000,2.600000000,600.000000000,900.000000000,45.354576252,44,1
2.500000000,2.600000000,900.000000000,1200.000000000,43.760407274,51,1
2.500000000,2.600000000,1200.000000000,1500.000000000,43.975208370,49,1
2.500000000,2.600000000,1500.000000000,1800.000000000,43.952548275,50,1
2.500000000,2.600000000,1800.000000000,2100.000000000,43.525019224,52,1
2.500000000,2.600000000,2100.000000000,2400.000000000,46.036456555,51,1
2.500000000,2.600000000,2400.000000000,2700.000000000,45.558414048,52,1
2.500000000,2.600000000,2700.000000000,3000.000000000,42.554709470,52,1
2.500000000,2.600000000,3000.000000000,3300.000000000,40.551204696,56,1
2.500000000,2.600000000,3300.000000000,3600.000000000,42.489486842,51,1
2.500000000,2.600000000,3600.000000000,3900.000000000,42.112618331,48,1
2.500000000,2.600000000,3900.000000000,4200.000000000,42.083825546,53,1
2.500000000,2.600000000,4200.000000000,4500.000000000,42.482929115,54,1
2.500000000,2.600000000,4500.000000000,4800.000000000,39.236620352,49,1
2.500000000,2.600000000,4800.000000000,5100.000000000,45.674831547,54,1
2.500000000,2.600000000,5100.000000000,5400.000000000,43.489758058,54,1
2.500000000,2.600000000,5400.000000000,5700.000000000,44.412352015,51,1
2.500000000,2.600000000,5700.000000000,6000.000000000,45.532231442,55,1
2.500000000,2.600000000,6000.000000000,6300.000000000,45.680023667,47,1
2.500000000,2.600000000,6300.000000000,6600.000000000,45.715655252,49,1
2.500000000,2.600000000,6600.000000000,6900.000000000,44.994031774,48,1
2.500000000,2.600000000,6900.000000000,7200.000000000,41.248967538,64,1
2.500000000,2.600000000,7200.000000000,7500.000000000,40.306507829,44,1
2.500000000,2.600000000,7500.000000000,7800.000000000,43.356982928,56,1
2.500000000,2.600000000,7800.000000000,8100.000000000,42.013068985,53,1
2.500000000,2.600000000,8100.000000000,8400.000000000,44.891093175,48,1
2.500000000,2.600000000,8400.000000000,8700.000000000,43.560630905,56,1
2.500000000,2.600000000,8700.000000000,9000.000000000,45.068302005,54,1
2.500000000,2.600000000,9000.000000000,9300.000000000,41.604789327,49,1
2.500000000,2.600000000,9300.000000000,9600.000000000,45.134625166,49,1
2.500000000,2.600000000,9600.000000000,9900.000000000,47.316538137,57,1
2.500000000,2.600000000,9900.000000000,10200.000000000,43.750077504,53,1
2.500000000,2.600000000,10200.000000000,10500.000000000,45.379531384,52,1
2.500000000,2.600000000,10500.000000000,10800.000000000,42.706783390,47,1
2.500000000,2.600000000,10800.000000000,11100.000000000,42.791044708,55,1
2.500000000,2.600000000,11100.000000000,11400.000000000,42.718498183,49,1
2.500000000,2.600000000,11400.000000000,11700.000000000,41.974632682,49,1
2.500000000,2.600000000,11700.000000000,12000.000000000,41.536377048,50,1
2.500000000,2.600000000,12000.000000000,12300.000000000,42.217768958,50,1
2.500000000,2.600000000,12300.000000000,12600.000000000,43.716856166,50,1
2.500000000,2.600000000,12600.000000000,12900.000000000,45.318472723,58,1
2.500000000,2.600000000,12900.000000000,13200.000000000,44.918947762,44,1
2.500000000,2.600000000,13200.000000000,13500.000000000,42.165822022,51,1
2.500000000,2.600000000,13500.000000000,13800.000000000,45.758285503,48,1
2.500000000,2.600000000,13800.000000000,14100.000000000,40.438157729,51,1
2.500000000,2.600000000,14100.000000000,14400.000000000,42.863613206,54,1
2.500000000,2.600000000,14400.000000000,14700.000000000,42.523612139,50,1
2.500000000,2.600000000,14700.000000000,15000.000000000,42.881249814,48,1
2.500000000,2.600000000,15000.000000000,15300.000000000,43.420346447,54,1
2.500000000,2.600000000,15300.000000000,15600.000000000,45.593101998,49,1
2.500000000,2.600000000,15600.000000000,15900.000000000,44.466291089,51,1
2.500000000,2.600000000,15900.000000000,16200.000000000,44.515531253,51,1
2.500000000,2.600000000,16200.000000000,16500.000000000,43.956158755,54,1
2.500000000,2.600000000,16500.000000000,16800.000000000,43.429238604,44,1
2.500000000,2.600000000,16800.000000000,17100.000000000,41.740040822,55,1
2.500000000,2.600000000,17100.000000000,17400.000000000,43.920393807,49,1
2.500000000,2.600000000,17400.000000000,17700.000000000,42.675039203,48,1
2.500000000,2.600000000,17700.000000000,18000.000000000,44.188228550,53,1
2.500000000,2.600000000,18000.000000000,18300.000000000,44.027333994,45,1
2.500000000,2.600000000,18300.000000000,18600.000000000,43.469091568,53,1
2.500000000,2.600000000,18600.000000000,18900.000000000,46.767407991,50,1
2.500000000,2.600000000,18900.000000000,19200.000000000,42.048363032,53,1
2.500000000,2.600000000,19200.000000000,19500.000000000,39.240901057,48,1
2.500000000,2.600000000,19500.000000000,19800.000000000,45.234633643,54,1
2.500000000,2.600000000,19800.000000000,20100.000000000,44.088695231,50,1
2.500000000,2.600000000,20100.000000000,20400.000000000,45.335481931,49,1
2.500000000,2.600000000,20400.000000000,20700.000000000,44.902578898,49,1
2.500000000,2.600000000,20700.000000000,21000.000000000,42.568341872,52,1
2.500000000,2.600000000,21000.000000000,21300.000000000,44.444392187,53,1
2.500000000,2.600000000,21300.000000000,21600.000000000,45.066067448,54,1
2.600000000,2.700000000,0.000000000,300.000000000,45.638028456,17,1
2.600000000,2.700000000,300.000000000,600.000000000,45.935373631,54,1
2.600000000,2.700000000,600.000000000,900.000000000,44.835472454,44,1
2.600000000,2.700000000,900.000000000,1200.000000000,42.999088856,49,1
2.600000000,2.700000000,1200.000000000,1500.000000000,44.816410179,48,1
2.600000000,2.700000000,1500.000000000,1800.000000000,42.868511661,50,1
2.600000000,2.700000000,1800.000000000,2100.000000000,44.057237540,48,1
2.600000000,2.700000000,2100.000000000,2400.000000000,45.898275586,49,1
2.600000000,2.700000000,2400.000000000,2700.000000000,45.716590424,52,1
2.600000000,2.700000000,2700.000000000,3000.000000000,43.123463502,48,1
2.600000000,2.700000000,3000.000000000,3300.000000000,40.784117196,56,1
2.600000000,2.700000000,3300.000000000,3600.000000000,42.163254864,51,1
2.600000000,2.700000000,3600.000000000,3900.000000000,41.063475738,48,1
2.600000000,2.700000000,3900.000000000,4200.000000000,42.305228556,52,1
2.600000000,2.700000000,4200.000000000,4500.000000000,41.431365090,54,1
2.600000000,2.700000000,4500.000000000,4800.000000000,39.426787361,49,1
2.600000000,2.700000000,4800.000000000,5100.000000000,45.818710547,53,1
2.600000000,2.700000000,5100.000000000,5400.000000000,43.504500445,54,1
2.600000000,2.700000000,5400.000000000,5700.000000000,43.493432691,48,1
2.600000000,2.700000000,5700.000000000,6000.000000000,45.025152053,57,1
2.600000000,2.700000000,6000.000000000,6300.000000000,45.667284778,47,1
2.600000000,2.700000000,6300.000000000,6600.000000000,46.586387523,48,1
2.600000000,2.700000000,6600.000000000,6900.000000000,44.693629367,48,1
2.600000000,2.700000000,6900.000000000,7200.000000000,41.867632984,64,1
2.600000000,2.700000000,7200.000000000,7500.000000000,40.454635660,45,1
2.600000000,2.700000000,7500.000000000,7800.000000000,41.886467319,53,1
2.600000000,2.700000000,7800.000000000,8100.000000000,42.609862216,51,1
2.600000000,2.700000000,8100.000000000,8400.000000000,42.855683059,48,1
2.600000000,2.700000000,8400.000000000,8700.000000000,43.583156588,55,1
2.600000000,2.700000000,8700.000000000,9000.000000000,45.033130405,54,1
2.600000000,2.700000000,9000.000000000,9300.000000000,42.096769231,50,1
2.600000000,2.700000000,9300.000000000,9600.000000000,45.288147849,49,1
2.600000000,2.700000000,9600.000000000,9900.000000000,46.953415680,56,1
2.600000000,2.700000000,9900.000000000,10200.000000000,44.462411594,53,1
2.600000000,2.700000000,10200.000000000,10500.000000000,45.021004942,52,1
2.600000000,2.700000000,10500.000000000,10800.000000000,42.768897790,51,1
2.600000000,2.700000000,10800.000000000,11100.000000000,42.254781094,54,1
2.600000000,2.700000000,11100.000000000,11400.000000000,42.479319305,52,1
2.600000000,2.700000000,11400.000000000,11700.000000000,42.315295139,49,1
2.600000000,2.700000000,11700.000000000,12000.000000000,41.925534531,51,1
2.600000000,2.700000000,12000.000000000,12300.000000000,40.884490880,51,1
2.600000000,2.700000000,12300.000000000,12600.000000000,42.418127706,46,1
2.600000000,2.700000000,12600.000000000,12900.000000000,44.656687109,61,1
2.600000000,2.700000000,12900.000000000,13200.000000000,44.506756165,47,1
2.600000000,2.700000000,13200.000000000,13500.000000000,42.964677380,51,1
2.600000000,2.700000000,13500.000000000,13800.000000000,46.607011142,48,1
2.600000000,2.700000000,13800.000000000,14100.000000000,40.539027712,50,1
2.600000000,2.700000000,14100.000000000,14400.000000000,43.304343062,57,1
2.600000000,2.700000000,14400.000000000,14700.000000000,42.836916724,48,1
2.600000000,2.700000000,14700.000000000,15000.000000000,44.114033682,47,1
2.600000000,2.700000000,15000.000000000,15300.000000000,43.182845159,53,1
2.600000000,2.700000000,15300.000000000,15600.000000000,44.684485874,49,1
2.600000000,2.700000000,15600.000000000,15900.000000000,43.899063636,52,1
2.600000000,2.700000000,15900.000000000,16200.000000000,43.575455148,51,1
2.600000000,2.700000000,16200.000000000,16500.000000000,44.079256571,55,1
2.600000000,2.700000000,16500.000000000,16800.000000000,43.167060332,43,1
2.600000000,2.700000000,16800.000000000,17100.000000000,42.091790884,55,1
2.600000000,2.700000000,17100.000000000,17400.000000000,43.089463394,47,1
2.600000000,2.700000000,17400.000000000,17700.000000000,42.552665163,50,1
2.600000000,2.700000000,17700.000000000,18000.000000000,43.750682785,55,1
2.600000000,2.700000000,18000.000000000,18300.000000000,45.271914210,45,1
2.600000000,2.700000000,18300.000000000,18600.000000000,42.633027348,56,1
2.600000000,2.700000000,18600.000000000,18900.000000000,44.918957355,50,1
2.600000000,2.700000000,18900.000000000,19200.000000000,42.208180338,53,1
2.600000000,2.700000000,19200.000000000,19500.000000000,39.588789185,50,1
2.600000000,2.700000000,19500.000000000,19800.000000000,44.149924245,53,1
2.600000000,2.700000000,19800.000000000,20100.000000000,44.325389011,53,1
2.600000000,2.700000000,20100.000000000,20400.000000000,46.072227312,52,1
2.600000000,2.700000000,20400.000000000,20700.000000000,44.655075045,49,1
2.600000000,2.700000000,20700.000000000,21000.000000000,42.813336430,49,1
2.600000000,2.700000000,21000.000000000,21300.000000000,44.739254410,54,1
2.600000000,2.700000000,21300.000000000,21600.000000000,45.220172663,54,1
2.700000000,2.800000000,0.000000000,300.000000000,45.519747872,15,1
2.700000000,2.800000000,300.000000000,600.000000000,45.526090646,57,1
2.700000000,2.800000000,600.000000000,900.000000000,44.403035264,45,1
2.700000000,2.800000000,900.000000000,1200.000000000,42.598463987,48,1
2.700000000,2.800000000,1200.000000000,1500.000000000,44.386955069,51,1
2.700000000,2.800000000,1500.000000000,1800.000000000,43.025685957,53,1
2.700000000,2.800000000,1800.000000000,2100.000000000,44.104289543,48,1
2.700000000,2.800000000,2100.000000000,2400.000000000,46.223147359,50,1
2.700000000,2.800000000,2400.000000000,2700.000000000,45.283393138,52,1
2.700000000,2.800000000,2700.000000000,3000.000000000,43.974007605,48,1
2.700000000,2.800000000,3000.000000000,3300.000000000,41.798549824,55,1
2.700000000,2.800000000,3300.000000000,3600.000000000,42.290168839,52,1
2.700000000,2.800000000,3600.000000000,3900.000000000,41.269544637,51,1
2.700000000,2.800000000,3900.000000000,4200.000000000,42.289486462,54,1
2.700000000,2.800000000,4200.000000000,4500.000000000,41.376495577,53,1
2.700000000,2.800000000,4500.000000000,4800.000000000,39.689591497,51,1
2.700000000,2.800000000,4800.000000000,5100.000000000,45.330199802,53,1
2.700000000,2.800000000,5100.000000000,5400.000000000,43.378432453,56,1
2.700000000,2.800000000,5400.000000000,5700.000000000,41.792110495,46,1
2.700000000,2.800000000,5700.000000000,6000.000000000,43.839867082,58,1
2.700000000,2.800000000,6000.000000000,6300.000000000,46.876808240,47,1
2.700000000,2.800000000,6300.000000000,6600.000000000,46.770353083,47,1
2.700000000,2.800000000,6600.000000000,6900.000000000,42.952030472,48,1
2.700000000,2.800000000,6900.000000000,7200.000000000,41.799582079,62,1
2.700000000,2.800000000,7200.000000000,7500.000000000,39.405991913,48,1
2.700000000,2.800000000,7500.000000000,7800.000000000,41.115798972,50,1
2.700000000,2.800000000,7800.000000000,8100.000000000,42.468538867,49,1
2.700000000,2.800000000,8100.000000000,8400.000000000,42.852064698,48,1
2.700000000,2.800000000,8400.000000000,8700.000000000,44.002379622,53,1
2.700000000,2.800000000,8700.000000000,9000.000000000,44.245645331,51,1
2.700000000,2.800000000,9000.000000000,9300.000000000,41.683371573,51,1
2.700000000,2.800000000,9300.000000000,9600.000000000,45.390683506,50,1
2.700000000,2.800000000,9600.000000000,9900.000000000,45.608817185,57,1
2.700000000,2.800000000,9900.000000000,10200.000000000,44.790925023,53,1
2.700000000,2.800000000,10200.000000000,10500.000000000,44.927295181,51,1
2.700000000,2.800000000,10500.000000000,10800.000000000,42.718623835,53,1
2.700000000,2.800000000,10800.000000000,11100.000000000,42.025828523,51,1
2.700000000,2.800000000,11100.000000000,11400.000000000,41.966658927,52,1
2.700000000,2.800000000,11400.000000000,11700.000000000,42.954769668,48,1
2.700000000,2.800000000,11700.000000000,12000.000000000,42.073445832,53,1
2.700000000,2.800000000,12000.000000000,12300.000000000,42.024508297,51,1
2.700000000,2.800000000,12300.000000000,12600.000000000,40.548693363,44,1
2.700000000,2.800000000,12600.000000000,12900.000000000,44.398990172,58,1
2.700000000,2.800000000,12900.000000000,13200.000000000,44.636029598,50,1
2.700000000,2.800000000,13200.000000000,13500.000000000,42.712873733,52,1
2.700000000,2.800000000,13500.000000000,13800.000000000,46.656263994,50,1
2.700000000,2.800000000,13800.000000000,14100.000000000,41.246471488,48,1
2.700000000,2.800000000,14100.000000000,14400.000000000,44.046955836,56,1
2.700000000,2.800000000,14400.000000000,14700.000000000,43.255114559,52,1
2.700000000,2.800000000,14700.000000000,15000.000000000,44.822344321,48,1
2.700000000,2.800000000,15000.000000000,15300.000000000,42.438459384,53,1
2.700000000,2.800000000,15300.000000000,15600.000000000,43.969084241,45,1
2.700000000,2.800000000,15600.000000000,15900.000000000,43.631081916,53,1
2.700000000,2.800000000,15900.000000000,16200.000000000,43.351563829,50,1
2.700000000,2.800000000,16200.000000000,16500.000000000,43.558718603,54,1
2.700000000,2.800000000,16500.000000000,16800.000000000,44.037565297,45,1
2.700000000,2.800000000,16800.000000000,17100.000000000,42.000319050,55,1
2.700000000,2.800000000,17100.000000000,17400.000000000,42.789984468,46,1
2.700000000,2.800000000,17400.000000000,17700.000000000,42.707461627,47,1
2.700000000,2.800000000,17700.000000000,18000.000000000,44.285997193,51,1
2.700000000,2.800000000,18000.000000000,18300.000000000,45.286161594,46,1
2.700000000,2.800000000,18300.000000000,18600.000000000,42.339839615,57,1
2.700000000,2.800000000,18600.000000000,18900.000000000,45.515540639,52,1
2.700000000,2.800000000,18900.000000000,19200.000000000,42.538615041,50,1
2.700000000,2.800000000,19200.000000000,19500.000000000,39.009135738,49,1
2.700000000,2.800000000,19500.000000000,19800.000000000,43.177466893,53,1
2.700000000,2.800000000,19800.000000000,20100.000000000,43.147420697,50,1
2.700000000,2.800000000,20100.000000000,20400.000000000,46.044376652,55,1
2.700000000,2.800000000,20400.000000000,20700.000000000,43.924543805,49,1
2.700000000,2.800000000,20700.000000000,21000.000000000,43.280389724,48,1
2.700000000,2.800000000,21000.000000000,21300.000000000,45.706691836,56,1
2.700000000,2.800000000,21300.000000000,21600.000000000,45.253383803,54,1
2.800000000,2.900000000,0.000000000,300.000000000,45.971636320,12,1
2.800000000,2.900000000,300.000000000,600.000000000,45.400904978,57,1
2.800000000,2.900000000,600.000000000,900.000000000,43.770568327,47,1
2.800000000,2.900000000,900.000000000,1200.000000000,42.931889660,48,1
2.800000000,2.900000000,1200.000000000,1500.000000000,45.078339769,50,1
2.800000000,2.900000000,1500.000000000,1800.000000000,43.524434134,56,1
2.800000000,2.900000000,1800.000000000,2100.000000000,44.053608792,47,1
2.800000000,2.900000000,2100.000000000,2400.000000000,44.907832677,50,1
2.800000000,2.900000000,2400.000000000,2700.000000000,45.327318003,53,1
2.800000000,2.900000000,2700.000000000,3000.000000000,44.032680666,51,1
2.800000000,2.900000000,3000.000000000,3300.000000000,42.160804604,54,1
2.800000000,2.900000000,3300.000000000,3600.000000000,42.480604184,50,1
2.800000000,2.900000000,3600.000000000,3900.000000000,41.689393944,51,1
2.800000000,2.900000000,3900.000000000,4200.000000000,42.048734531,57,1
2.800000000,2.900000000,4200.000000000,4500.000000000,39.560409833,51,1
2.800000000,2.900000000,4500.000000000,4800.000000000,40.259447494,52,1
2.800000000,2.900000000,4800.000000000,5100.000000000,46.059904393,50,1
2.800000000,2.900000000,5100.000000000,5400.000000000,43.308538333,58,1
2.800000000,2.900000000,5400.000000000,5700.000000000,41.492313320,44,1
2.800000000,2.900000000,5700.000000000,6000.000000000,43.461262575,57,1
2.800000000,2.900000000,6000.000000000,6300.000000000,46.299157942,51,1
2.800000000,2.900000000,6300.000000000,6600.000000000,47.025567627,47,1
2.800000000,2.900000000,6600.000000000,6900.000000000,42.651398938,50,1
2.800000000,2.900000000,6900.000000000,7200.000000000,42.301462873,58,1
2.800000000,2.900000000,7200.000000000,7500.000000000,40.611796842,49,1
2.800000000,2.900000000,7500.000000000,7800.000000000,40.809409333,50,1
2.800000000,2.900000000,7800.000000000,8100.000000000,42.261666798,51,1
2.800000000,2.900000000,8100.000000000,8400.000000000,44.173341548,48,1
2.800000000,2.900000000,8400.000000000,8700.000000000,44.045281012,56,1
2.800000000,2.900000000,8700.000000000,9000.000000000,44.575678153,54,1
2.800000000,2.900000000,9000.000000000,9300.000000000,42.274532603,50,1
2.800000000,2.900000000,9300.000000000,9600.000000000,44.792598972,49,1
2.800000000,2.900000000,9600.000000000,9900.000000000,44.370263061,57,1
2.800000000,2.900000000,9900.000000000,10200.000000000,45.297828656,50,1
2.800000000,2.900000000,10200.000000000,10500.000000000,45.287233003,47,1
2.800000000,2.900000000,10500.000000000,10800.000000000,43.292265992,52,1
2.800000000,2.900000000,10800.000000000,11100.000000000,42.318734783,51,1
2.800000000,2.900000000,11100.000000000,11400.000000000,42.236570743,50,1
2.800000000,2.900000000,11400.000000000,11700.000000000,42.715283735,45,1
2.800000000,2.900000000,11700.000000000,12000.000000000,42.120555793,55,1
2.800000000,2.900000000,12000.000000000,12300.000000000,43.380740845,52,1
2.800000000,2.900000000,12300.000000000,12600.000000000,39.613109140,45,1
2.800000000,2.900000000,12600.000000000,12900.000000000,44.837997881,56,1
2.800000000,2.900000000,12900.000000000,13200.000000000,44.717799451,49,1
2.800000000,2.900000000,13200.000000000,13500.000000000,42.787542888,50,1
2.800000000,2.900000000,13500.000000000,13800.000000000,45.736239273,54,1
2.800000000,2.900000000,13800.000000000,14100.000000000,41.790305684,48,1
2.800000000,2.900000000,14100.000000000,14400.000000000,43.520873885,53,1
2.800000000,2.900000000,14400.000000000,14700.000000000,44.174335197,54,1
2.800000000,2.900000000,14700.000000000,15000.000000000,45.214612274,49,1
2.800000000,2.900000000,15000.000000000,15300.000000000,42.951795968,53,1
2.800000000,2.900000000,15300.000000000,15600.000000000,44.268769235,47,1
2.800000000,2.900000000,15600.000000000,15900.000000000,44.585218384,53,1
2.800000000,2.900000000,15900.000000000,16200.000000000,42.835217362,50,1
2.800000000,2.900000000,16200.000000000,16500.000000000,43.174106810,51,1
2.800000000,2.900000000,16500.000000000,16800.000000000,45.163881240,48,1
2.800000000,2.900000000,16800.000000000,17100.000000000,42.177664782,55,1
2.800000000,2.900000000,17100.000000000,17400.000000000,41.500715410,46,1
2.800000000,2.900000000,17400.000000000,17700.000000000,43.285393941,47,1
2.800000000,2.900000000,17700.000000000,18000.000000000,44.514685177,51,1
2.800000000,2.900000000,18000.000000000,18300.000000000,45.339782767,44,1
2.800000000,2.900000000,18300.000000000,18600.000000000,42.092967557,55,1
2.800000000,2.900000000,18600.000000000,18900.000000000,45.688510492,55,1
2.800000000,2.900000000,18900.000000000,19200.000000000,41.510710979,49,1
2.800000000,2.900000000,19200.000000000,19500.000000000,39.013526978,45,1
2.800000000,2.900000000,19500.000000000,19800.000000000,42.310069962,58,1
2.800000000,2.900000000,19800.000000000,20100.000000000,43.408422362,46,1
2.800000000,2.900000000,20100.000000000,20400.000000000,45.634578181,57,1
2.800000000,2.900000000,20400.000000000,20700.000000000,43.823228477,51,1
2.800000000,2.900000000,20700.000000000,21000.000000000,42.964802077,46,1
2.800000000,2.900000000,21000.000000000,21300.000000000,46.123420233,52,1
2.800000000,2.900000000,21300.000000000,21600.000000000,44.128383193,53,1
2.900000000,3.000000000,0.000000000,300.000000000,47.310791665,10,1
2.900000000,3.000000000,300.000000000,600.000000000,44.726040547,54,1
2.900000000,3.000000000,600.000000000,900.000000000,43.758417240,48,1
2.900000000,3.000000000,900.000000000,1200.000000000,42.710818937,45,1
2.900000000,3.000000000,1200.000000000,1500.000000000,45.837369922,49,1
2.900000000,3.000000000,1500.000000000,1800.000000000,43.049153319,58,1
2.900000000,3.000000000,1800.000000000,2100.000000000,44.736750932,47,1
2.900000000,3.000000000,2100.000000000,2400.000000000,44.609910681,48,1
2.900000000,3.000000000,2400.000000000,2700.000000000,44.693470623,51,1
2.900000000,3.000000000,2700.000000000,3000.000000000,44.183920972,51,1
2.900000000,3.000000000,3000.000000000,3300.000000000,42.722554307,53,1
2.900000000,3.000000000,3300.000000000,3600.000000000,42.694243405,50,1
2.900000000,3.000000000,3600.000000000,3900.000000000,42.452351800,47,1
2.900000000,3.000000000,3900.000000000,4200.000000000,43.493885130,61,1
2.900000000,3.000000000,4200.000000000,4500.000000000,38.978810410,54,1
2.900000000,3.000000000,4500.000000000,4800.000000000,41.358312267,52,1
2.900000000,3.000000000,4800.000000000,5100.000000000,45.382337391,50,1
2.900000000,3.000000000,5100.000000000,5400.000000000,43.667952349,58,1
2.900000000,3.000000000,5400.000000000,5700.000000000,41.392226843,44,1
2.900000000,3.000000000,5700.000000000,6000.000000000,42.821257349,54,1
2.900000000,3.000000000,6000.000000000,6300.000000000,45.115633711,55,1
2.900000000,3.000000000,6300.000000000,6600.000000000,46.874129831,47,1
2.900000000,3.000000000,6600.000000000,6900.000000000,43.582632029,51,1
2.900000000,3.000000000,6900.000000000,7200.000000000,42.534998402,58,1
2.900000000,3.000000000,7200.000000000,7500.000000000,42.684663792,52,1
2.900000000,3.000000000,7500.000000000,7800.000000000,40.196637216,50,1
2.900000000,3.000000000,7800.000000000,8100.000000000,42.255882228,55,1
2.900000000,3.000000000,8100.000000000,8400.000000000,44.807773674,46,1
2.900000000,3.000000000,8400.000000000,8700.000000000,44.342349953,56,1
2.900000000,3.000000000,8700.000000000,9000.000000000,43.119334919,55,1
2.900000000,3.000000000,9000.000000000,9300.000000000,43.322439311,50,1
2.900000000,3.000000000,9300.000000000,9600.000000000,44.477146577,47,1
2.900000000,3.000000000,9600.000000000,9900.000000000,44.368070643,57,1
2.900000000,3.000000000,9900.000000000,10200.000000000,45.759120399,50,1
2.900000000,3.000000000,10200.000000000,10500.000000000,45.244307663,48,1
2.900000000,3.000000000,10500.000000000,10800.000000000,43.385870725,52,1
2.900000000,3.000000000,10800.000000000,11100.000000000,42.827138234,52,1
2.900000000,3.000000000,11100.000000000,11400.000000000,42.632650873,50,1
2.900000000,3.000000000,11400.000000000,11700.000000000,43.535046879,45,1
2.900000000,3.000000000,11700.000000000,12000.000000000,41.431246228,53,1
2.900000000,3.000000000,12000.000000000,12300.000000000,44.049302233,53,1
2.900000000,3.000000000,12300.000000000,12600.000000000,39.888600333,45,1
2.900000000,3.000000000,12600.000000000,12900.000000000,44.818830958,54,1
2.900000000,3.000000000,12900.000000000,13200.000000000,43.964034037,48,1
2.900000000,3.000000000,13200.000000000,13500.000000000,41.959877047,47,1
2.900000000,3.000000000,13500.000000000,13800.000000000,44.672576250,54,1
2.900000000,3.000000000,13800.000000000,14100.000000000,42.468755415,51,1
2.900000000,3.000000000,14100.000000000,14400.000000000,42.430368185,50,1
2.900000000,3.000000000,14400.000000000,14700.000000000,44.829260051,55,1
2.900000000,3.000000000,14700.000000000,15000.000000000,44.751660320,51,1
2.900000000,3.000000000,15000.000000000,15300.000000000,43.294436692,50,1
2.900000000,3.000000000,15300.000000000,15600.000000000,43.199695978,51,1
2.900000000,3.000000000,15600.000000000,15900.000000000,45.726968107,53,1
2.900000000,3.000000000,15900.000000000,16200.000000000,42.995109074,51,1
2.900000000,3.000000000,16200.000000000,16500.000000000,42.402748075,49,1
2.900000000,3.000000000,16500.000000000,16800.000000000,44.437728428,48,1
2.900000000,3.000000000,16800.000000000,17100.000000000,40.686335044,54,1
2.900000000,3.000000000,17100.000000000,17400.000000000,41.512151753,45,1
2.900000000,3.000000000,17400.000000000,17700.000000000,43.315157094,45,1
2.900000000,3.000000000,17700.000000000,18000.000000000,45.331688388,51,1
2.900000000,3.000000000,18000.000000000,18300.000000000,45.088870341,44,1
2.900000000,3.000000000,18300.000000000,18600.000000000,42.557043641,51,1
2.900000000,3.000000000,18600.000000000,18900.000000000,44.930066665,59,1
2.900000000,3.000000000,18900.000000000,19200.000000000,40.101809718,49,1
2.900000000,3.000000000,19200.000000000,19500.000000000,39.679939780,40,1
2.900000000,3.000000000,19500.000000000,19800.000000000,41.675321201,63,1
2.900000000,3.000000000,19800.000000000,20100.000000000,44.695547299,46,1
2.900000000,3.000000000,20100.000000000,20400.000000000,44.942899911,59,1
2.900000000,3.000000000,20400.000000000,20700.000000000,44.033245749,51,1
2.900000000,3.000000000,20700.000000000,21000.000000000,42.648956576,47,1
2.900000000,3.000000000,21000.000000000,21300.000000000,45.268564248,52,1
2.900000000,3.000000000,21300.000000000,21600.000000000,43.479961179,56,1
3.000000000,3.100000000,0.000000000,300.000000000,45.889811973,10,1
3.000000000,3.100000000,300.000000000,600.000000000,44.463043429,52,1
3.000000000,3.100000000,600.000000000,900.000000000,44.360635669,49,1
3.000000000,3.100000000,900.000000000,1200.000000000,42.383189511,43,1
3.000000000,3.100000000,1200.000000000,1500.000000000,45.222551222,47,1
3.000000000,3.100000000,1500.000000000,1800.000000000,43.617070990,58,1
3.000000000,3.100000000,1800.000000000,2100.000000000,44.673310108,50,1
3.000000000,3.100000000,2100.000000000,2400.000000000,45.012258548,48,1
3.000000000,3.100000000,2400.000000000,2700.000000000,44.534841506,53,1
3.000000000,3.100000000,2700.000000000,3000.000000000,44.180560592,50,1
3.000000000,3.100000000,3000.000000000,3300.000000000,42.409401238,51,1
3.000000000,3.100000000,3300.000000000,3600.000000000,43.399460936,54,1
3.000000000,3.100000000,3600.000000000,3900.000000000,42.832695845,43,1
3.000000000,3.100000000,3900.000000000,4200.000000000,42.786979501,60,1
3.000000000,3.100000000,4200.000000000,4500.000000000,39.370998651,56,1
3.000000000,3.100000000,4500.000000000,4800.000000000,41.520341557,52,1
3.000000000,3.100000000,4800.000000000,5100.000000000,46.010205264,54,1
3.000000000,3.100000000,5100.000000000,5400.000000000,43.832780152,57,1
3.000000000,3.100000000,5400.000000000,5700.000000000,41.376628400,48,1
3.000000000,3.100000000,5700.000000000,6000.000000000,42.936900651,50,1
3.000000000,3.100000000,6000.000000000,6300.000000000,44.135900535,54,1
3.000000000,3.100000000,6300.000000000,6600.000000000,46.629741240,47,1
3.000000000,3.100000000,6600.000000000,6900.000000000,43.957934414,52,1
3.000000000,3.100000000,6900.000000000,7200.000000000,41.686093330,55,1
3.000000000,3.100000000,7200.000000000,7500.000000000,42.761477810,52,1
3.000000000,3.100000000,7500.000000000,7800.000000000,40.291603939,51,1
3.000000000,3.100000000,7800.000000000,8100.000000000,42.440916231,54,1
3.000000000,3.100000000,8100.000000000,8400.000000000,45.931537261,42,1
3.000000000,3.100000000,8400.000000000,8700.000000000,44.540134791,54,1
3.000000000,3.100000000,8700.000000000,9000.000000000,43.328202517,55,1
3.000000000,3.100000000,9000.000000000,9300.000000000,42.627170065,54,1
3.000000000,3.100000000,9300.000000000,9600.000000000,43.993528462,47,1
3.000000000,3.100000000,9600.000000000,9900.000000000,43.755390464,57,1
3.000000000,3.100000000,9900.000000000,10200.000000000,46.138814412,52,1
3.000000000,3.100000000,10200.000000000,10500.000000000,45.234963240,51,1
3.000000000,3.100000000,10500.000000000,10800.000000000,42.687573417,51,1
3.000000000,3.100000000,10800.000000000,11100.000000000,42.527961535,53,1
3.000000000,3.100000000,11100.000000000,11400.000000000,42.190002016,53,1
3.000000000,3.100000000,11400.000000000,11700.000000000,43.815581247,45,1
3.000000000,3.100000000,11700.000000000,12000.000000000,41.993463777,51,1
3.000000000,3.100000000,12000.000000000,12300.000000000,42.826382308,56,1
3.000000000,3.100000000,12300.000000000,12600.000000000,40.132056249,48,1
3.000000000,3.100000000,12600.000000000,12900.000000000,44.133678112,54,1
3.000000000,3.100000000,12900.000000000,13200.000000000,43.014879669,48,1
3.000000000,3.100000000,13200.000000000,13500.000000000,40.926979533,46,1
3.000000000,3.100000000,13500.000000000,13800.000000000,44.723931156,51,1
3.000000000,3.100000000,13800.000000000,14100.000000000,43.044496983,54,1
3.000000000,3.100000000,14100.000000000,14400.000000000,42.741965431,48,1
3.000000000,3.100000000,14400.000000000,14700.000000000,44.774681350,53,1
3.000000000,3.100000000,14700.000000000,15000.000000000,44.651945160,54,1
3.000000000,3.100000000,15000.000000000,15300.000000000,43.134909928,49,1
3.000000000,3.100000000,15300.000000000,15600.000000000,42.227391231,53,1
3.000000000,3.100000000,15600.000000000,15900.000000000,45.201487055,52,1
3.000000000,3.100000000,15900.000000000,16200.000000000,42.587537706,54,1
3.000000000,3.100000000,16200.000000000,16500.000000000,41.476162198,50,1
3.000000000,3.100000000,16500.000000000,16800.000000000,43.598167123,52,1
3.000000000,3.100000000,16800.000000000,17100.000000000,39.368018505,55,1
3.000000000,3.100000000,17100.000000000,17400.000000000,41.503868863,45,1
3.000000000,3.100000000,17400.000000000,17700.000000000,44.026949011,45,1
3.000000000,3.100000000,17700.000000000,18000.000000000,45.602091053,51,1
3.000000000,3.100000000,18000.000000000,18300.000000000,45.174525191,47,1
3.000000000,3.100000000,18300.000000000,18600.000000000,43.881118423,48,1
3.000000000,3.100000000,18600.000000000,18900.000000000,44.351348346,59,1
3.000000000,3.100000000,18900.000000000,19200.000000000,40.110146772,50,1
3.000000000,3.100000000,19200.000000000,19500.000000000,41.173365553,40,1
3.000000000,3.100000000,19500.000000000,19800.000000000,41.030856539,66,1
3.000000000,3.100000000,19800.000000000,20100.000000000,45.201232346,43,1
3.000000000,3.100000000,20100.000000000,20400.000000000,44.603668094,60,1
3.000000000,3.100000000,20400.000000000,20700.000000000,44.424980351,51,1
3.000000000,3.100000000,20700.000000000,21000.000000000,41.768236893,49,1
3.000000000,3.100000000,21000.000000000,21300.000000000,44.811543171,50,1
3.000000000,3.100000000,21300.000000000,21600.000000000,43.391184036,58,1
3.100000000,3.200000000,0.000000000,300.000000000,46.780578609,8,1
3.100000000,3.200000000,300.000000000,600.000000000,44.473663294,55,1
3.100000000,3.200000000,600.000000000,900.000000000,44.419370753,49,1
3.100000000,3.200000000,900.000000000,1200.000000000,43.549405685,43,1
3.100000000,3.200000000,1200.000000000,1500.000000000,45.080195451,47,1
3.100000000,3.200000000,1500.000000000,1800.000000000,44.309359102,54,1
3.100000000,3.200000000,1800.000000000,2100.000000000,45.075558236,54,1
3.100000000,3.200000000,2100.000000000,2400.000000000,45.601983219,47,1
3.100000000,3.200000000,2400.000000000,2700.000000000,44.737892614,57,1
3.100000000,3.200000000,2700.000000000,3000.000000000,43.846550499,49,1
3.100000000,3.200000000,3000.000000000,3300.000000000,42.601565670,48,1
3.100000000,3.200000000,3300.000000000,3600.000000000,42.554587221,55,1
3.100000000,3.200000000,3600.000000000,3900.000000000,43.265833052,42,1
3.100000000,3.200000000,3900.000000000,4200.000000000,42.899137433,58,1
3.100000000,3.200000000,4200.000000000,4500.000000000,39.748167657,56,1
3.100000000,3.200000000,4500.000000000,4800.000000000,41.674472320,49,1
3.100000000,3.200000000,4800.000000000,5100.000000000,45.525619198,57,1
3.100000000,3.200000000,5100.000000000,5400.000000000,43.837399966,54,1
3.100000000,3.200000000,5400.000000000,5700.000000000,41.521950039,50,1
3.100000000,3.200000000,5700.000000000,6000.000000000,42.629349589,49,1
3.100000000,3.200000000,6000.000000000,6300.000000000,43.772478456,52,1
3.100000000,3.200000000,6300.000000000,6600.000000000,46.010369699,50,1
3.100000000,3.200000000,6600.000000000,6900.000000000,44.378728094,52,1
3.100000000,3.200000000,6900.000000000,7200.000000000,42.316120003,52,1
3.100000000,3.200000000,7200.000000000,7500.000000000,43.138148171,52,1
3.100000000,3.200000000,7500.000000000,7800.000000000,41.183346548,55,1
3.100000000,3.200000000,7800.000000000,8100.000000000,42.348739558,54,1
3.100000000,3.200000000,8100.000000000,8400.000000000,45.571387296,44,1
3.100000000,3.200000000,8400.000000000,8700.000000000,44.824256436,52,1
3.100000000,3.200000000,8700.000000000,9000.000000000,43.703371167,51,1
3.100000000,3.200000000,9000.000000000,9300.000000000,42.276258895,57,1
3.100000000,3.200000000,9300.000000000,9600.000000000,44.774634912,48,1
3.100000000,3.200000000,9600.000000000,9900.000000000,44.687594382,53,1
3.100000000,3.200000000,9900.000000000,10200.000000000,45.110999611,53,1
3.100000000,3.200000000,10200.000000000,10500.000000000,45.320060574,55,1
3.100000000,3.200000000,10500.000000000,10800.000000000,43.144339449,50,1
3.100000000,3.200000000,10800.000000000,11100.000000000,41.979667952,49,1
3.100000000,3.200000000,11100.000000000,11400.000000000,40.313112894,53,1
3.100000000,3.200000000,11400.000000000,11700.000000000,43.933274123,48,1
3.100000000,3.200000000,11700.000000000,12000.000000000,42.733480659,49,1
3.100000000,3.200000000,12000.000000000,12300.000000000,42.604704236,53,1
3.100000000,3.200000000,12300.000000000,12600.000000000,40.607793889,49,1
3.100000000,3.200000000,12600.000000000,12900.000000000,43.469972654,54,1
3.100000000,3.200000000,12900.000000000,13200.000000000,42.921980642,48,1
3.100000000,3.200000000,13200.000000000,13500.000000000,41.344761020,46,1
3.100000000,3.200000000,13500.000000000,13800.000000000,44.985349200,48,1
3.100000000,3.200000000,13800.000000000,14100.000000000,44.106991618,57,1
3.100000000,3.200000000,14100.000000000,14400.000000000,43.524846031,51,1
3.100000000,3.200000000,14400.000000000,14700.000000000,46.514818372,49,1
3.100000000,3.200000000,14700.000000000,15000.000000000,43.817192618,54,1
3.100000000,3.200000000,15000.000000000,15300.000000000,43.020324114,51,1
3.100000000,3.200000000,15300.000000000,15600.000000000,42.712652685,53,1
3.100000000,3.200000000,15600.000000000,15900.000000000,44.262635770,49,1
3.100000000,3.200000000,15900.000000000,16200.000000000,41.778530018,57,1
3.100000000,3.200000000,16200.000000000,16500.000000000,41.079298064,50,1
3.100000000,3.200000000,16500.000000000,16800.000000000,43.469890777,54,1
3.100000000,3.200000000,16800.000000000,17100.000000000,39.637135211,58,1
3.100000000,3.200000000,17100.000000000,17400.000000000,40.293082313,47,1
3.100000000,3.200000000,17400.000000000,17700.000000000,44.551224135,48,1
3.100000000,3.200000000,17700.000000000,18000.000000000,45.803535914,51,1
3.100000000,3.200000000,18000.000000000,18300.000000000,45.610985967,50,1
3.100000000,3.200000000,18300.000000000,18600.000000000,44.108960839,48,1
3.100000000,3.200000000,18600.000000000,18900.000000000,43.966801718,57,1
3.100000000,3.200000000,18900.000000000,19200.000000000,41.720265173,48,1
3.100000000,3.200000000,19200.000000000,19500.000000000,42.020354415,38,1
3.100000000,3.200000000,19500.000000000,19800.000000000,40.490045494,66,1
3.100000000,3.200000000,19800.000000000,20100.000000000,45.640690424,44,1
3.100000000,3.200000000,20100.000000000,20400.000000000,43.927080097,58,1
3.100000000,3.200000000,20400.000000000,20700.000000000,44.515442628,51,1
3.100000000,3.200000000,20700.000000000,21000.000000000,41.642794960,49,1
3.100000000,3.200000000,21000.000000000,21300.000000000,44.351232267,49,1
3.100000000,3.200000000,21300.000000000,21600.000000000,43.282504506,59,1
3.200000000,3.300000000,0.000000000,300.000000000,52.048598469,5,1
3.200000000,3.300000000,300.000000000,600.000000000,43.967494601,55,1
3.200000000,3.300000000,600.000000000,900.000000000,43.466806817,48,1
3.200000000,3.300000000,900.000000000,1200.000000000,44.808501469,45,1
3.200000000,3.300000000,1200.000000000,1500.000000000,44.658832809,47,1
3.200000000,3.300000000,1500.000000000,1800.000000000,44.466949343,51,1
3.200000000,3.300000000,1800.000000000,2100.000000000,44.777475538,54,1
3.200000000,3.300000000,2100.000000000,2400.000000000,46.803535883,46,1
3.200000000,3.300000000,2400.000000000,2700.000000000,44.383257210,56,1
3.200000000,3.300000000,2700.000000000,3000.000000000,44.472411661,52,1
3.200000000,3.300000000,3000.000000000,3300.000000000,42.193993981,46,1
3.200000000,3.300000000,3300.000000000,3600.000000000,41.837489898,57,1
3.200000000,3.300000000,3600.000000000,3900.000000000,42.555494517,42,1
3.200000000,3.300000000,3900.000000000,4200.000000000,42.747250421,56,1
3.200000000,3.300000000,4200.000000000,4500.000000000,41.213307070,59,1
3.200000000,3.300000000,4500.000000000,4800.000000000,41.480400100,45,1
3.200000000,3.300000000,4800.000000000,5100.000000000,45.530218604,61,1
3.200000000,3.300000000,5100.000000000,5400.000000000,43.883415616,55,1
3.200000000,3.300000000,5400.000000000,5700.000000000,42.475959319,52,1
3.200000000,3.300000000,5700.000000000,6000.000000000,42.788422533,52,1
3.200000000,3.300000000,6000.000000000,6300.000000000,43.577329239,53,1
3.200000000,3.300000000,6300.000000000,6600.000000000,44.375482085,51,1
3.200000000,3.300000000,6600.000000000,6900.000000000,43.843848657,53,1
3.200000000,3.300000000,6900.000000000,7200.000000000,42.278228739,50,1
3.200000000,3.300000000,7200.000000000,7500.000000000,44.111649998,50,1
3.200000000,3.300000000,7500.000000000,7800.000000000,42.227674675,58,1
3.200000000,3.300000000,7800.000000000,8100.000000000,41.834233634,51,1
3.200000000,3.300000000,8100.000000000,8400.000000000,46.153158174,48,1
3.200000000,3.300000000,8400.000000000,8700.000000000,44.937419358,52,1
3.200000000,3.300000000,8700.000000000,9000.000000000,44.641049601,48,1
3.200000000,3.300000000,9000.000000000,9300.000000000,41.983035440,55,1
3.200000000,3.300000000,9300.000000000,9600.000000000,44.931750098,49,1
3.200000000,3.300000000,9600.000000000,9900.000000000,44.947709400,51,1
3.200000000,3.300000000,9900.000000000,10200.000000000,45.317677494,52,1
3.200000000,3.300000000,10200.000000000,10500.000000000,45.359080920,58,1
3.200000000,3.300000000,10500.000000000,10800.000000000,43.011646041,53,1
3.200000000,3.300000000,10800.000000000,11100.000000000,42.154903565,49,1
3.200000000,3.300000000,11100.000000000,11400.000000000,38.860834185,51,1
3.200000000,3.300000000,11400.000000000,11700.000000000,43.572231065,51,1
3.200000000,3.300000000,11700.000000000,12000.000000000,42.652417301,50,1
3.200000000,3.300000000,12000.000000000,12300.000000000,42.722458952,51,1
3.200000000,3.300000000,12300.000000000,12600.000000000,41.594857012,53,1
3.200000000,3.300000000,12600.000000000,12900.000000000,42.767988773,54,1
3.200000000,3.300000000,12900.000000000,13200.000000000,43.313602332,51,1
3.200000000,3.300000000,13200.000000000,13500.000000000,42.488388975,46,1
3.200000000,3.300000000,13500.000000000,13800.000000000,43.722436408,48,1
3.200000000,3.300000000,13800.000000000,14100.000000000,44.134422874,57,1
3.200000000,3.300000000,14100.000000000,14400.000000000,43.929886686,54,1
3.200000000,3.300000000,14400.000000000,14700.000000000,47.024574273,49,1
3.200000000,3.300000000,14700.000000000,15000.000000000,42.027710634,52,1
3.200000000,3.300000000,15000.000000000,15300.000000000,42.922901891,51,1
3.200000000,3.300000000,15300.000000000,15600.000000000,44.466230580,53,1
3.200000000,3.300000000,15600.000000000,15900.000000000,42.920952013,47,1
3.200000000,3.300000000,15900.000000000,16200.000000000,41.940075019,54,1
3.200000000,3.300000000,16200.000000000,16500.000000000,40.856590917,48,1
3.200000000,3.300000000,16500.000000000,16800.000000000,41.958037299,51,1
3.200000000,3.300000000,16800.000000000,17100.000000000,40.339054024,59,1
3.200000000,3.300000000,17100.000000000,17400.000000000,39.561349427,49,1
3.200000000,3.300000000,17400.000000000,17700.000000000,43.925100149,48,1
3.200000000,3.300000000,17700.000000000,18000.000000000,45.676894141,48,1
3.200000000,3.300000000,18000.000000000,18300.000000000,46.050480051,54,1
3.200000000,3.300000000,18300.000000000,18600.000000000,43.341053807,49,1
3.200000000,3.300000000,18600.000000000,18900.000000000,43.349928627,56,1
3.200000000,3.300000000,18900.000000000,19200.000000000,42.934599499,48,1
3.200000000,3.300000000,19200.000000000,19500.000000000,42.521931243,36,1
3.200000000,3.300000000,19500.000000000,19800.000000000,40.395339401,64,1
3.200000000,3.300000000,19800.000000000,20100.000000000,46.227061175,44,1
3.200000000,3.300000000,20100.000000000,20400.000000000,43.677767607,56,1
3.200000000,3.300000000,20400.000000000,20700.000000000,45.001061549,51,1
3.200000000,3.300000000,20700.000000000,21000.000000000,42.352096619,47,1
3.200000000,3.300000000,21000.000000000,21300.000000000,43.140263855,51,1
3.200000000,3.300000000,21300.000000000,21600.000000000,43.727343408,57,1
3.300000000,3.400000000,0.000000000,300.000000000,51.756976057,5,1
3.300000000,3.400000000,300.000000000,600.000000000,43.618205374,55,1
3.300000000,3.400000000,600.000000000,900.000000000,42.705866397,49,1
3.300000000,3.400000000,900.000000000,1200.000000000,45.025485577,48,1
3.300000000,3.400000000,1200.000000000,1500.000000000,44.186331402,47,1
3.300000000,3.400000000,1500.000000000,1800.000000000,44.398173070,49,1
3.300000000,3.400000000,1800.000000000,2100.000000000,44.446861976,52,1
3.300000000,3.400000000,2100.000000000,2400.000000000,47.638657035,46,1
3.300000000,3.400000000,2400.000000000,2700.000000000,44.468823201,55,1
3.300000000,3.400000000,2700.000000000,3000.000000000,45.112045449,52,1
3.300000000,3.400000000,3000.000000000,3300.000000000,40.944902323,43,1
3.300000000,3.400000000,3300.000000000,3600.000000000,42.231061824,59,1
3.300000000,3.400000000,3600.000000000,3900.000000000,43.113545161,44,1
3.300000000,3.400000000,3900.000000000,4200.000000000,42.421740455,52,1
3.300000000,3.400000000,4200.000000000,4500.000000000,41.906845533,61,1
3.300000000,3.400000000,4500.000000000,4800.000000000,40.190765452,42,1
3.300000000,3.400000000,4800.000000000,5100.000000000,44.899571190,60,1
3.300000000,3.400000000,5100.000000000,5400.000000000,43.933968478,54,1
3.300000000,3.400000000,5400.000000000,5700.000000000,42.456018243,51,1
3.300000000,3.400000000,5700.000000000,6000.000000000,43.274639990,52,1
3.300000000,3.400000000,6000.000000000,6300.000000000,43.274848345,52,1
3.300000000,3.400000000,6300.000000000,6600.000000000,43.918367015,49,1
3.300000000,3.400000000,6600.000000000,6900.000000000,42.990120987,53,1
3.300000000,3.400000000,6900.000000000,7200.000000000,41.838390187,50,1
3.300000000,3.400000000,7200.000000000,7500.000000000,43.976713193,46,1
3.300000000,3.400000000,7500.000000000,7800.000000000,42.541723229,61,1
3.300000000,3.400000000,7800.000000000,8100.000000000,42.024741258,50,1
3.300000000,3.400000000,8100.000000000,8400.000000000,45.828252366,49,1
3.300000000,3.400000000,8400.000000000,8700.000000000,44.343199420,52,1
3.300000000,3.400000000,8700.000000000,9000.000000000,44.821263655,50,1
3.300000000,3.400000000,9000.000000000,9300.000000000,42.044378775,56,1
3.300000000,3.400000000,9300.000000000,9600.000000000,45.171388700,49,1
3.300000000,3.400000000,9600.000000000,9900.000000000,44.905827933,50,1
3.300000000,3.400000000,9900.000000000,10200.000000000,46.139892130,53,1
3.300000000,3.400000000,10200.000000000,10500.000000000,44.840974446,56,1
3.300000000,3.400000000,10500.000000000,10800.000000000,43.258646437,54,1
3.300000000,3.400000000,10800.000000000,11100.000000000,42.704928298,51,1
3.300000000,3.400000000,11100.000000000,11400.000000000,39.098621717,49,1
3.300000000,3.400000000,11400.000000000,11700.000000000,42.953114975,53,1
3.300000000,3.400000000,11700.000000000,12000.000000000,42.395919337,53,1
3.300000000,3.400000000,12000.000000000,12300.000000000,42.977340796,47,1
3.300000000,3.400000000,12300.000000000,12600.000000000,41.945256493,54,1
3.300000000,3.400000000,12600.000000000,12900.000000000,42.996957564,51,1
3.300000000,3.400000000,12900.000000000,13200.000000000,44.371331997,53,1
3.300000000,3.400000000,13200.000000000,13500.000000000,43.221145432,44,1
3.300000000,3.400000000,13500.000000000,13800.000000000,43.271589441,47,1
3.300000000,3.400000000,13800.000000000,14100.000000000,43.503983943,53,1
3.300000000,3.400000000,14100.000000000,14400.000000000,44.631930892,54,1
3.300000000,3.400000000,14400.000000000,14700.000000000,47.451397254,51,1
3.300000000,3.400000000,14700.000000000,15000.000000000,41.488223308,52,1
3.300000000,3.400000000,15000.000000000,15300.000000000,42.497562884,52,1
3.300000000,3.400000000,15300.000000000,15600.000000000,44.983847163,50,1
3.300000000,3.400000000,15600.000000000,15900.000000000,42.830740533,49,1
3.300000000,3.400000000,15900.000000000,16200.000000000,41.543276595,52,1
3.300000000,3.400000000,16200.000000000,16500.000000000,42.276578096,52,1
3.300000000,3.400000000,16500.000000000,16800.000000000,40.631007330,47,1
3.300000000,3.400000000,16800.000000000,17100.000000000,40.787746448,55,1
3.300000000,3.400000000,17100.000000000,17400.000000000,40.019362419,50,1
3.300000000,3.400000000,17400.000000000,17700.000000000,43.179163518,47,1
3.300000000,3.400000000,17700.000000000,18000.000000000,45.454592067,45,1
3.300000000,3.400000000,18000.000000000,18300.000000000,45.260453230,54,1
3.300000000,3.400000000,18300.000000000,18600.000000000,43.779887298,52,1
3.300000000,3.400000000,18600.000000000,18900.000000000,42.319219347,54,1
3.300000000,3.400000000,18900.000000000,19200.000000000,43.388625827,49,1
3.300000000,3.400000000,19200.000000000,19500.000000000,43.623143149,38,1
3.300000000,3.400000000,19500.000000000,19800.000000000,41.719793100,64,1
3.300000000,3.400000000,19800.000000000,20100.000000000,46.702237849,47,1
3.300000000,3.400000000,20100.000000000,20400.000000000,43.893921356,55,1
3.300000000,3.400000000,20400.000000000,20700.000000000,45.122059513,55,1
3.300000000,3.400000000,20700.000000000,21000.000000000,43.485927550,43,1
3.300000000,3.400000000,21000.000000000,21300.000000000,43.147169677,52,1
3.300000000,3.400000000,21300.000000000,21600.000000000,44.094962646,53,1
3.400000000,3.500000000,0.000000000,300.000000000,50.574289120,5,1
3.400000000,3.500000000,300.000000000,600.000000000,43.884145764,54,1
3.400000000,3.500000000,600.000000000,900.000000000,43.785897025,46,1
3.400000000,3.500000000,900.000000000,1200.000000000,44.276285158,52,1
3.400000000,3.500000000,1200.000000000,1500.000000000,43.991842194,47,1
3.400000000,3.500000000,1500.000000000,1800.000000000,43.815527541,49,1
3.400000000,3.500000000,1800.000000000,2100.000000000,44.394436725,51,1
3.400000000,3.500000000,2100.000000000,2400.000000000,47.609806702,46,1
3.400000000,3.500000000,2400.000000000,2700.000000000,44.658323180,55,1
3.400000000,3.500000000,2700.000000000,3000.000000000,44.212756486,56,1
3.400000000,3.500000000,3000.000000000,3300.000000000,40.114266479,45,1
3.400000000,3.500000000,3300.000000000,3600.000000000,42.860875109,56,1
3.400000000,3.500000000,3600.000000000,3900.000000000,43.066423567,49,1
3.400000000,3.500000000,3900.000000000,4200.000000000,42.421738494,50,1
3.400000000,3.500000000,4200.000000000,4500.000000000,41.252492975,61,1
3.400000000,3.500000000,4500.000000000,4800.000000000,41.507444369,43,1
3.400000000,3.500000000,4800.000000000,5100.000000000,43.139200303,62,1
3.400000000,3.500000000,5100.000000000,5400.000000000,43.914738868,52,1
3.400000000,3.500000000,5400.000000000,5700.000000000,42.317038965,50,1
3.400000000,3.500000000,5700.000000000,6000.000000000,43.729423937,52,1
3.400000000,3.500000000,6000.000000000,6300.000000000,43.244341035,52,1
3.400000000,3.500000000,6300.000000000,6600.000000000,44.440409165,46,1
3.400000000,3.500000000,6600.000000000,6900.000000000,43.124175381,53,1
3.400000000,3.500000000,6900.000000000,7200.000000000,41.952062739,50,1
3.400000000,3.500000000,7200.000000000,7500.000000000,43.688894181,44,1
3.400000000,3.500000000,7500.000000000,7800.000000000,42.584471452,58,1
3.400000000,3.500000000,7800.000000000,8100.000000000,42.203091246,49,1
3.400000000,3.500000000,8100.000000000,8400.000000000,44.725807525,53,1
3.400000000,3.500000000,8400.000000000,8700.000000000,43.829558818,49,1
3.400000000,3.500000000,8700.000000000,9000.000000000,44.846288144,53,1
3.400000000,3.500000000,9000.000000000,9300.000000000,41.329731380,54,1
3.400000000,3.500000000,9300.000000000,9600.000000000,45.809818247,47,1
3.400000000,3.500000000,9600.000000000,9900.000000000,45.209177921,48,1
3.400000000,3.500000000,9900.000000000,10200.000000000,46.732020527,52,1
3.400000000,3.500000000,10200.000000000,10500.000000000,44.618664887,53,1
3.400000000,3.500000000,10500.000000000,10800.000000000,43.849608838,57,1
3.400000000,3.500000000,10800.000000000,11100.000000000,43.338393539,53,1
3.400000000,3.500000000,11100.000000000,11400.000000000,40.717862299,49,1
3.400000000,3.500000000,11400.000000000,11700.000000000,42.109233318,50,1
3.400000000,3.500000000,11700.000000000,12000.000000000,40.696889060,54,1
3.400000000,3.500000000,12000.000000000,12300.000000000,42.403747446,49,1
3.400000000,3.500000000,12300.000000000,12600.000000000,41.741972970,55,1
3.400000000,3.500000000,12600.000000000,12900.000000000,41.091665970,54,1
3.400000000,3.500000000,12900.000000000,13200.000000000,44.373333265,51,1
3.400000000,3.500000000,13200.000000000,13500.000000000,42.730837116,44,1
3.400000000,3.500000000,13500.000000000,13800.000000000,44.174650720,47,1
3.400000000,3.500000000,13800.000000000,14100.000000000,43.376156160,49,1
3.400000000,3.500000000,14100.000000000,14400.000000000,44.365474586,54,1
3.400000000,3.500000000,14400.000000000,14700.000000000,47.781384134,52,1
3.400000000,3.500000000,14700.000000000,15000.000000000,42.113598561,52,1
3.400000000,3.500000000,15000.000000000,15300.000000000,42.420955642,53,1
3.400000000,3.500000000,15300.000000000,15600.000000000,44.582940683,51,1
3.400000000,3.500000000,15600.000000000,15900.000000000,43.472954110,50,1
3.400000000,3.500000000,15900.000000000,16200.000000000,42.000318860,49,1
3.400000000,3.500000000,16200.000000000,16500.000000000,43.468981952,52,1
3.400000000,3.500000000,16500.000000000,16800.000000000,40.225568216,52,1
3.400000000,3.500000000,16800.000000000,17100.000000000,41.515543215,51,1
3.400000000,3.500000000,17100.000000000,17400.000000000,40.764886891,54,1
3.400000000,3.500000000,17400.000000000,17700.000000000,40.999678170,48,1
3.400000000,3.500000000,17700.000000000,18000.000000000,44.468658498,46,1
3.400000000,3.500000000,18000.000000000,18300.000000000,45.311115489,52,1
3.400000000,3.500000000,18300.000000000,18600.000000000,43.970684715,53,1
3.400000000,3.500000000,18600.000000000,18900.000000000,41.829770765,53,1
3.400000000,3.500000000,18900.000000000,19200.000000000,43.862055048,50,1
3.400000000,3.500000000,19200.000000000,19500.000000000,44.172184713,41,1
3.400000000,3.500000000,19500.000000000,19800.000000000,42.340304325,61,1
3.400000000,3.500000000,19800.000000000,20100.000000000,46.499334619,50,1
3.400000000,3.500000000,20100.000000000,20400.000000000,44.555387227,52,1
3.400000000,3.500000000,20400.000000000,20700.000000000,44.678380951,58,1
3.400000000,3.500000000,20700.000000000,21000.000000000,43.845234435,43,1
3.400000000,3.500000000,21000.000000000,21300.000000000,43.468357553,52,1
3.400000000,3.500000000,21300.000000000,21600.000000000,44.193362534,51,1
3.500000000,3.600000000,0.000000000,300.000000000,50.548644277,4,1
3.500000000,3.600000000,300.000000000,600.000000000,45.261841297,53,1
3.500000000,3.600000000,600.000000000,900.000000000,44.204893459,44,1
3.500000000,3.600000000,900.000000000,1200.000000000,43.826580904,54,1
3.500000000,3.600000000,1200.000000000,1500.000000000,43.208892337,47,1
3.500000000,3.600000000,1500.000000000,1800.000000000,43.112605697,49,1
3.500000000,3.600000000,1800.000000000,2100.000000000,44.204782161,52,1
3.500000000,3.600000000,2100.000000000,2400.000000000,47.392366599,45,1
3.500000000,3.600000000,2400.000000000,2700.000000000,44.764388592,55,1
3.500000000,3.600000000,2700.000000000,3000.000000000,44.684805377,55,1
3.500000000,3.600000000,3000.000000000,3300.000000000,40.447498882,47,1
3.500000000,3.600000000,3300.000000000,3600.000000000,43.461720218,52,1
3.500000000,3.600000000,3600.000000000,3900.000000000,42.954748160,52,1
3.500000000,3.600000000,3900.000000000,4200.000000000,41.107125858,50,1
3.500000000,3.600000000,4200.000000000,4500.000000000,41.090985464,59,1
3.500000000,3.600000000,4500.000000000,4800.000000000,40.686887811,42,1
3.500000000,3.600000000,4800.000000000,5100.000000000,42.349692989,62,1
3.500000000,3.600000000,5100.000000000,5400.000000000,43.922199626,53,1
3.500000000,3.600000000,5400.000000000,5700.000000000,42.432532461,51,1
3.500000000,3.600000000,5700.000000000,6000.000000000,43.579245313,52,1
3.500000000,3.600000000,6000.000000000,6300.000000000,42.833314148,52,1
3.500000000,3.600000000,6300.000000000,6600.000000000,44.220930352,46,1
3.500000000,3.600000000,6600.000000000,6900.000000000,44.074857429,56,1
3.500000000,3.600000000,6900.000000000,7200.000000000,42.239705970,50,1
3.500000000,3.600000000,7200.000000000,7500.000000000,43.921199466,44,1
3.500000000,3.600000000,7500.000000000,7800.000000000,42.436068553,58,1
3.500000000,3.600000000,7800.000000000,8100.000000000,42.476432900,46,1
3.500000000,3.600000000,8100.000000000,8400.000000000,44.846875301,53,1
3.500000000,3.600000000,8400.000000000,8700.000000000,43.864838978,46,1
3.500000000,3.600000000,8700.000000000,9000.000000000,44.521158979,54,1
3.500000000,3.600000000,9000.000000000,9300.000000000,41.839590965,56,1
3.500000000,3.600000000,9300.000000000,9600.000000000,45.878635649,46,1
3.500000000,3.600000000,9600.000000000,9900.000000000,44.653365923,49,1
3.500000000,3.600000000,9900.000000000,10200.000000000,45.458414281,52,1
3.500000000,3.600000000,10200.000000000,10500.000000000,43.839977810,49,1
3.500000000,3.600000000,10500.000000000,10800.000000000,43.703364607,53,1
3.500000000,3.600000000,10800.000000000,11100.000000000,43.072744182,49,1
3.500000000,3.600000000,11100.000000000,11400.000000000,41.431733126,53,1
3.500000000,3.600000000,11400.000000000,11700.000000000,41.017224893,49,1
3.500000000,3.600000000,11700.000000000,12000.000000000,40.599975620,52,1
3.500000000,3.600000000,12000.000000000,12300.000000000,41.416167812,52,1
3.500000000,3.600000000,12300.000000000,12600.000000000,42.005717107,53,1
3.500000000,3.600000000,12600.000000000,12900.000000000,40.260062417,57,1
3.500000000,3.600000000,12900.000000000,13200.000000000,44.056790953,51,1
3.500000000,3.600000000,13200.000000000,13500.000000000,42.379796614,47,1
3.500000000,3.600000000,13500.000000000,13800.000000000,44.657498629,49,1
3.500000000,3.600000000,13800.000000000,14100.000000000,42.901770133,47,1
3.500000000,3.600000000,14100.000000000,14400.000000000,44.075214503,54,1
3.500000000,3.600000000,14400.000000000,14700.000000000,47.048013840,51,1
3.500000000,3.600000000,14700.000000000,15000.000000000,43.412095424,52,1
3.500000000,3.600000000,15000.000000000,15300.000000000,42.850011141,49,1
3.500000000,3.600000000,15300.000000000,15600.000000000,43.755209962,54,1
3.500000000,3.600000000,15600.000000000,15900.000000000,43.965187783,50,1
3.500000000,3.600000000,15900.000000000,16200.000000000,43.080429011,49,1
3.500000000,3.600000000,16200.000000000,16500.000000000,42.544683025,48,1
3.500000000,3.600000000,16500.000000000,16800.000000000,40.671035899,54,1
3.500000000,3.600000000,16800.000000000,17100.000000000,42.411112153,48,1
3.500000000,3.600000000,17100.000000000,17400.000000000,40.480380321,57,1
3.500000000,3.600000000,17400.000000000,17700.000000000,38.834542733,45,1
3.500000000,3.600000000,17700.000000000,18000.000000000,44.621294823,46,1
3.500000000,3.600000000,18000.000000000,18300.000000000,45.211473738,51,1
3.500000000,3.600000000,18300.000000000,18600.000000000,43.181271875,53,1
3.500000000,3.600000000,18600.000000000,18900.000000000,40.184855497,51,1
3.500000000,3.600000000,18900.000000000,19200.000000000,42.913589306,52,1
3.500000000,3.600000000,19200.000000000,19500.000000000,42.557208937,45,1
3.500000000,3.600000000,19500.000000000,19800.000000000,42.082269873,58,1
3.500000000,3.600000000,19800.000000000,20100.000000000,46.390153731,51,1
3.500000000,3.600000000,20100.000000000,20400.000000000,44.300960748,49,1
3.500000000,3.600000000,20400.000000000,20700.000000000,44.557320006,57,1
3.500000000,3.600000000,20700.000000000,21000.000000000,44.080603135,45,1
3.500000000,3.600000000,21000.000000000,21300.000000000,43.891658560,52,1
3.500000000,3.600000000,21300.000000000,21600.000000000,43.533888725,52,1
3.600000000,3.700000000,0.000000000,300.000000000,50.426799759,4,1
3.600000000,3.700000000,300.000000000,600.000000000,45.638925531,52,1
3.600000000,3.700000000,600.000000000,900.000000000,43.935296322,45,1
3.600000000,3.700000000,900.000000000,1200.000000000,42.986291360,53,1
3.600000000,3.700000000,1200.000000000,1500.000000000,42.834684799,51,1
3.600000000,3.700000000,1500.000000000,1800.000000000,43.169206698,50,1
3.600000000,3.700000000,1800.000000000,2100.000000000,42.703082329,53,1
3.600000000,3.700000000,2100.000000000,2400.000000000,45.867263859,44,1
3.600000000,3.700000000,2400.000000000,2700.000000000,45.572688645,54,1
3.600000000,3.700000000,2700.000000000,3000.000000000,44.632177109,56,1
3.600000000,3.700000000,3000.000000000,3300.000000000,41.929873248,48,1
3.600000000,3.700000000,3300.000000000,3600.000000000,43.806728648,48,1
3.600000000,3.700000000,3600.000000000,3900.000000000,42.359687042,56,1
3.600000000,3.700000000,3900.000000000,4200.000000000,39.510618129,49,1
3.600000000,3.700000000,4200.000000000,4500.000000000,41.456010923,58,1
3.600000000,3.700000000,4500.000000000,4800.000000000,38.994321254,45,1
3.600000000,3.700000000,4800.000000000,5100.000000000,43.003630409,59,1
3.600000000,3.700000000,5100.000000000,5400.000000000,44.886627859,54,1
3.600000000,3.700000000,5400.000000000,5700.000000000,42.493798116,51,1
3.600000000,3.700000000,5700.000000000,6000.000000000,43.488418151,53,1
3.600000000,3.700000000,6000.000000000,6300.000000000,41.916454543,51,1
3.600000000,3.700000000,6300.000000000,6600.000000000,43.968246006,46,1
3.600000000,3.700000000,6600.000000000,6900.000000000,45.161579263,56,1
3.600000000,3.700000000,6900.000000000,7200.000000000,41.465748173,52,1
3.600000000,3.700000000,7200.000000000,7500.000000000,42.964822332,45,1
3.600000000,3.700000000,7500.000000000,7800.000000000,42.214428253,57,1
3.600000000,3.700000000,7800.000000000,8100.000000000,42.125408457,50,1
3.600000000,3.700000000,8100.000000000,8400.000000000,44.799145250,54,1
3.600000000,3.700000000,8400.000000000,8700.000000000,43.086041110,48,1
3.600000000,3.700000000,8700.000000000,9000.000000000,42.800393675,52,1
3.600000000,3.700000000,9000.000000000,9300.000000000,41.194369393,58,1
3.600000000,3.700000000,9300.000000000,9600.000000000,45.830618417,48,1
3.600000000,3.700000000,9600.000000000,9900.000000000,44.072141626,51,1
3.600000000,3.700000000,9900.000000000,10200.000000000,44.672626786,52,1
3.600000000,3.700000000,10200.000000000,10500.000000000,43.666006097,49,1
3.600000000,3.700000000,10500.000000000,10800.000000000,43.757493923,53,1
3.600000000,3.700000000,10800.000000000,11100.000000000,42.375567359,45,1
3.600000000,3.700000000,11100.000000000,11400.000000000,41.442470218,56,1
3.600000000,3.700000000,11400.000000000,11700.000000000,41.544505030,51,1
3.600000000,3.700000000,11700.000000000,12000.000000000,40.921912966,51,1
3.600000000,3.700000000,12000.000000000,12300.000000000,42.588785597,53,1
3.600000000,3.700000000,12300.000000000,12600.000000000,43.541584453,49,1
3.600000000,3.700000000,12600.000000000,12900.000000000,40.328230303,58,1
3.600000000,3.700000000,12900.000000000,13200.000000000,43.852801949,50,1
3.600000000,3.700000000,13200.000000000,13500.000000000,41.733548767,49,1
3.600000000,3.700000000,13500.000000000,13800.000000000,45.443091965,49,1
3.600000000,3.700000000,13800.000000000,14100.000000000,43.482183904,47,1
3.600000000,3.700000000,14100.000000000,14400.000000000,43.298501034,54,1
3.600000000,3.700000000,14400.000000000,14700.000000000,46.127085188,53,1
3.600000000,3.700000000,14700.000000000,15000.000000000,44.126437129,52,1
3.600000000,3.700000000,15000.000000000,15300.000000000,42.755870312,45,1
3.600000000,3.700000000,15300.000000000,15600.000000000,44.130484890,57,1
3.600000000,3.700000000,15600.000000000,15900.000000000,44.401425033,50,1
3.600000000,3.700000000,15900.000000000,16200.000000000,42.731460165,52,1
3.600000000,3.700000000,16200.000000000,16500.000000000,42.368892358,46,1
3.600000000,3.700000000,16500.000000000,16800.000000000,41.148139329,55,1
3.600000000,3.700000000,16800.000000000,17100.000000000,43.075290468,44,1
3.600000000,3.700000000,17100.000000000,17400.000000000,39.554523308,61,1
3.600000000,3.700000000,17400.000000000,17700.000000000,40.329782578,48,1
3.600000000,3.700000000,17700.000000000,18000.000000000,45.096271605,47,1
3.600000000,3.700000000,18000.000000000,18300.000000000,44.868627853,51,1
3.600000000,3.700000000,18300.000000000,18600.000000000,42.596399544,51,1
3.600000000,3.700000000,18600.000000000,18900.000000000,40.859937942,50,1
3.600000000,3.700000000,18900.000000000,19200.000000000,41.309829019,53,1
3.600000000,3.700000000,19200.000000000,19500.000000000,42.236326073,46,1
3.600000000,3.700000000,19500.000000000,19800.000000000,41.307292096,57,1
3.600000000,3.700000000,19800.000000000,20100.000000000,46.053607757,53,1
3.600000000,3.700000000,20100.000000000,20400.000000000,43.340511931,47,1
3.600000000,3.700000000,20400.000000000,20700.000000000,44.639151557,55,1
3.600000000,3.700000000,20700.000000000,21000.000000000,44.173949831,48,1
3.600000000,3.700000000,21000.000000000,21300.000000000,44.353803491,48,1
3.600000000,3.700000000,21300.000000000,21600.000000000,43.061367992,55,1
3.700000000,3.800000000,0.000000000,300.000000000,52.314233286,4,1
3.700000000,3.800000000,300.000000000,600.000000000,44.145532794,49,1
3.700000000,3.800000000,600.000000000,900.000000000,43.076189850,48,1
3.700000000,3.800000000,900.000000000,1200.000000000,42.730928821,53,1
3.700000000,3.800000000,1200.000000000,1500.000000000,42.905708020,52,1
3.700000000,3.800000000,1500.000000000,1800.000000000,43.105664316,48,1
3.700000000,3.800000000,1800.000000000,2100.000000000,41.711740235,55,1
3.700000000,3.800000000,2100.000000000,2400.000000000,44.630666788,44,1
3.700000000,3.800000000,2400.000000000,2700.000000000,45.662799165,53,1
3.700000000,3.800000000,2700.000000000,3000.000000000,44.339200906,55,1
3.700000000,3.800000000,3000.000000000,3300.000000000,42.613275387,51,1
3.700000000,3.800000000,3300.000000000,3600.000000000,43.550001652,44,1
3.700000000,3.800000000,3600.000000000,3900.000000000,42.125930025,58,1
3.700000000,3.800000000,3900.000000000,4200.000000000,39.715030731,50,1
3.700000000,3.800000000,4200.000000000,4500.000000000,41.774741097,55,1
3.700000000,3.800000000,4500.000000000,4800.000000000,39.696870696,46,1
3.700000000,3.800000000,4800.000000000,5100.000000000,43.935987715,58,1
3.700000000,3.800000000,5100.000000000,5400.000000000,45.404495661,54,1
3.700000000,3.800000000,5400.000000000,5700.000000000,42.566566282,50,1
3.700000000,3.800000000,5700.000000000,6000.000000000,43.567135929,56,1
3.700000000,3.800000000,6000.000000000,6300.000000000,41.552038805,49,1
3.700000000,3.800000000,6300.000000000,6600.000000000,44.428205458,49,1
3.700000000,3.800000000,6600.000000000,6900.000000000,44.977860468,53,1
3.700000000,3.800000000,6900.000000000,7200.000000000,41.778664633,54,1
3.700000000,3.800000000,7200.000000000,7500.000000000,42.820895904,49,1
3.700000000,3.800000000,7500.000000000,7800.000000000,41.974617179,54,1
3.700000000,3.800000000,7800.000000000,8100.000000000,42.607527668,49,1
3.700000000,3.800000000,8100.000000000,8400.000000000,44.224858022,54,1
3.700000000,3.800000000,8400.000000000,8700.000000000,42.000522992,48,1
3.700000000,3.800000000,8700.000000000,9000.000000000,43.026372410,48,1
3.700000000,3.800000000,9000.000000000,9300.000000000,41.036531043,56,1
3.700000000,3.800000000,9300.000000000,9600.000000000,45.461186699,50,1
3.700000000,3.800000000,9600.000000000,9900.000000000,44.171687186,51,1
3.700000000,3.800000000,9900.000000000,10200.000000000,43.755689604,54,1
3.700000000,3.800000000,10200.000000000,10500.000000000,44.864854239,49,1
3.700000000,3.800000000,10500.000000000,10800.000000000,44.178869724,53,1
3.700000000,3.800000000,10800.000000000,11100.000000000,42.495669828,45,1
3.700000000,3.800000000,11100.000000000,11400.000000000,41.706926717,53,1
3.700000000,3.800000000,11400.000000000,11700.000000000,42.354323913,50,1
3.700000000,3.800000000,11700.000000000,12000.000000000,40.902294965,51,1
3.700000000,3.800000000,12000.000000000,12300.000000000,43.439499154,57,1
3.700000000,3.800000000,12300.000000000,12600.000000000,43.072943079,47,1
3.700000000,3.800000000,12600.000000000,12900.000000000,40.752246917,56,1
3.700000000,3.800000000,12900.000000000,13200.000000000,44.518426481,47,1
3.700000000,3.800000000,13200.000000000,13500.000000000,41.739825873,53,1
3.700000000,3.800000000,13500.000000000,13800.000000000,45.122979983,52,1
3.700000000,3.800000000,13800.000000000,14100.000000000,44.534129462,47,1
3.700000000,3.800000000,14100.000000000,14400.000000000,43.834780296,50,1
3.700000000,3.800000000,14400.000000000,14700.000000000,45.753520503,54,1
3.700000000,3.800000000,14700.000000000,15000.000000000,43.722576502,54,1
3.700000000,3.800000000,15000.000000000,15300.000000000,43.602054341,43,1
3.700000000,3.800000000,15300.000000000,15600.000000000,43.180102432,60,1
3.700000000,3.800000000,15600.000000000,15900.000000000,44.922417208,50,1
3.700000000,3.800000000,15900.000000000,16200.000000000,42.184340643,54,1
3.700000000,3.800000000,16200.000000000,16500.000000000,43.029247103,44,1
3.700000000,3.800000000,16500.000000000,16800.000000000,41.170524706,56,1
3.700000000,3.800000000,16800.000000000,17100.000000000,44.475688682,40,1
3.700000000,3.800000000,17100.000000000,17400.000000000,38.902878404,60,1
3.700000000,3.800000000,17400.000000000,17700.000000000,41.756823884,48,1
3.700000000,3.800000000,17700.000000000,18000.000000000,44.676316859,47,1
3.700000000,3.800000000,18000.000000000,18300.000000000,44.241874176,49,1
3.700000000,3.800000000,18300.000000000,18600.000000000,43.582774035,51,1
3.700000000,3.800000000,18600.000000000,18900.000000000,42.074779461,46,1
3.700000000,3.800000000,18900.000000000,19200.000000000,40.625094800,54,1
3.700000000,3.800000000,19200.000000000,19500.000000000,41.768110758,48,1
3.700000000,3.800000000,19500.000000000,19800.000000000,40.730568727,54,1
3.700000000,3.800000000,19800.000000000,20100.000000000,44.431079111,57,1
3.700000000,3.800000000,20100.000000000,20400.000000000,41.788258052,50,1
3.700000000,3.800000000,20400.000000000,20700.000000000,43.650354929,52,1
3.700000000,3.800000000,20700.000000000,21000.000000000,45.105692894,50,1
3.700000000,3.800000000,21000.000000000,21300.000000000,44.956497656,46,1
3.700000000,3.800000000,21300.000000000,21600.000000000,43.816935188,55,1
3.800000000,3.900000000,0.000000000,300.000000000,52.909889969,4,1
3.800000000,3.900000000,300.000000000,600.000000000,43.406854299,45,1
3.800000000,3.900000000,600.000000000,900.000000000,44.506792580,46,1
3.800000000,3.900000000,900.000000000,1200.000000000,42.281024236,54,1
3.800000000,3.900000000,1200.000000000,1500.000000000,42.843437057,53,1
3.800000000,3.900000000,1500.000000000,1800.000000000,43.826824047,48,1
3.800000000,3.900000000,1800.000000000,2100.000000000,41.745545142,56,1
3.800000000,3.900000000,2100.000000000,2400.000000000,44.378940228,47,1
3.800000000,3.900000000,2400.000000000,2700.000000000,45.999555379,53,1
3.800000000,3.900000000,2700.000000000,3000.000000000,43.901881122,51,1
3.800000000,3.900000000,3000.000000000,3300.000000000,43.388817060,55,1
3.800000000,3.900000000,3300.000000000,3600.000000000,42.415114588,44,1
3.800000000,3.900000000,3600.000000000,3900.000000000,42.150892534,56,1
3.800000000,3.900000000,3900.000000000,4200.000000000,40.617526530,50,1
3.800000000,3.900000000,4200.000000000,4500.000000000,41.260209638,53,1
3.800000000,3.900000000,4500.000000000,4800.000000000,38.872779409,46,1
3.800000000,3.900000000,4800.000000000,5100.000000000,44.626301473,58,1
3.800000000,3.900000000,5100.000000000,5400.000000000,44.622179046,55,1
3.800000000,3.900000000,5400.000000000,5700.000000000,42.387120857,48,1
3.800000000,3.900000000,5700.000000000,6000.000000000,43.783237495,57,1
3.800000000,3.900000000,6000.000000000,6300.000000000,40.903408631,49,1
3.800000000,3.900000000,6300.000000000,6600.000000000,45.833933176,52,1
3.800000000,3.900000000,6600.000000000,6900.000000000,45.156866250,51,1
3.800000000,3.900000000,6900.000000000,7200.000000000,41.352737970,51,1
3.800000000,3.900000000,7200.000000000,7500.000000000,42.820101636,50,1
3.800000000,3.900000000,7500.000000000,7800.000000000,41.579914549,53,1
3.800000000,3.900000000,7800.000000000,8100.000000000,44.174593209,47,1
3.800000000,3.900000000,8100.000000000,8400.000000000,42.158085539,56,1
3.800000000,3.900000000,8400.000000000,8700.000000000,41.363608875,48,1
3.800000000,3.900000000,8700.000000000,9000.000000000,43.753440660,47,1
3.800000000,3.900000000,9000.000000000,9300.000000000,41.830292994,52,1
3.800000000,3.900000000,9300.000000000,9600.000000000,44.254896998,53,1
3.800000000,3.900000000,9600.000000000,9900.000000000,44.242850171,48,1
3.800000000,3.900000000,9900.000000000,10200.000000000,43.704135383,56,1
3.800000000,3.900000000,10200.000000000,10500.000000000,45.216154835,53,1
3.800000000,3.900000000,10500.000000000,10800.000000000,44.831486254,50,1
3.800000000,3.900000000,10800.000000000,11100.000000000,42.486440408,49,1
3.800000000,3.900000000,11100.000000000,11400.000000000,41.722080673,52,1
3.800000000,3.900000000,11400.000000000,11700.000000000,42.940639897,46,1
3.800000000,3.900000000,11700.000000000,12000.000000000,41.551226853,47,1
3.800000000,3.900000000,12000.000000000,12300.000000000,43.740506943,60,1
3.800000000,3.900000000,12300.000000000,12600.000000000,41.389659191,47,1
3.800000000,3.900000000,12600.000000000,12900.000000000,40.918246010,54,1
3.800000000,3.900000000,12900.000000000,13200.000000000,45.219234567,46,1
3.800000000,3.900000000,13200.000000000,13500.000000000,42.218974323,50,1
3.800000000,3.900000000,13500.000000000,13800.000000000,45.647766947,52,1
3.800000000,3.900000000,13800.000000000,14100.000000000,44.249536750,48,1
3.800000000,3.900000000,14100.000000000,14400.000000000,43.463578314,50,1
3.800000000,3.900000000,14400.000000000,14700.000000000,45.581191479,52,1
3.800000000,3.900000000,14700.000000000,15000.000000000,43.441558998,56,1
3.800000000,3.900000000,15000.000000000,15300.000000000,44.102841737,40,1
3.800000000,3.900000000,15300.000000000,15600.000000000,43.664280088,58,1
3.800000000,3.900000000,15600.000000000,15900.000000000,44.888720007,51,1
3.800000000,3.900000000,15900.000000000,16200.000000000,41.963991667,57,1
3.800000000,3.900000000,16200.000000000,16500.000000000,43.588474829,45,1
3.800000000,3.900000000,16500.000000000,16800.000000000,41.588825289,56,1
3.800000000,3.900000000,16800.000000000,17100.000000000,43.797325383,40,1
3.800000000,3.900000000,17100.000000000,17400.000000000,39.958735860,61,1
3.800000000,3.900000000,17400.000000000,17700.000000000,43.463018109,51,1
3.800000000,3.900000000,17700.000000000,18000.000000000,44.071575639,47,1
3.800000000,3.900000000,18000.000000000,18300.000000000,43.575303966,47,1
3.800000000,3.900000000,18300.000000000,18600.000000000,43.148143323,52,1
3.800000000,3.900000000,18600.000000000,18900.000000000,43.532251060,44,1
3.800000000,3.900000000,18900.000000000,19200.000000000,40.646946614,53,1
3.800000000,3.900000000,19200.000000000,19500.000000000,41.977671603,48,1
3.800000000,3.900000000,19500.000000000,19800.000000000,39.926352623,50,1
3.800000000,3.900000000,19800.000000000,20100.000000000,42.689517625,57,1
3.800000000,3.900000000,20100.000000000,20400.000000000,41.922771158,51,1
3.800000000,3.900000000,20400.000000000,20700.000000000,43.182548682,49,1
3.800000000,3.900000000,20700.000000000,21000.000000000,43.434562403,54,1
3.800000000,3.900000000,21000.000000000,21300.000000000,44.492573697,48,1
3.800000000,3.900000000,21300.000000000,21600.000000000,44.874060218,56,1
3.900000000,4.000000000,0.000000000,300.000000000,51.304664629,4,1
3.900000000,4.000000000,300.000000000,600.000000000,43.103504210,45,1
3.900000000,4.000000000,600.000000000,900.000000000,45.900469597,45,1
3.900000000,4.000000000,900.000000000,1200.000000000,41.118082365,53,1
3.900000000,4.000000000,1200.000000000,1500.000000000,42.674218196,51,1
3.900000000,4.000000000,1500.000000000,1800.000000000,43.866649315,45,1
3.900000000,4.000000000,1800.000000000,2100.000000000,42.068216556,53,1
3.900000000,4.000000000,2100.000000000,2400.000000000,44.039156779,48,1
3.900000000,4.000000000,2400.000000000,2700.000000000,45.381591793,53,1
3.900000000,4.000000000,2700.000000000,3000.000000000,44.205231335,48,1
3.900000000,4.000000000,3000.000000000,3300.000000000,43.894855289,54,1
3.900000000,4.000000000,3300.000000000,3600.000000000,42.526534060,47,1
3.900000000,4.000000000,3600.000000000,3900.000000000,42.806933025,56,1
3.900000000,4.000000000,3900.000000000,4200.000000000,41.393977881,51,1
3.900000000,4.000000000,4200.000000000,4500.000000000,39.668645519,53,1
3.900000000,4.000000000,4500.000000000,4800.000000000,39.166059318,48,1
3.900000000,4.000000000,4800.000000000,5100.000000000,44.289657553,56,1
3.900000000,4.000000000,5100.000000000,5400.000000000,44.687927525,55,1
3.900000000,4.000000000,5400.000000000,5700.000000000,42.406651975,49,1
3.900000000,4.000000000,5700.000000000,6000.000000000,44.283145264,55,1
3.900000000,4.000000000,6000.000000000,6300.000000000,42.395090576,50,1
3.900000000,4.000000000,6300.000000000,6600.000000000,45.507121914,51,1
3.900000000,4.000000000,6600.000000000,6900.000000000,45.661472617,50,1
3.900000000,4.000000000,6900.000000000,7200.000000000,40.905970458,55,1
3.900000000,4.000000000,7200.000000000,7500.000000000,43.039410498,50,1
3.900000000,4.000000000,7500.000000000,7800.000000000,42.021154018,52,1
3.900000000,4.000000000,7800.000000000,8100.000000000,44.805504576,48,1
3.900000000,4.000000000,8100.000000000,8400.000000000,42.709242923,57,1
3.900000000,4.000000000,8400.000000000,8700.000000000,41.427297614,48,1
3.900000000,4.000000000,8700.000000000,9000.000000000,44.346256021,47,1
3.900000000,4.000000000,9000.000000000,9300.000000000,42.252119850,51,1
3.900000000,4.000000000,9300.000000000,9600.000000000,43.597643813,55,1
3.900000000,4.000000000,9600.000000000,9900.000000000,44.367046467,47,1
3.900000000,4.000000000,9900.000000000,10200.000000000,44.944350331,52,1
3.900000000,4.000000000,10200.000000000,10500.000000000,46.028183738,56,1
3.900000000,4.000000000,10500.000000000,10800.000000000,44.492962494,46,1
3.900000000,4.000000000,10800.000000000,11100.000000000,41.294211886,54,1
3.900000000,4.000000000,11100.000000000,11400.000000000,40.482180078,52,1
3.900000000,4.000000000,11400.000000000,11700.000000000,42.184208634,48,1
3.900000000,4.000000000,11700.000000000,12000.000000000,41.309234785,44,1
3.900000000,4.000000000,12000.000000000,12300.000000000,43.574568032,61,1
3.900000000,4.000000000,12300.000000000,12600.000000000,41.331934906,47,1
3.900000000,4.000000000,12600.000000000,12900.000000000,41.405583345,53,1
3.900000000,4.000000000,12900.000000000,13200.000000000,45.930945384,46,1
3.900000000,4.000000000,13200.000000000,13500.000000000,41.912977343,50,1
3.900000000,4.000000000,13500.000000000,13800.000000000,45.356887704,50,1
3.900000000,4.000000000,13800.000000000,14100.000000000,44.415728499,51,1
3.900000000,4.000000000,14100.000000000,14400.000000000,44.195639951,54,1
3.900000000,4.000000000,14400.000000000,14700.000000000,44.984829912,50,1
3.900000000,4.000000000,14700.000000000,15000.000000000,44.089389351,56,1
3.900000000,4.000000000,15000.000000000,15300.000000000,44.804460058,44,1
3.900000000,4.000000000,15300.000000000,15600.000000000,43.388289494,57,1
3.900000000,4.000000000,15600.000000000,15900.000000000,43.400899285,50,1
3.900000000,4.000000000,15900.000000000,16200.000000000,42.564593200,59,1
3.900000000,4.000000000,16200.000000000,16500.000000000,43.740420086,45,1
3.900000000,4.000000000,16500.000000000,16800.000000000,40.842481964,55,1
3.900000000,4.000000000,16800.000000000,17100.000000000,43.901688601,38,1
3.900000000,4.000000000,17100.000000000,17400.000000000,40.740867199,57,1
3.900000000,4.000000000,17400.000000000,17700.000000000,43.906999576,55,1
3.900000000,4.000000000,17700.000000000,18000.000000000,43.591822999,47,1
3.900000000,4.000000000,18000.000000000,18300.000000000,43.161169944,47,1
3.900000000,4.000000000,18300.000000000,18600.000000000,42.724143197,52,1
3.900000000,4.000000000,18600.000000000,18900.000000000,44.595628398,44,1
3.900000000,4.000000000,18900.000000000,19200.000000000,41.075976140,53,1
3.900000000,4.000000000,19200.000000000,19500.000000000,42.746237792,48,1
3.900000000,4.000000000,19500.000000000,19800.000000000,40.804107727,50,1
3.900000000,4.000000000,19800.000000000,20100.000000000,42.443535941,56,1
3.900000000,4.000000000,20100.000000000,20400.000000000,43.028053799,52,1
3.900000000,4.000000000,20400.000000000,20700.000000000,42.430599418,46,1
3.900000000,4.000000000,20700.000000000,21000.000000000,40.881209258,51,1
3.900000000,4.000000000,21000.000000000,21300.000000000,44.599857838,49,1
3.900000000,4.000000000,21300.000000000,21600.000000000,44.513086197,56,1
4.000000000,4.100000000,0.000000000,300.000000000,52.656101833,2,1
4.000000000,4.100000000,300.000000000,600.000000000,43.155024590,45,1
4.000000000,4.100000000,600.000000000,900.000000000,46.642394052,48,1
4.000000000,4.100000000,900.000000000,1200.000000000,40.926909902,52,1
4.000000000,4.100000000,1200.000000000,1500.000000000,43.203052337,49,1
4.000000000,4.100000000,1500.000000000,1800.000000000,43.175823766,50,1
4.000000000,4.100000000,1800.000000000,2100.000000000,42.547027932,52,1
4.000000000,4.100000000,2100.000000000,2400.000000000,43.764518085,48,1
4.000000000,4.100000000,2400.000000000,2700.000000000,45.304624683,53,1
4.000000000,4.100000000,2700.000000000,3000.000000000,44.407880616,51,1
4.000000000,4.100000000,3000.000000000,3300.000000000,44.406240337,52,1
4.000000000,4.100000000,3300.000000000,3600.000000000,42.771208280,51,1
4.000000000,4.100000000,3600.000000000,3900.000000000,43.564184734,56,1
4.000000000,4.100000000,3900.000000000,4200.000000000,40.832894402,55,1
4.000000000,4.100000000,4200.000000000,4500.000000000,38.726469307,51,1
4.000000000,4.100000000,4500.000000000,4800.000000000,39.774220308,53,1
4.000000000,4.100000000,4800.000000000,5100.000000000,42.856147938,55,1
4.000000000,4.100000000,5100.000000000,5400.000000000,44.328989652,55,1
4.000000000,4.100000000,5400.000000000,5700.000000000,42.666890585,50,1
4.000000000,4.100000000,5700.000000000,6000.000000000,44.397643212,54,1
4.000000000,4.100000000,6000.000000000,6300.000000000,42.764320776,54,1
4.000000000,4.100000000,6300.000000000,6600.000000000,45.454812844,50,1
4.000000000,4.100000000,6600.000000000,6900.000000000,44.865761147,48,1
4.000000000,4.100000000,6900.000000000,7200.000000000,41.184875471,55,1
4.000000000,4.100000000,7200.000000000,7500.000000000,42.579374132,53,1
4.000000000,4.100000000,7500.000000000,7800.000000000,42.479938288,49,1
4.000000000,4.100000000,7800.000000000,8100.000000000,45.309561591,50,1
4.000000000,4.100000000,8100.000000000,8400.000000000,43.088946884,59,1
4.000000000,4.100000000,8400.000000000,8700.000000000,41.000471196,48,1
4.000000000,4.100000000,8700.000000000,9000.000000000,44.790042830,47,1
4.000000000,4.100000000,9000.000000000,9300.000000000,42.309345942,49,1
4.000000000,4.100000000,9300.000000000,9600.000000000,43.127847447,57,1
4.000000000,4.100000000,9600.000000000,9900.000000000,44.765128824,51,1
4.000000000,4.100000000,9900.000000000,10200.000000000,45.327621475,51,1
4.000000000,4.100000000,10200.000000000,10500.000000000,46.001535133,56,1
4.000000000,4.100000000,10500.000000000,10800.000000000,43.711598225,43,1
4.000000000,4.100000000,10800.000000000,11100.000000000,40.406483944,54,1
4.000000000,4.100000000,11100.000000000,11400.000000000,39.705778452,49,1
4.000000000,4.100000000,11400.000000000,11700.000000000,42.557940668,52,1
4.000000000,4.100000000,11700.000000000,12000.000000000,41.209318236,47,1
4.000000000,4.100000000,12000.000000000,12300.000000000,43.593656052,60,1
4.000000000,4.100000000,12300.000000000,12600.000000000,42.508693944,48,1
4.000000000,4.100000000,12600.000000000,12900.000000000,42.903933673,56,1
4.000000000,4.100000000,12900.000000000,13200.000000000,45.223107240,46,1
4.000000000,4.100000000,13200.000000000,13500.000000000,42.026250765,50,1
4.000000000,4.100000000,13500.000000000,13800.000000000,45.331657975,49,1
4.000000000,4.100000000,13800.000000000,14100.000000000,43.425270720,52,1
4.000000000,4.100000000,14100.000000000,14400.000000000,44.277232220,58,1
4.000000000,4.100000000,14400.000000000,14700.000000000,43.177917136,47,1
4.000000000,4.100000000,14700.000000000,15000.000000000,44.512515753,52,1
4.000000000,4.100000000,15000.000000000,15300.000000000,45.215922450,44,1
4.000000000,4.100000000,15300.000000000,15600.000000000,43.629734703,54,1
4.000000000,4.100000000,15600.000000000,15900.000000000,43.484523229,51,1
4.000000000,4.100000000,15900.000000000,16200.000000000,43.209123100,62,1
4.000000000,4.100000000,16200.000000000,16500.000000000,43.675984938,45,1
4.000000000,4.100000000,16500.000000000,16800.000000000,40.028094919,54,1
4.000000000,4.100000000,16800.000000000,17100.000000000,42.345286332,42,1
4.000000000,4.100000000,17100.000000000,17400.000000000,41.219612944,54,1
4.000000000,4.100000000,17400.000000000,17700.000000000,43.382238003,58,1
4.000000000,4.100000000,17700.000000000,18000.000000000,44.008831534,48,1
4.000000000,4.100000000,18000.000000000,18300.000000000,42.595972552,47,1
4.000000000,4.100000000,18300.000000000,18600.000000000,42.371855925,52,1
4.000000000,4.100000000,18600.000000000,18900.000000000,44.097531557,45,1
4.000000000,4.100000000,18900.000000000,19200.000000000,41.274145440,53,1
4.000000000,4.100000000,19200.000000000,19500.000000000,44.044876555,48,1
4.000000000,4.100000000,19500.000000000,19800.000000000,41.962776229,50,1
4.000000000,4.100000000,19800.000000000,20100.000000000,42.506634596,55,1
4.000000000,4.100000000,20100.000000000,20400.000000000,43.572675225,51,1
4.000000000,4.100000000,20400.000000000,20700.000000000,42.927019424,49,1
4.000000000,4.100000000,20700.000000000,21000.000000000,41.667436377,48,1
4.000000000,4.100000000,21000.000000000,21300.000000000,44.920556544,49,1
4.000000000,4.100000000,21300.000000000,21600.000000000,44.164427118,54,1
4.100000000,4.200000000,0.000000000,300.000000000,56.214755000,1,1
4.100000000,4.200000000,300.000000000,600.000000000,42.276909516,41,1
4.100000000,4.200000000,600.000000000,900.000000000,46.303123177,49,1
4.100000000,4.200000000,900.000000000,1200.000000000,41.318801733,52,1
4.100000000,4.200000000,1200.000000000,1500.000000000,43.103332964,45,1
4.100000000,4.200000000,1500.000000000,1800.000000000,42.676807437,53,1
4.100000000,4.200000000,1800.000000000,2100.000000000,42.880071818,54,1
4.100000000,4.200000000,2100.000000000,2400.000000000,43.021416291,48,1
4.100000000,4.200000000,2400.000000000,2700.000000000,45.475668736,52,1
4.100000000,4.200000000,2700.000000000,3000.000000000,43.848358993,53,1
4.100000000,4.200000000,3000.000000000,3300.000000000,43.730415647,49,1
4.100000000,4.200000000,3300.000000000,3600.000000000,42.826003080,52,1
4.100000000,4.200000000,3600.000000000,3900.000000000,43.051998742,52,1
4.100000000,4.200000000,3900.000000000,4200.000000000,41.911835935,57,1
4.100000000,4.200000000,4200.000000000,4500.000000000,40.678866355,50,1
4.100000000,4.200000000,4500.000000000,4800.000000000,39.597563703,57,1
4.100000000,4.200000000,4800.000000000,5100.000000000,42.642071403,57,1
4.100000000,4.200000000,5100.000000000,5400.000000000,43.640671577,52,1
4.100000000,4.200000000,5400.000000000,5700.000000000,42.033195311,51,1
4.100000000,4.200000000,5700.000000000,6000.000000000,43.727494069,54,1
4.100000000,4.200000000,6000.000000000,6300.000000000,42.947533376,56,1
4.100000000,4.200000000,6300.000000000,6600.000000000,45.021011981,51,1
4.100000000,4.200000000,6600.000000000,6900.000000000,44.700571075,51,1
4.100000000,4.200000000,6900.000000000,7200.000000000,41.120428824,52,1
4.100000000,4.200000000,7200.000000000,7500.000000000,42.410012377,56,1
4.100000000,4.200000000,7500.000000000,7800.000000000,42.582279380,46,1
4.100000000,4.200000000,7800.000000000,8100.000000000,44.819885295,50,1
4.100000000,4.200000000,8100.000000000,8400.000000000,42.716858870,62,1
4.100000000,4.200000000,8400.000000000,8700.000000000,39.928617427,47,1
4.100000000,4.200000000,8700.000000000,9000.000000000,45.008456973,49,1
4.100000000,4.200000000,9000.000000000,9300.000000000,42.382608370,49,1
4.100000000,4.200000000,9300.000000000,9600.000000000,42.181572293,56,1
4.100000000,4.200000000,9600.000000000,9900.000000000,44.449245440,49,1
4.100000000,4.200000000,9900.000000000,10200.000000000,44.913221277,53,1
4.100000000,4.200000000,10200.000000000,10500.000000000,44.768182725,55,1
4.100000000,4.200000000,10500.000000000,10800.000000000,43.787619585,46,1
4.100000000,4.200000000,10800.000000000,11100.000000000,41.191939392,54,1
4.100000000,4.200000000,11100.000000000,11400.000000000,40.363250758,45,1
4.100000000,4.200000000,11400.000000000,11700.000000000,43.847739863,51,1
4.100000000,4.200000000,11700.000000000,12000.000000000,41.114712535,47,1
4.100000000,4.200000000,12000.000000000,12300.000000000,43.281811072,60,1
4.100000000,4.200000000,12300.000000000,12600.000000000,43.145894864,45,1
4.100000000,4.200000000,12600.000000000,12900.000000000,41.665303490,56,1
4.100000000,4.200000000,12900.000000000,13200.000000000,44.555265026,46,1
4.100000000,4.200000000,13200.000000000,13500.000000000,42.112341599,47,1
4.100000000,4.200000000,13500.000000000,13800.000000000,45.884514300,48,1
4.100000000,4.200000000,13800.000000000,14100.000000000,43.883907767,50,1
4.100000000,4.200000000,14100.000000000,14400.000000000,44.293456237,58,1
4.100000000,4.200000000,14400.000000000,14700.000000000,42.280512751,47,1
4.100000000,4.200000000,14700.000000000,15000.000000000,44.026810194,50,1
4.100000000,4.200000000,15000.000000000,15300.000000000,45.603269975,46,1
4.100000000,4.200000000,15300.000000000,15600.000000000,44.331747566,50,1
4.100000000,4.200000000,15600.000000000,15900.000000000,43.559573655,50,1
4.100000000,4.200000000,15900.000000000,16200.000000000,43.488873782,63,1
4.100000000,4.200000000,16200.000000000,16500.000000000,44.531152937,45,1
4.100000000,4.200000000,16500.000000000,16800.000000000,41.424502578,50,1
4.100000000,4.200000000,16800.000000000,17100.000000000,41.478139793,46,1
4.100000000,4.200000000,17100.000000000,17400.000000000,41.622598474,50,1
4.100000000,4.200000000,17400.000000000,17700.000000000,42.136410394,58,1
4.100000000,4.200000000,17700.000000000,18000.000000000,43.983905147,51,1
4.100000000,4.200000000,18000.000000000,18300.000000000,42.204009764,47,1
4.100000000,4.200000000,18300.000000000,18600.000000000,42.139499490,52,1
4.100000000,4.200000000,18600.000000000,18900.000000000,44.537925370,46,1
4.100000000,4.200000000,18900.000000000,19200.000000000,41.480591412,51,1
4.100000000,4.200000000,19200.000000000,19500.000000000,44.284427124,51,1
4.100000000,4.200000000,19500.000000000,19800.000000000,43.212612965,50,1
4.100000000,4.200000000,19800.000000000,20100.000000000,42.366903991,55,1
4.100000000,4.200000000,20100.000000000,20400.000000000,44.341604360,51,1
4.100000000,4.200000000,20400.000000000,20700.000000000,43.877457551,51,1
4.100000000,4.200000000,20700.000000000,21000.000000000,41.859187138,48,1
4.100000000,4.200000000,21000.000000000,21300.000000000,44.009305508,49,1
4.100000000,4.200000000,21300.000000000,21600.000000000,43.934122556,50,1
4.200000000,4.300000000,0.000000000,300.000000000,57.611832500,1,1
4.200000000,4.300000000,300.000000000,600.000000000,43.201723184,41,1
4.200000000,4.300000000,600.000000000,900.000000000,45.770724409,49,1
4.200000000,4.300000000,900.000000000,1200.000000000,41.057167129,56,1
4.200000000,4.300000000,1200.000000000,1500.000000000,43.900664752,43,1
4.200000000,4.300000000,1500.000000000,1800.000000000,42.483746117,50,1
4.200000000,4.300000000,1800.000000000,2100.000000000,42.815912052,56,1
4.200000000,4.300000000,2100.000000000,2400.000000000,42.541988180,49,1
4.200000000,4.300000000,2400.000000000,2700.000000000,45.946331774,48,1
4.200000000,4.300000000,2700.000000000,3000.000000000,44.364716740,54,1
4.200000000,4.300000000,3000.000000000,3300.000000000,43.434855193,45,1
4.200000000,4.300000000,3300.000000000,3600.000000000,41.880925981,55,1
4.200000000,4.300000000,3600.000000000,3900.000000000,42.581977238,52,1
4.200000000,4.300000000,3900.000000000,4200.000000000,42.463316447,55,1
4.200000000,4.300000000,4200.000000000,4500.000000000,41.948151357,49,1
4.200000000,4.300000000,4500.000000000,4800.000000000,38.739259405,58,1
4.200000000,4.300000000,4800.000000000,5100.000000000,43.274895559,60,1
4.200000000,4.300000000,5100.000000000,5400.000000000,44.628267047,48,1
4.200000000,4.300000000,5400.000000000,5700.000000000,43.553017560,50,1
4.200000000,4.300000000,5700.000000000,6000.000000000,43.728807878,53,1
4.200000000,4.300000000,6000.000000000,6300.000000000,43.674515097,54,1
4.200000000,4.300000000,6300.000000000,6600.000000000,44.156156599,52,1
4.200000000,4.300000000,6600.000000000,6900.000000000,43.561617862,55,1
4.200000000,4.300000000,6900.000000000,7200.000000000,40.991237408,50,1
4.200000000,4.300000000,7200.000000000,7500.000000000,41.114577707,56,1
4.200000000,4.300000000,7500.000000000,7800.000000000,43.308798103,49,1
4.200000000,4.300000000,7800.000000000,8100.000000000,44.916995672,47,1
4.200000000,4.300000000,8100.000000000,8400.000000000,42.854327020,62,1
4.200000000,4.300000000,8400.000000000,8700.000000000,38.731089789,47,1
4.200000000,4.300000000,8700.000000000,9000.000000000,44.552850681,50,1
4.200000000,4.300000000,9000.000000000,9300.000000000,41.914819244,48,1
4.200000000,4.300000000,9300.000000000,9600.000000000,41.796519740,60,1
4.200000000,4.300000000,9600.000000000,9900.000000000,44.017775080,47,1
4.200000000,4.300000000,9900.000000000,10200.000000000,44.903719513,53,1
4.200000000,4.300000000,10200.000000000,10500.000000000,44.232667320,52,1
4.200000000,4.300000000,10500.000000000,10800.000000000,44.549745314,48,1
4.200000000,4.300000000,10800.000000000,11100.000000000,42.170342336,54,1
4.200000000,4.300000000,11100.000000000,11400.000000000,39.305625710,43,1
4.200000000,4.300000000,11400.000000000,11700.000000000,45.073248698,53,1
4.200000000,4.300000000,11700.000000000,12000.000000000,41.162958090,47,1
4.200000000,4.300000000,12000.000000000,12300.000000000,44.080424013,60,1
4.200000000,4.300000000,12300.000000000,12600.000000000,44.391764731,47,1
4.200000000,4.300000000,12600.000000000,12900.000000000,41.151622293,56,1
4.200000000,4.300000000,12900.000000000,13200.000000000,43.931777860,46,1
4.200000000,4.300000000,13200.000000000,13500.000000000,42.569960436,45,1
4.200000000,4.300000000,13500.000000000,13800.000000000,45.595672468,49,1
4.200000000,4.300000000,13800.000000000,14100.000000000,44.073654945,51,1
4.200000000,4.300000000,14100.000000000,14400.000000000,43.068446197,59,1
4.200000000,4.300000000,14400.000000000,14700.000000000,42.037417690,51,1
4.200000000,4.300000000,14700.000000000,15000.000000000,43.348141682,48,1
4.200000000,4.300000000,15000.000000000,15300.000000000,45.582664945,46,1
4.200000000,4.300000000,15300.000000000,15600.000000000,44.770410808,48,1
4.200000000,4.300000000,15600.000000000,15900.000000000,43.697584571,49,1
4.200000000,4.300000000,15900.000000000,16200.000000000,43.096327172,63,1
4.200000000,4.300000000,16200.000000000,16500.000000000,44.699784170,48,1
4.200000000,4.300000000,16500.000000000,16800.000000000,41.590755941,46,1
4.200000000,4.300000000,16800.000000000,17100.000000000,41.362989818,50,1
4.200000000,4.300000000,17100.000000000,17400.000000000,41.868402560,48,1
4.200000000,4.300000000,17400.000000000,17700.000000000,41.936997619,55,1
4.200000000,4.300000000,17700.000000000,18000.000000000,44.230478413,55,1
4.200000000,4.300000000,18000.000000000,18300.000000000,42.711244634,46,1
4.200000000,4.300000000,18300.000000000,18600.000000000,42.742521880,53,1
4.200000000,4.300000000,18600.000000000,18900.000000000,44.548619497,47,1
4.200000000,4.300000000,18900.000000000,19200.000000000,42.497546863,50,1
4.200000000,4.300000000,19200.000000000,19500.000000000,44.578019283,51,1
4.200000000,4.300000000,19500.000000000,19800.000000000,43.671321421,50,1
4.200000000,4.300000000,19800.000000000,20100.000000000,41.157616693,53,1
4.200000000,4.300000000,20100.000000000,20400.000000000,43.840826756,50,1
4.200000000,4.300000000,20400.000000000,20700.000000000,42.243411685,51,1
4.200000000,4.300000000,20700.000000000,21000.000000000,40.937661330,50,1
4.200000000,4.300000000,21000.000000000,21300.000000000,43.946021172,51,1
4.200000000,4.300000000,21300.000000000,21600.000000000,43.485624530,48,1
4.300000000,4.400000000,0.000000000,300.000000000,55.672908000,1,1
4.300000000,4.400000000,300.000000000,600.000000000,43.270704890,40,1
4.300000000,4.400000000,600.000000000,900.000000000,45.530694536,49,1
4.300000000,4.400000000,900.000000000,1200.000000000,40.058609915,58,1
4.300000000,4.400000000,1200.000000000,1500.000000000,43.473058278,46,1
4.300000000,4.400000000,1500.000000000,1800.000000000,42.545368759,47,1
4.300000000,4.400000000,1800.000000000,2100.000000000,43.620032356,55,1
4.300000000,4.400000000,2100.000000000,2400.000000000,43.577816371,53,1
4.300000000,4.400000000,2400.000000000,2700.000000000,46.064033581,48,1
4.300000000,4.400000000,2700.000000000,3000.000000000,44.048546286,54,1
4.300000000,4.400000000,3000.000000000,3300.000000000,44.179022603,43,1
4.300000000,4.400000000,3300.000000000,3600.000000000,41.529485193,53,1
4.300000000,4.400000000,3600.000000000,3900.000000000,43.100170743,51,1
4.300000000,4.400000000,3900.000000000,4200.000000000,42.154723733,52,1
4.300000000,4.400000000,4200.000000000,4500.000000000,43.363825830,46,1
4.300000000,4.400000000,4500.000000000,4800.000000000,39.322297119,57,1
4.300000000,4.400000000,4800.000000000,5100.000000000,43.915328493,63,1
4.300000000,4.400000000,5100.000000000,5400.000000000,45.542906213,49,1
4.300000000,4.400000000,5400.000000000,5700.000000000,43.691225674,54,1
4.300000000,4.400000000,5700.000000000,6000.000000000,44.886358382,52,1
4.300000000,4.400000000,6000.000000000,6300.000000000,43.995328176,51,1
4.300000000,4.400000000,6300.000000000,6600.000000000,43.188326422,51,1
4.300000000,4.400000000,6600.000000000,6900.000000000,42.217944714,56,1
4.300000000,4.400000000,6900.000000000,7200.000000000,41.286944857,54,1
4.300000000,4.400000000,7200.000000000,7500.000000000,39.320482247,52,1
4.300000000,4.400000000,7500.000000000,7800.000000000,43.973923410,51,1
4.300000000,4.400000000,7800.000000000,8100.000000000,43.315040945,48,1
4.300000000,4.400000000,8100.000000000,8400.000000000,42.801072162,59,1
4.300000000,4.400000000,8400.000000000,8700.000000000,39.290121100,46,1
4.300000000,4.400000000,8700.000000000,9000.000000000,43.883060596,52,1
4.300000000,4.400000000,9000.000000000,9300.000000000,41.183125719,44,1
4.300000000,4.400000000,9300.000000000,9600.000000000,42.177308762,61,1
4.300000000,4.400000000,9600.000000000,9900.000000000,44.581299807,47,1
4.300000000,4.400000000,9900.000000000,10200.000000000,44.077347831,53,1
4.300000000,4.400000000,10200.000000000,10500.000000000,44.675143081,50,1
4.300000000,4.400000000,10500.000000000,10800.000000000,44.594650250,48,1
4.300000000,4.400000000,10800.000000000,11100.000000000,42.678307493,54,1
4.300000000,4.400000000,11100.000000000,11400.000000000,39.961192481,42,1
4.300000000,4.400000000,11400.000000000,11700.000000000,44.409301887,54,1
4.300000000,4.400000000,11700.000000000,12000.000000000,41.148178997,47,1
4.300000000,4.400000000,12000.000000000,12300.000000000,44.220597945,58,1
4.300000000,4.400000000,12300.000000000,12600.000000000,43.841529746,50,1
4.300000000,4.400000000,12600.000000000,12900.000000000,40.726824163,56,1
4.300000000,4.400000000,12900.000000000,13200.000000000,43.370598945,48,1
4.300000000,4.400000000,13200.000000000,13500.000000000,43.752311329,42,1
4.300000000,4.400000000,13500.000000000,13800.000000000,45.571350885,50,1
4.300000000,4.400000000,13800.000000000,14100.000000000,43.304888590,49,1
4.300000000,4.400000000,14100.000000000,14400.000000000,42.174965261,58,1
4.300000000,4.400000000,14400.000000000,14700.000000000,41.999091557,55,1
4.300000000,4.400000000,14700.000000000,15000.000000000,43.518600315,51,1
4.300000000,4.400000000,15000.000000000,15300.000000000,44.734233266,46,1
4.300000000,4.400000000,15300.000000000,15600.000000000,44.362361619,50,1
4.300000000,4.400000000,15600.000000000,15900.000000000,44.661349626,49,1
4.300000000,4.400000000,15900.000000000,16200.000000000,42.558323748,60,1
4.300000000,4.400000000,16200.000000000,16500.000000000,45.008079222,51,1
4.300000000,4.400000000,16500.000000000,16800.000000000,39.941510510,44,1
4.300000000,4.400000000,16800.000000000,17100.000000000,41.774703405,49,1
4.300000000,4.400000000,17100.000000000,17400.000000000,41.607568391,52,1
4.300000000,4.400000000,17400.000000000,17700.000000000,42.532304646,50,1
4.300000000,4.400000000,17700.000000000,18000.000000000,43.747071183,59,1
4.300000000,4.400000000,18000.000000000,18300.000000000,41.673923991,47,1
4.300000000,4.400000000,18300.000000000,18600.000000000,42.044479891,54,1
4.300000000,4.400000000,18600.000000000,18900.000000000,44.469655787,47,1
4.300000000,4.400000000,18900.000000000,19200.000000000,43.082252961,50,1
4.300000000,4.400000000,19200.000000000,19500.000000000,45.494907995,51,1
4.300000000,4.400000000,19500.000000000,19800.000000000,43.117908852,50,1
4.300000000,4.400000000,19800.000000000,20100.000000000,41.222045715,52,1
4.300000000,4.400000000,20100.000000000,20400.000000000,44.415569027,50,1
4.300000000,4.400000000,20400.000000000,20700.000000000,40.299843723,48,1
4.300000000,4.400000000,20700.000000000,21000.000000000,39.881420748,50,1
4.300000000,4.400000000,21000.000000000,21300.000000000,44.235000795,54,1
4.300000000,4.400000000,21300.000000000,21600.000000000,43.454431714,52,1
4.400000000,4.500000000,0.000000000,300.000000000,54.621422143,1,1
4.400000000,4.500000000,300.000000000,600.000000000,42.809691948,37,1
4.400000000,4.500000000,600.000000000,900.000000000,45.484969751,46,1
4.400000000,4.500000000,900.000000000,1200.000000000,39.370044940,57,1
4.400000000,4.500000000,1200.000000000,1500.000000000,42.966958528,49,1
4.400000000,4.500000000,1500.000000000,1800.000000000,42.369932268,46,1
4.400000000,4.500000000,1800.000000000,2100.000000000,44.090299272,51,1
4.400000000,4.500000000,2100.000000000,2400.000000000,44.119635872,54,1
4.400000000,4.500000000,2400.000000000,2700.000000000,45.394656667,51,1
4.400000000,4.500000000,2700.000000000,3000.000000000,43.305775137,54,1
4.400000000,4.500000000,3000.000000000,3300.000000000,44.841196492,45,1
4.400000000,4.500000000,3300.000000000,3600.000000000,40.925696261,52,1
4.400000000,4.500000000,3600.000000000,3900.000000000,41.987400942,51,1
4.400000000,4.500000000,3900.000000000,4200.000000000,42.113010654,51,1
4.400000000,4.500000000,4200.000000000,4500.000000000,43.680509210,43,1
4.400000000,4.500000000,4500.000000000,4800.000000000,40.978048127,55,1
4.400000000,4.500000000,4800.000000000,5100.000000000,44.137465607,59,1
4.400000000,4.500000000,5100.000000000,5400.000000000,45.677656685,47,1
4.400000000,4.500000000,5400.000000000,5700.000000000,43.403233486,54,1
4.400000000,4.500000000,5700.000000000,6000.000000000,45.521766597,52,1
4.400000000,4.500000000,6000.000000000,6300.000000000,44.237187728,49,1
4.400000000,4.500000000,6300.000000000,6600.000000000,43.555265221,48,1
4.400000000,4.500000000,6600.000000000,6900.000000000,41.858708948,55,1
4.400000000,4.500000000,6900.000000000,7200.000000000,41.983435085,57,1
4.400000000,4.500000000,7200.000000000,7500.000000000,38.707216474,50,1
4.400000000,4.500000000,7500.000000000,7800.000000000,44.355558615,51,1
4.400000000,4.500000000,7800.000000000,8100.000000000,41.174006222,50,1
4.400000000,4.500000000,8100.000000000,8400.000000000,42.620357480,57,1
4.400000000,4.500000000,8400.000000000,8700.000000000,39.788053324,43,1
4.400000000,4.500000000,8700.000000000,9000.000000000,43.942139953,54,1
4.400000000,4.500000000,9000.000000000,9300.000000000,41.813486638,46,1
4.400000000,4.500000000,9300.000000000,9600.000000000,42.654731543,61,1
4.400000000,4.500000000,9600.000000000,9900.000000000,44.729663921,48,1
4.400000000,4.500000000,9900.000000000,10200.000000000,44.785154229,53,1
4.400000000,4.500000000,10200.000000000,10500.000000000,44.347812847,53,1
4.400000000,4.500000000,10500.000000000,10800.000000000,43.899800169,47,1
4.400000000,4.500000000,10800.000000000,11100.000000000,42.370573878,56,1
4.400000000,4.500000000,11100.000000000,11400.000000000,40.605341684,44,1
4.400000000,4.500000000,11400.000000000,11700.000000000,43.768898732,56,1
4.400000000,4.500000000,11700.000000000,12000.000000000,41.645424892,45,1
4.400000000,4.500000000,12000.000000000,12300.000000000,44.192469935,57,1
4.400000000,4.500000000,12300.000000000,12600.000000000,43.165897911,53,1
4.400000000,4.500000000,12600.000000000,12900.000000000,40.615779050,54,1
4.400000000,4.500000000,12900.000000000,13200.000000000,43.739881602,49,1
4.400000000,4.500000000,13200.000000000,13500.000000000,43.937244452,44,1
4.400000000,4.500000000,13500.000000000,13800.000000000,45.541615428,50,1
4.400000000,4.500000000,13800.000000000,14100.000000000,42.902286516,46,1
4.400000000,4.500000000,14100.000000000,14400.000000000,42.058170046,57,1
4.400000000,4.500000000,14400.000000000,14700.000000000,41.710115384,55,1
4.400000000,4.500000000,14700.000000000,15000.000000000,43.401133271,55,1
4.400000000,4.500000000,15000.000000000,15300.000000000,44.227362200,43,1
4.400000000,4.500000000,15300.000000000,15600.000000000,44.278156904,52,1
4.400000000,4.500000000,15600.000000000,15900.000000000,44.390512103,49,1
4.400000000,4.500000000,15900.000000000,16200.000000000,41.668312053,56,1
4.400000000,4.500000000,16200.000000000,16500.000000000,45.854677656,53,1
4.400000000,4.500000000,16500.000000000,16800.000000000,40.130716466,47,1
4.400000000,4.500000000,16800.000000000,17100.000000000,42.530534991,46,1
4.400000000,4.500000000,17100.000000000,17400.000000000,40.790213917,52,1
4.400000000,4.500000000,17400.000000000,17700.000000000,42.240688461,47,1
4.400000000,4.500000000,17700.000000000,18000.000000000,43.480943366,58,1
4.400000000,4.500000000,18000.000000000,18300.000000000,41.717782202,46,1
4.400000000,4.500000000,18300.000000000,18600.000000000,41.996961530,56,1
4.400000000,4.500000000,18600.000000000,18900.000000000,43.894262964,48,1
4.400000000,4.500000000,18900.000000000,19200.000000000,43.498378296,51,1
4.400000000,4.500000000,19200.000000000,19500.000000000,45.672423111,53,1
4.400000000,4.500000000,19500.000000000,19800.000000000,43.050966938,51,1
4.400000000,4.500000000,19800.000000000,20100.000000000,41.883114205,54,1
4.400000000,4.500000000,20100.000000000,20400.000000000,44.238515198,54,1
4.400000000,4.500000000,20400.000000000,20700.000000000,40.093102145,47,1
4.400000000,4.500000000,20700.000000000,21000.000000000,40.629548772,48,1
4.400000000,4.500000000,21000.000000000,21300.000000000,43.875429358,54,1
4.400000000,4.500000000,21300.000000000,21600.000000000,43.357958492,53,1
4.500000000,4.600000000,0.000000000,300.000000000,53.985406286,1,1
4.500000000,4.600000000,300.000000000,600.000000000,41.962301497,37,1
4.500000000,4.600000000,600.000000000,900.000000000,45.794964038,43,1
4.500000000,4.600000000,900.000000000,1200.000000000,39.613668973,54,1
4.500000000,4.600000000,1200.000000000,1500.000000000,42.933650592,53,1
4.500000000,4.600000000,1500.000000000,1800.000000000,42.353750272,48,1
4.500000000,4.600000000,1800.000000000,2100.000000000,44.954562535,53,1
4.500000000,4.600000000,2100.000000000,2400.000000000,44.923132480,51,1
4.500000000,4.600000000,2400.000000000,2700.000000000,44.604571666,53,1
4.500000000,4.600000000,2700.000000000,3000.000000000,43.626552367,51,1
4.500000000,4.600000000,3000.000000000,3300.000000000,44.448456991,49,1
4.500000000,4.600000000,3300.000000000,3600.000000000,40.886237437,55,1
4.500000000,4.600000000,3600.000000000,3900.000000000,41.017418169,51,1
4.500000000,4.600000000,3900.000000000,4200.000000000,42.803990746,55,1
4.500000000,4.600000000,4200.000000000,4500.000000000,42.985130526,43,1
4.500000000,4.600000000,4500.000000000,4800.000000000,41.740897451,55,1
4.500000000,4.600000000,4800.000000000,5100.000000000,43.844932410,57,1
4.500000000,4.600000000,5100.000000000,5400.000000000,45.600891091,51,1
4.500000000,4.600000000,5400.000000000,5700.000000000,43.468889414,53,1
4.500000000,4.600000000,5700.000000000,6000.000000000,44.320687329,56,1
4.500000000,4.600000000,6000.000000000,6300.000000000,43.873484643,50,1
4.500000000,4.600000000,6300.000000000,6600.000000000,44.220677541,48,1
4.500000000,4.600000000,6600.000000000,6900.000000000,42.274852442,52,1
4.500000000,4.600000000,6900.000000000,7200.000000000,41.801729749,57,1
4.500000000,4.600000000,7200.000000000,7500.000000000,38.875889132,50,1
4.500000000,4.600000000,7500.000000000,7800.000000000,43.774954652,51,1
4.500000000,4.600000000,7800.000000000,8100.000000000,39.757359472,51,1
4.500000000,4.600000000,8100.000000000,8400.000000000,42.572759693,56,1
4.500000000,4.600000000,8400.000000000,8700.000000000,40.093161042,45,1
4.500000000,4.600000000,8700.000000000,9000.000000000,43.999922879,51,1
4.500000000,4.600000000,9000.000000000,9300.000000000,42.014567495,49,1
4.500000000,4.600000000,9300.000000000,9600.000000000,43.356196978,60,1
4.500000000,4.600000000,9600.000000000,9900.000000000,44.994620015,48,1
4.500000000,4.600000000,9900.000000000,10200.000000000,44.588127454,50,1
4.500000000,4.600000000,10200.000000000,10500.000000000,42.492887792,56,1
4.500000000,4.600000000,10500.000000000,10800.000000000,42.811601407,44,1
4.500000000,4.600000000,10800.000000000,11100.000000000,43.347931164,52,1
4.500000000,4.600000000,11100.000000000,11400.000000000,42.088619351,46,1
4.500000000,4.600000000,11400.000000000,11700.000000000,43.187459630,60,1
4.500000000,4.600000000,11700.000000000,12000.000000000,42.495073476,44,1
4.500000000,4.600000000,12000.000000000,12300.000000000,43.858991700,56,1
4.500000000,4.600000000,12300.000000000,12600.000000000,43.166911189,57,1
4.500000000,4.600000000,12600.000000000,12900.000000000,41.416644177,52,1
4.500000000,4.600000000,12900.000000000,13200.000000000,43.353377396,50,1
4.500000000,4.600000000,13200.000000000,13500.000000000,44.041906057,47,1
4.500000000,4.600000000,13500.000000000,13800.000000000,44.876294498,50,1
4.500000000,4.600000000,13800.000000000,14100.000000000,43.112921260,43,1
4.500000000,4.600000000,14100.000000000,14400.000000000,41.869838039,58,1
4.500000000,4.600000000,14400.000000000,14700.000000000,42.670795488,51,1
4.500000000,4.600000000,14700.000000000,15000.000000000,43.779614882,57,1
4.500000000,4.600000000,15000.000000000,15300.000000000,44.621443849,46,1
4.500000000,4.600000000,15300.000000000,15600.000000000,42.566646037,52,1
4.500000000,4.600000000,15600.000000000,15900.000000000,43.168167811,49,1
4.500000000,4.600000000,15900.000000000,16200.000000000,40.802842712,54,1
4.500000000,4.600000000,16200.000000000,16500.000000000,46.680675191,53,1
4.500000000,4.600000000,16500.000000000,16800.000000000,41.686755274,50,1
4.500000000,4.600000000,16800.000000000,17100.000000000,41.055400064,46,1
4.500000000,4.600000000,17100.000000000,17400.000000000,40.910557080,52,1
4.500000000,4.600000000,17400.000000000,17700.000000000,42.721658678,46,1
4.500000000,4.600000000,17700.000000000,18000.000000000,43.023115819,57,1
4.500000000,4.600000000,18000.000000000,18300.000000000,43.575230473,45,1
4.500000000,4.600000000,18300.000000000,18600.000000000,42.152506390,56,1
4.500000000,4.600000000,18600.000000000,18900.000000000,44.163540133,51,1
4.500000000,4.600000000,18900.000000000,19200.000000000,43.724310895,52,1
4.500000000,4.600000000,19200.000000000,19500.000000000,45.055278024,52,1
4.500000000,4.600000000,19500.000000000,19800.000000000,43.135257771,48,1
4.500000000,4.600000000,19800.000000000,20100.000000000,42.252234037,53,1
4.500000000,4.600000000,20100.000000000,20400.000000000,43.274247089,55,1
4.500000000,4.600000000,20400.000000000,20700.000000000,41.246446524,46,1
4.500000000,4.600000000,20700.000000000,21000.000000000,41.156675546,48,1
4.500000000,4.600000000,21000.000000000,21300.000000000,45.135910221,56,1
4.500000000,4.600000000,21300.000000000,21600.000000000,43.074659784,52,1
4.600000000,4.700000000,0.000000000,300.000000000,55.338493500,1,1
4.600000000,4.700000000,300.000000000,600.000000000,42.405558011,38,1
4.600000000,4.700000000,600.000000000,900.000000000,45.038713132,44,1
4.600000000,4.700000000,900.000000000,1200.000000000,40.277399636,50,1
4.600000000,4.700000000,1200.000000000,1500.000000000,41.253593645,52,1
4.600000000,4.700000000,1500.000000000,1800.000000000,42.478434286,46,1
4.600000000,4.700000000,1800.000000000,2100.000000000,45.154941108,57,1
4.600000000,4.700000000,2100.000000000,2400.000000000,45.334772566,49,1
4.600000000,4.700000000,2400.000000000,2700.000000000,44.214870002,53,1
4.600000000,4.700000000,2700.000000000,3000.000000000,44.989182839,50,1
4.600000000,4.700000000,3000.000000000,3300.000000000,43.830261618,50,1
4.600000000,4.700000000,3300.000000000,3600.000000000,40.485242856,55,1
4.600000000,4.700000000,3600.000000000,3900.000000000,41.844786979,47,1
4.600000000,4.700000000,3900.000000000,4200.000000000,42.379515306,57,1
4.600000000,4.700000000,4200.000000000,4500.000000000,43.622989354,43,1
4.600000000,4.700000000,4500.000000000,4800.000000000,42.480871050,55,1
4.600000000,4.700000000,4800.000000000,5100.000000000,43.207577064,56,1
4.600000000,4.700000000,5100.000000000,5400.000000000,46.400839528,52,1
4.600000000,4.700000000,5400.000000000,5700.000000000,42.997300043,49,1
4.600000000,4.700000000,5700.000000000,6000.000000000,44.141346802,57,1
4.600000000,4.700000000,6000.000000000,6300.000000000,44.125643491,51,1
4.600000000,4.700000000,6300.000000000,6600.000000000,44.023313262,48,1
4.600000000,4.700000000,6600.000000000,6900.000000000,42.711424072,52,1
4.600000000,4.700000000,6900.000000000,7200.000000000,40.528533366,54,1
4.600000000,4.700000000,7200.000000000,7500.000000000,39.519234041,50,1
4.600000000,4.700000000,7500.000000000,7800.000000000,42.811295391,55,1
4.600000000,4.700000000,7800.000000000,8100.000000000,40.180141631,51,1
4.600000000,4.700000000,8100.000000000,8400.000000000,42.707802548,52,1
4.600000000,4.700000000,8400.000000000,8700.000000000,41.998719407,46,1
4.600000000,4.700000000,8700.000000000,9000.000000000,44.050629111,50,1
4.600000000,4.700000000,9000.000000000,9300.000000000,42.294238209,49,1
4.600000000,4.700000000,9300.000000000,9600.000000000,44.078880562,60,1
4.600000000,4.700000000,9600.000000000,9900.000000000,45.073394725,49,1
4.600000000,4.700000000,9900.000000000,10200.000000000,45.028300032,47,1
4.600000000,4.700000000,10200.000000000,10500.000000000,41.251229501,60,1
4.600000000,4.700000000,10500.000000000,10800.000000000,42.232489021,46,1
4.600000000,4.700000000,10800.000000000,11100.000000000,43.691653495,50,1
4.600000000,4.700000000,11100.000000000,11400.000000000,43.785446075,45,1
4.600000000,4.700000000,11400.000000000,11700.000000000,42.910998938,60,1
4.600000000,4.700000000,11700.000000000,12000.000000000,42.725388750,44,1
4.600000000,4.700000000,12000.000000000,12300.000000000,44.287600667,56,1
4.600000000,4.700000000,12300.000000000,12600.000000000,43.523708345,58,1
4.600000000,4.700000000,12600.000000000,12900.000000000,41.102561671,49,1
4.600000000,4.700000000,12900.000000000,13200.000000000,43.741885215,49,1
4.600000000,4.700000000,13200.000000000,13500.000000000,44.159131003,48,1
4.600000000,4.700000000,13500.000000000,13800.000000000,44.086148554,50,1
4.600000000,4.700000000,13800.000000000,14100.000000000,42.940853505,40,1
4.600000000,4.700000000,14100.000000000,14400.000000000,41.283501937,59,1
4.600000000,4.700000000,14400.000000000,14700.000000000,43.326834808,49,1
4.600000000,4.700000000,14700.000000000,15000.000000000,43.312385786,53,1
4.600000000,4.700000000,15000.000000000,15300.000000000,45.052236945,50,1
4.600000000,4.700000000,15300.000000000,15600.000000000,41.310997138,52,1
4.600000000,4.700000000,15600.000000000,15900.000000000,42.662955720,49,1
4.600000000,4.700000000,15900.000000000,16200.000000000,40.904320976,51,1
4.600000000,4.700000000,16200.000000000,16500.000000000,46.686033471,52,1
4.600000000,4.700000000,16500.000000000,16800.000000000,42.228630979,53,1
4.600000000,4.700000000,16800.000000000,17100.000000000,40.311504462,47,1
4.600000000,4.700000000,17100.000000000,17400.000000000,41.737886656,50,1
4.600000000,4.700000000,17400.000000000,17700.000000000,43.232720128,46,1
4.600000000,4.700000000,17700.000000000,18000.000000000,44.065620578,56,1
4.600000000,4.700000000,18000.000000000,18300.000000000,43.856451781,45,1
4.600000000,4.700000000,18300.000000000,18600.000000000,41.540815160,52,1
4.600000000,4.700000000,18600.000000000,18900.000000000,43.867439170,50,1
4.600000000,4.700000000,18900.000000000,19200.000000000,43.777655161,55,1
4.600000000,4.700000000,19200.000000000,19500.000000000,44.413398108,52,1
4.600000000,4.700000000,19500.000000000,19800.000000000,43.086538471,46,1
4.600000000,4.700000000,19800.000000000,20100.000000000,41.672204124,53,1
4.600000000,4.700000000,20100.000000000,20400.000000000,42.508043809,56,1
4.600000000,4.700000000,20400.000000000,20700.000000000,41.388011563,46,1
4.600000000,4.700000000,20700.000000000,21000.000000000,41.792753204,49,1
4.600000000,4.700000000,21000.000000000,21300.000000000,45.411685565,57,1
4.600000000,4.700000000,21300.000000000,21600.000000000,42.738487254,56,1
4.700000000,4.800000000,0.000000000,300.000000000,65.000000000,0,0
4.700000000,4.800000000,300.000000000,600.000000000,42.313559987,37,1
4.700000000,4.800000000,600.000000000,900.000000000,43.435427570,46,1
4.700000000,4.800000000,900.000000000,1200.000000000,39.729221576,49,1
4.700000000,4.800000000,1200.000000000,1500.000000000,40.872652805,52,1
4.700000000,4.800000000,1500.000000000,1800.000000000,42.506004702,42,1
4.700000000,4.800000000,1800.000000000,2100.000000000,44.263214752,57,1
4.700000000,4.800000000,2100.000000000,2400.000000000,45.503501697,50,1
4.700000000,4.800000000,2400.000000000,2700.000000000,44.030537969,50,1
4.700000000,4.800000000,2700.000000000,3000.000000000,44.570803793,48,1
4.700000000,4.800000000,3000.000000000,3300.000000000,43.841366540,51,1
4.700000000,4.800000000,3300.000000000,3600.000000000,40.001362228,56,1
4.700000000,4.800000000,3600.000000000,3900.000000000,43.090212239,50,1
4.700000000,4.800000000,3900.000000000,4200.000000000,41.992685706,57,1
4.700000000,4.800000000,4200.000000000,4500.000000000,42.957567226,46,1
4.700000000,4.800000000,4500.000000000,4800.000000000,42.006321367,54,1
4.700000000,4.800000000,4800.000000000,5100.000000000,43.621494959,58,1
4.700000000,4.800000000,5100.000000000,5400.000000000,46.965809573,51,1
4.700000000,4.800000000,5400.000000000,5700.000000000,42.659579789,50,1
4.700000000,4.800000000,5700.000000000,6000.000000000,44.375508324,56,1
4.700000000,4.800000000,6000.000000000,6300.000000000,44.778388657,52,1
4.700000000,4.800000000,6300.000000000,6600.000000000,43.863753758,48,1
4.700000000,4.800000000,6600.000000000,6900.000000000,42.147825717,53,1
4.700000000,4.800000000,6900.000000000,7200.000000000,40.597982635,53,1
4.700000000,4.800000000,7200.000000000,7500.000000000,40.112279308,48,1
4.700000000,4.800000000,7500.000000000,7800.000000000,41.807753723,58,1
4.700000000,4.800000000,7800.000000000,8100.000000000,41.471272214,51,1
4.700000000,4.800000000,8100.000000000,8400.000000000,43.216954311,52,1
4.700000000,4.800000000,8400.000000000,8700.000000000,42.370530637,44,1
4.700000000,4.800000000,8700.000000000,9000.000000000,43.859070871,54,1
4.700000000,4.800000000,9000.000000000,9300.000000000,42.609388648,49,1
4.700000000,4.800000000,9300.000000000,9600.000000000,45.105659822,60,1
4.700000000,4.800000000,9600.000000000,9900.000000000,44.756617227,52,1
4.700000000,4.800000000,9900.000000000,10200.000000000,45.463113286,43,1
4.700000000,4.800000000,10200.000000000,10500.000000000,42.258867534,57,1
4.700000000,4.800000000,10500.000000000,10800.000000000,42.575837923,47,1
4.700000000,4.800000000,10800.000000000,11100.000000000,42.800226947,47,1
4.700000000,4.800000000,11100.000000000,11400.000000000,43.532986191,45,1
4.700000000,4.800000000,11400.000000000,11700.000000000,43.221536476,58,1
4.700000000,4.800000000,11700.000000000,12000.000000000,43.035578547,45,1
4.700000000,4.800000000,12000.000000000,12300.000000000,43.289558654,55,1
4.700000000,4.800000000,12300.000000000,12600.000000000,43.775080996,58,1
4.700000000,4.800000000,12600.000000000,12900.000000000,41.880815684,51,1
4.700000000,4.800000000,12900.000000000,13200.000000000,44.468600399,48,1
4.700000000,4.800000000,13200.000000000,13500.000000000,43.688273134,51,1
4.700000000,4.800000000,13500.000000000,13800.000000000,42.621166500,51,1
4.700000000,4.800000000,13800.000000000,14100.000000000,42.443996070,42,1
4.700000000,4.800000000,14100.000000000,14400.000000000,41.493676136,59,1
4.700000000,4.800000000,14400.000000000,14700.000000000,41.920858684,49,1
4.700000000,4.800000000,14700.000000000,15000.000000000,42.844193288,50,1
4.700000000,4.800000000,15000.000000000,15300.000000000,44.283156437,53,1
4.700000000,4.800000000,15300.000000000,15600.000000000,41.204638260,52,1
4.700000000,4.800000000,15600.000000000,15900.000000000,42.976213969,49,1
4.700000000,4.800000000,15900.000000000,16200.000000000,40.565167084,48,1
4.700000000,4.800000000,16200.000000000,16500.000000000,47.110093754,49,1
4.700000000,4.800000000,16500.000000000,16800.000000000,43.368493133,52,1
4.700000000,4.800000000,16800.000000000,17100.000000000,40.879533675,48,1
4.700000000,4.800000000,17100.000000000,17400.000000000,41.664485679,48,1
4.700000000,4.800000000,17400.000000000,17700.000000000,43.064498134,46,1
4.700000000,4.800000000,17700.000000000,18000.000000000,45.320079355,55,1
4.700000000,4.800000000,18000.000000000,18300.000000000,43.888921346,46,1
4.700000000,4.800000000,18300.000000000,18600.000000000,40.412981392,50,1
4.700000000,4.800000000,18600.000000000,18900.000000000,42.954894258,51,1
4.700000000,4.800000000,18900.000000000,19200.000000000,43.323369625,55,1
4.700000000,4.800000000,19200.000000000,19500.000000000,44.153019427,50,1
4.700000000,4.800000000,19500.000000000,19800.000000000,42.977824916,49,1
4.700000000,4.800000000,19800.000000000,20100.000000000,41.712174119,50,1
4.700000000,4.800000000,20100.000000000,20400.000000000,41.953555063,56,1
4.700000000,4.800000000,20400.000000000,20700.000000000,42.909404495,43,1
4.700000000,4.800000000,20700.000000000,21000.000000000,42.784129352,48,1
4.700000000,4.800000000,21000.000000000,21300.000000000,45.593945673,53,1
4.700000000,4.800000000,21300.000000000,21600.000000000,42.900764022,56,1
4.800000000,4.900000000,0.000000000,300.000000000,65.000000000,0,0
4.800000000,4.900000000,300.000000000,600.000000000,42.576107648,35,1
4.800000000,4.900000000,600.000000000,900.000000000,42.789443688,46,1
4.800000000,4.900000000,900.000000000,1200.000000000,39.783738413,49,1
4.800000000,4.900000000,1200.000000000,1500.000000000,41.264800146,52,1
4.800000000,4.900000000,1500.000000000,1800.000000000,41.395314095,42,1
4.800000000,4.900000000,1800.000000000,2100.000000000,43.415778709,56,1
4.800000000,4.900000000,2100.000000000,2400.000000000,45.409446699,52,1
4.800000000,4.900000000,2400.000000000,2700.000000000,44.501081258,49,1
4.800000000,4.900000000,2700.000000000,3000.000000000,42.983146397,47,1
4.800000000,4.900000000,3000.000000000,3300.000000000,44.341891917,49,1
4.800000000,4.900000000,3300.000000000,3600.000000000,40.932696314,55,1
4.800000000,4.900000000,3600.000000000,3900.000000000,43.354175122,54,1
4.800000000,4.900000000,3900.000000000,4200.000000000,40.630175294,54,1
4.800000000,4.900000000,4200.000000000,4500.000000000,42.196475738,47,1
4.800000000,4.900000000,4500.000000000,4800.000000000,41.253337792,53,1
4.800000000,4.900000000,4800.000000000,5100.000000000,43.821605557,62,1
4.800000000,4.900000000,5100.000000000,5400.000000000,48.042328324,48,1
4.800000000,4.900000000,5400.000000000,5700.000000000,41.718467050,52,1
4.800000000,4.900000000,5700.000000000,6000.000000000,44.550556797,57,1
4.800000000,4.900000000,6000.000000000,6300.000000000,44.739272392,52,1
4.800000000,4.900000000,6300.000000000,6600.000000000,43.639137275,48,1
4.800000000,4.900000000,6600.000000000,6900.000000000,41.843553403,53,1
4.800000000,4.900000000,6900.000000000,7200.000000000,40.825002622,53,1
4.800000000,4.900000000,7200.000000000,7500.000000000,40.320346296,46,1
4.800000000,4.900000000,7500.000000000,7800.000000000,40.849596581,62,1
4.800000000,4.900000000,7800.000000000,8100.000000000,42.380865684,49,1
4.800000000,4.900000000,8100.000000000,8400.000000000,44.067354984,57,1
4.800000000,4.900000000,8400.000000000,8700.000000000,43.402141887,44,1
4.800000000,4.900000000,8700.000000000,9000.000000000,44.647701862,58,1
4.800000000,4.900000000,9000.000000000,9300.000000000,42.592561984,50,1
4.800000000,4.900000000,9300.000000000,9600.000000000,45.926288324,60,1
4.800000000,4.900000000,9600.000000000,9900.000000000,44.624551910,53,1
4.800000000,4.900000000,9900.000000000,10200.000000000,44.705460126,45,1
4.800000000,4.900000000,10200.000000000,10500.000000000,43.162856263,57,1
4.800000000,4.900000000,10500.000000000,10800.000000000,42.639181664,47,1
4.800000000,4.900000000,10800.000000000,11100.000000000,43.132264424,49,1
4.800000000,4.900000000,11100.000000000,11400.000000000,44.110322394,45,1
4.800000000,4.900000000,11400.000000000,11700.000000000,43.696354618,54,1
4.800000000,4.900000000,11700.000000000,12000.000000000,43.073318219,47,1
4.800000000,4.900000000,12000.000000000,12300.000000000,42.070298785,52,1
4.800000000,4.900000000,12300.000000000,12600.000000000,44.679802963,57,1
4.800000000,4.900000000,12600.000000000,12900.000000000,41.176015983,53,1
4.800000000,4.900000000,12900.000000000,13200.000000000,45.973970693,49,1
4.800000000,4.900000000,13200.000000000,13500.000000000,43.747169770,53,1
4.800000000,4.900000000,13500.000000000,13800.000000000,42.212811881,53,1
4.800000000,4.900000000,13800.000000000,14100.000000000,41.909546590,42,1
4.800000000,4.900000000,14100.000000000,14400.000000000,40.694361644,59,1
4.800000000,4.900000000,14400.000000000,14700.000000000,40.675451239,49,1
4.800000000,4.900000000,14700.000000000,15000.000000000,44.142499040,47,1
4.800000000,4.900000000,15000.000000000,15300.000000000,44.238047273,52,1
4.800000000,4.900000000,15300.000000000,15600.000000000,41.678324446,52,1
4.800000000,4.900000000,15600.000000000,15900.000000000,42.053508231,51,1
4.800000000,4.900000000,15900.000000000,16200.000000000,41.171907037,49,1
4.800000000,4.900000000,16200.000000000,16500.000000000,46.735320998,49,1
4.800000000,4.900000000,16500.000000000,16800.000000000,43.934027119,52,1
4.800000000,4.900000000,16800.000000000,17100.000000000,41.320745554,49,1
4.800000000,4.900000000,17100.000000000,17400.000000000,41.947699540,48,1
4.800000000,4.900000000,17400.000000000,17700.000000000,43.969076266,46,1
4.800000000,4.900000000,17700.000000000,18000.000000000,45.532433618,54,1
4.800000000,4.900000000,18000.000000000,18300.000000000,44.010128766,46,1
4.800000000,4.900000000,18300.000000000,18600.000000000,40.097775937,48,1
4.800000000,4.900000000,18600.000000000,18900.000000000,42.964971207,54,1
4.800000000,4.900000000,18900.000000000,19200.000000000,42.919124035,55,1
4.800000000,4.900000000,19200.000000000,19500.000000000,43.692033066,50,1
4.800000000,4.900000000,19500.000000000,19800.000000000,42.658186880,52,1
4.800000000,4.900000000,19800.000000000,20100.000000000,41.623360493,47,1
4.800000000,4.900000000,20100.000000000,20400.000000000,42.226876088,58,1
4.800000000,4.900000000,20400.000000000,20700.000000000,44.391372587,42,1
4.800000000,4.900000000,20700.000000000,21000.000000000,43.867448119,50,1
4.800000000,4.900000000,21000.000000000,21300.000000000,44.955999911,53,1
4.800000000,4.900000000,21300.000000000,21600.000000000,43.399028569,56,1
4.900000000,5.000000000,0.000000000,300.000000000,65.000000000,0,0
4.900000000,5.000000000,300.000000000,600.000000000,42.387235311,35,1
4.900000000,5.000000000,600.000000000,900.000000000,43.397282330,46,1
4.900000000,5.000000000,900.000000000,1200.000000000,38.411637481,52,1
4.900000000,5.000000000,1200.000000000,1500.000000000,41.871037681,53,1
4.900000000,5.000000000,1500.000000000,1800.000000000,43.009507084,43,1
4.900000000,5.000000000,1800.000000000,2100.000000000,42.611412607,54,1
4.900000000,5.000000000,2100.000000000,2400.000000000,45.679482269,55,1
4.900000000,5.000000000,2400.000000000,2700.000000000,44.363140777,51,1
4.900000000,5.000000000,2700.000000000,3000.000000000,41.685781256,46,1
4.900000000,5.000000000,3000.000000000,3300.000000000,43.822577429,49,1
4.900000000,5.000000000,3300.000000000,3600.000000000,42.075073346,53,1
4.900000000,5.000000000,3600.000000000,3900.000000000,43.115095933,57,1
4.900000000,5.000000000,3900.000000000,4200.000000000,40.204604576,50,1
4.900000000,5.000000000,4200.000000000,4500.000000000,42.121095149,47,1
4.900000000,5.000000000,4500.000000000,4800.000000000,40.491197981,54,1
4.900000000,5.000000000,4800.000000000,5100.000000000,44.239324426,62,1
4.900000000,5.000000000,5100.000000000,5400.000000000,48.006033011,44,1
4.900000000,5.000000000,5400.000000000,5700.000000000,41.989386135,54,1
4.900000000,5.000000000,5700.000000000,6000.000000000,44.382171471,60,1
4.900000000,5.000000000,6000.000000000,6300.000000000,44.422299038,51,1
4.900000000,5.000000000,6300.000000000,6600.000000000,44.260081678,51,1
4.900000000,5.000000000,6600.000000000,6900.000000000,40.742454323,51,1
4.900000000,5.000000000,6900.000000000,7200.000000000,40.560451596,53,1
4.900000000,5.000000000,7200.000000000,7500.000000000,38.953877929,47,1
4.900000000,5.000000000,7500.000000000,7800.000000000,40.363067964,62,1
4.900000000,5.000000000,7800.000000000,8100.000000000,42.422121161,47,1
4.900000000,5.000000000,8100.000000000,8400.000000000,43.851772970,56,1
4.900000000,5.000000000,8400.000000000,8700.000000000,43.889401233,45,1
4.900000000,5.000000000,8700.000000000,9000.000000000,45.493649742,56,1
4.900000000,5.000000000,9000.000000000,9300.000000000,42.470174782,49,1
4.900000000,5.000000000,9300.000000000,9600.000000000,45.141202331,63,1
4.900000000,5.000000000,9600.000000000,9900.000000000,44.941597517,51,1
4.900000000,5.000000000,9900.000000000,10200.000000000,44.266828938,46,1
4.900000000,5.000000000,10200.000000000,10500.000000000,42.684362965,56,1
4.900000000,5.000000000,10500.000000000,10800.000000000,42.747070202,49,1
4.900000000,5.000000000,10800.000000000,11100.000000000,43.359831342,49,1
4.900000000,5.000000000,11100.000000000,11400.000000000,43.855998168,45,1
4.900000000,5.000000000,11400.000000000,11700.000000000,44.011125005,50,1
4.900000000,5.000000000,11700.000000000,12000.000000000,42.730218873,48,1
4.900000000,5.000000000,12000.000000000,12300.000000000,42.842018359,51,1
4.900000000,5.000000000,12300.000000000,12600.000000000,45.653255652,55,1
4.900000000,5.000000000,12600.000000000,12900.000000000,39.448001385,53,1
4.900000000,5.000000000,12900.000000000,13200.000000000,46.950168742,47,1
4.900000000,5.000000000,13200.000000000,13500.000000000,42.562121659,52,1
4.900000000,5.000000000,13500.000000000,13800.000000000,43.107128885,54,1
4.900000000,5.000000000,13800.000000000,14100.000000000,42.887935748,43,1
4.900000000,5.000000000,14100.000000000,14400.000000000,41.670409073,58,1
4.900000000,5.000000000,14400.000000000,14700.000000000,41.030156461,49,1
4.900000000,5.000000000,14700.000000000,15000.000000000,43.703812228,49,1
4.900000000,5.000000000,15000.000000000,15300.000000000,43.450713386,52,1
4.900000000,5.000000000,15300.000000000,15600.000000000,41.322109613,51,1
4.900000000,5.000000000,15600.000000000,15900.000000000,42.843320290,50,1
4.900000000,5.000000000,15900.000000000,16200.000000000,42.087859690,51,1
4.900000000,5.000000000,16200.000000000,16500.000000000,45.787830147,49,1
4.900000000,5.000000000,16500.000000000,16800.000000000,43.853048655,50,1
4.900000000,5.000000000,16800.000000000,17100.000000000,40.938801602,51,1
4.900000000,5.000000000,17100.000000000,17400.000000000,41.806224860,48,1
4.900000000,5.000000000,17400.000000000,17700.000000000,43.025980265,46,1
4.900000000,5.000000000,17700.000000000,18000.000000000,44.872775515,54,1
4.900000000,5.000000000,18000.000000000,18300.000000000,43.887041827,45,1
4.900000000,5.000000000,18300.000000000,18600.000000000,41.511345411,48,1
4.900000000,5.000000000,18600.000000000,18900.000000000,42.121747415,54,1
4.900000000,5.000000000,18900.000000000,19200.000000000,42.667669475,53,1
4.900000000,5.000000000,19200.000000000,19500.000000000,43.465243186,49,1
4.900000000,5.000000000,19500.000000000,19800.000000000,42.559325681,53,1
4.900000000,5.000000000,19800.000000000,20100.000000000,41.780782035,47,1
4.900000000,5.000000000,20100.000000000,20400.000000000,41.574016476,56,1
4.900000000,5.000000000,20400.000000000,20700.000000000,44.263808635,44,1
4.900000000,5.000000000,20700.000000000,21000.000000000,44.002863017,49,1
4.900000000,5.000000000,21000.000000000,21300.000000000,44.510919052,54,1
4.900000000,5.000000000,21300.000000000,21600.000000000,43.501761256,55,1
5.000000000,5.100000000,0.000000000,300.000000000,65.000000000,0,0
5.000000000,5.100000000,300.000000000,600.000000000,41.171322753,35,1
5.000000000,5.100000000,600.000000000,900.000000000,43.675412453,45,1
5.000000000,5.100000000,900.000000000,1200.000000000,37.863233504,51,1
5.000000000,5.100000000,1200.000000000,1500.000000000,41.796970939,57,1
5.000000000,5.100000000,1500.000000000,1800.000000000,44.993234879,45,1
5.000000000,5.100000000,1800.000000000,2100.000000000,41.958695796,51,1
5.000000000,5.100000000,2100.000000000,2400.000000000,45.542057507,55,1
5.000000000,5.100000000,2400.000000000,2700.000000000,44.100007959,52,1
5.000000000,5.100000000,2700.000000000,3000.000000000,41.198087675,45,1
5.000000000,5.100000000,3000.000000000,3300.000000000,43.437297657,48,1
5.000000000,5.100000000,3300.000000000,3600.000000000,41.569861801,51,1
5.000000000,5.100000000,3600.000000000,3900.000000000,43.035149726,61,1
5.000000000,5.100000000,3900.000000000,4200.000000000,39.788967266,47,1
5.000000000,5.100000000,4200.000000000,4500.000000000,42.484424465,46,1
5.000000000,5.100000000,4500.000000000,4800.000000000,39.758338922,55,1
5.000000000,5.100000000,4800.000000000,5100.000000000,43.322166128,61,1
5.000000000,5.100000000,5100.000000000,5400.000000000,47.329764782,45,1
5.000000000,5.100000000,5400.000000000,5700.000000000,42.300270904,50,1
5.000000000,5.100000000,5700.000000000,6000.000000000,44.911963645,62,1
5.000000000,5.100000000,6000.000000000,6300.000000000,44.577548317,50,1
5.000000000,5.100000000,6300.000000000,6600.000000000,44.622954748,52,1
5.000000000,5.100000000,6600.000000000,6900.000000000,39.957809906,50,1
5.000000000,5.100000000,6900.000000000,7200.000000000,40.897880379,53,1
5.000000000,5.100000000,7200.000000000,7500.000000000,38.216167103,52,1
5.000000000,5.100000000,7500.000000000,7800.000000000,41.431442966,59,1
5.000000000,5.100000000,7800.000000000,8100.000000000,41.529727804,49,1
5.000000000,5.100000000,8100.000000000,8400.000000000,43.547415433,52,1
5.000000000,5.100000000,8400.000000000,8700.000000000,43.263761095,47,1
5.000000000,5.100000000,8700.000000000,9000.000000000,45.837603179,53,1
5.000000000,5.100000000,9000.000000000,9300.000000000,42.858020385,47,1
5.000000000,5.100000000,9300.000000000,9600.000000000,44.226487278,64,1
5.000000000,5.100000000,9600.000000000,9900.000000000,44.741517724,53,1
5.000000000,5.100000000,9900.000000000,10200.000000000,44.198349920,46,1
5.000000000,5.100000000,10200.000000000,10500.000000000,42.253318661,53,1
5.000000000,5.100000000,10500.000000000,10800.000000000,43.671529522,51,1
5.000000000,5.100000000,10800.000000000,11100.000000000,43.985906561,49,1
5.000000000,5.100000000,11100.000000000,11400.000000000,43.021868649,48,1
5.000000000,5.100000000,11400.000000000,11700.000000000,43.772814864,50,1
5.000000000,5.100000000,11700.000000000,12000.000000000,43.133644855,48,1
5.000000000,5.100000000,12000.000000000,12300.000000000,42.182333583,51,1
5.000000000,5.100000000,12300.000000000,12600.000000000,45.135307656,52,1
5.000000000,5.100000000,12600.000000000,12900.000000000,40.400136803,50,1
5.000000000,5.100000000,12900.000000000,13200.000000000,44.938010338,48,1
5.000000000,5.100000000,13200.000000000,13500.000000000,41.027480269,52,1
5.000000000,5.100000000,13500.000000000,13800.000000000,42.601803099,53,1
5.000000000,5.100000000,13800.000000000,14100.000000000,42.588917742,45,1
5.000000000,5.100000000,14100.000000000,14400.000000000,42.442935821,58,1
5.000000000,5.100000000,14400.000000000,14700.000000000,41.096177340,51,1
5.000000000,5.100000000,14700.000000000,15000.000000000,44.333465720,49,1
5.000000000,5.100000000,15000.000000000,15300.000000000,43.184689013,52,1
5.000000000,5.100000000,15300.000000000,15600.000000000,42.170869929,52,1
5.000000000,5.100000000,15600.000000000,15900.000000000,43.421093628,48,1
5.000000000,5.100000000,15900.000000000,16200.000000000,41.515321470,53,1
5.000000000,5.100000000,16200.000000000,16500.000000000,45.128976633,49,1
5.000000000,5.100000000,16500.000000000,16800.000000000,42.723013364,49,1
5.000000000,5.100000000,16800.000000000,17100.000000000,40.855719653,51,1
5.000000000,5.100000000,17100.000000000,17400.000000000,41.007454037,48,1
5.000000000,5.100000000,17400.000000000,17700.000000000,42.436648220,46,1
5.000000000,5.100000000,17700.000000000,18000.000000000,44.460540154,52,1
5.000000000,5.100000000,18000.000000000,18300.000000000,44.252315537,47,1
5.000000000,5.100000000,18300.000000000,18600.000000000,41.664972894,47,1
5.000000000,5.100000000,18600.000000000,18900.000000000,42.299869543,58,1
5.000000000,5.100000000,18900.000000000,19200.000000000,42.600239989,49,1
5.000000000,5.100000000,19200.000000000,19500.000000000,42.781507936,48,1
5.000000000,5.100000000,19500.000000000,19800.000000000,42.219868069,51,1
5.000000000,5.100000000,19800.000000000,20100.000000000,41.613230160,49,1
5.000000000,5.100000000,20100.000000000,20400.000000000,41.190908031,54,1
5.000000000,5.100000000,20400.000000000,20700.000000000,43.896628775,46,1
5.000000000,5.100000000,20700.000000000,21000.000000000,43.163750125,49,1
5.000000000,5.100000000,21000.000000000,21300.000000000,44.353913534,53,1
5.000000000,5.100000000,21300.000000000,21600.000000000,43.565574383,56,1
5.100000000,5.200000000,0.000000000,300.000000000,65.000000000,0,0
5.100000000,5.200000000,300.000000000,600.000000000,38.947651298,33,1
5.100000000,5.200000000,600.000000000,900.000000000,42.861631750,47,1
5.100000000,5.200000000,900.000000000,1200.000000000,39.972417984,47,1
5.100000000,5.200000000,1200.000000000,1500.000000000,41.711413853,59,1
5.100000000,5.200000000,1500.000000000,1800.000000000,45.147331145,49,1
5.100000000,5.200000000,1800.000000000,2100.000000000,42.425265152,49,1
5.100000000,5.200000000,2100.000000000,2400.000000000,46.646351243,56,1
5.100000000,5.200000000,2400.000000000,2700.000000000,44.097388980,50,1
5.100000000,5.200000000,2700.000000000,3000.000000000,41.260571279,48,1
5.100000000,5.200000000,3000.000000000,3300.000000000,43.209989793,47,1
5.100000000,5.200000000,3300.000000000,3600.000000000,41.935252677,47,1
5.100000000,5.200000000,3600.000000000,3900.000000000,43.399220822,64,1
5.100000000,5.200000000,3900.000000000,4200.000000000,40.586743945,47,1
5.100000000,5.200000000,4200.000000000,4500.000000000,42.791175678,49,1
5.100000000,5.200000000,4500.000000000,4800.000000000,39.434000159,55,1
5.100000000,5.200000000,4800.000000000,5100.000000000,42.446529232,62,1
5.100000000,5.200000000,5100.000000000,5400.000000000,46.133626367,47,1
5.100000000,5.200000000,5400.000000000,5700.000000000,41.202624453,49,1
5.100000000,5.200000000,5700.000000000,6000.000000000,44.749304302,60,1
5.100000000,5.200000000,6000.000000000,6300.000000000,44.696422922,52,1
5.100000000,5.200000000,6300.000000000,6600.000000000,44.513339212,50,1
5.100000000,5.200000000,6600.000000000,6900.000000000,39.613241852,48,1
5.100000000,5.200000000,6900.000000000,7200.000000000,41.260805460,50,1
5.100000000,5.200000000,7200.000000000,7500.000000000,38.807442447,54,1
5.100000000,5.200000000,7500.000000000,7800.000000000,42.865235916,55,1
5.100000000,5.200000000,7800.000000000,8100.000000000,40.744265706,53,1
5.100000000,5.200000000,8100.000000000,8400.000000000,43.044957001,49,1
5.100000000,5.200000000,8400.000000000,8700.000000000,42.716624935,49,1
5.100000000,5.200000000,8700.000000000,9000.000000000,44.846800140,53,1
5.100000000,5.200000000,9000.000000000,9300.000000000,43.380056617,44,1
5.100000000,5.200000000,9300.000000000,9600.000000000,43.417831316,65,1
5.100000000,5.200000000,9600.000000000,9900.000000000,45.489181221,54,1
5.100000000,5.200000000,9900.000000000,10200.000000000,44.067234696,48,1
5.100000000,5.200000000,10200.000000000,10500.000000000,41.810905969,53,1
5.100000000,5.200000000,10500.000000000,10800.000000000,43.626681929,52,1
5.100000000,5.200000000,10800.000000000,11100.000000000,43.734928002,47,1
5.100000000,5.200000000,11100.000000000,11400.000000000,41.972052863,51,1
5.100000000,5.200000000,11400.000000000,11700.000000000,44.378140973,50,1
5.100000000,5.200000000,11700.000000000,12000.000000000,42.493311760,52,1
5.100000000,5.200000000,12000.000000000,12300.000000000,40.994631639,51,1
5.100000000,5.200000000,12300.000000000,12600.000000000,44.603797366,52,1
5.100000000,5.200000000,12600.000000000,12900.000000000,41.315629790,50,1
5.100000000,5.200000000,12900.000000000,13200.000000000,44.427538766,51,1
5.100000000,5.200000000,13200.000000000,13500.000000000,40.721002806,52,1
5.100000000,5.200000000,13500.000000000,13800.000000000,41.849981839,50,1
5.100000000,5.200000000,13800.000000000,14100.000000000,42.194008345,49,1
5.100000000,5.200000000,14100.000000000,14400.000000000,42.778679134,54,1
5.100000000,5.200000000,14400.000000000,14700.000000000,40.772986099,54,1
5.100000000,5.200000000,14700.000000000,15000.000000000,45.561287803,49,1
5.100000000,5.200000000,15000.000000000,15300.000000000,42.648714845,51,1
5.100000000,5.200000000,15300.000000000,15600.000000000,42.981637423,53,1
5.100000000,5.200000000,15600.000000000,15900.000000000,44.101623638,45,1
5.100000000,5.200000000,15900.000000000,16200.000000000,40.695755841,56,1
5.100000000,5.200000000,16200.000000000,16500.000000000,44.822832356,50,1
5.100000000,5.200000000,16500.000000000,16800.000000000,42.057574628,49,1
5.100000000,5.200000000,16800.000000000,17100.000000000,41.002846559,53,1
5.100000000,5.200000000,17100.000000000,17400.000000000,40.902540746,48,1
5.100000000,5.200000000,17400.000000000,17700.000000000,43.186166173,46,1
5.100000000,5.200000000,17700.000000000,18000.000000000,43.501672690,49,1
5.100000000,5.200000000,18000.000000000,18300.000000000,45.135935106,49,1
5.100000000,5.200000000,18300.000000000,18600.000000000,41.644407550,43,1
5.100000000,5.200000000,18600.000000000,18900.000000000,42.418423801,59,1
5.100000000,5.200000000,18900.000000000,19200.000000000,42.799842683,52,1
5.100000000,5.200000000,19200.000000000,19500.000000000,41.583629210,50,1
5.100000000,5.200000000,19500.000000000,19800.000000000,41.315991026,49,1
5.100000000,5.200000000,19800.000000000,20100.000000000,42.719814358,51,1
5.100000000,5.200000000,20100.000000000,20400.000000000,40.298736951,52,1
5.100000000,5.200000000,20400.000000000,20700.000000000,44.135267872,49,1
5.100000000,5.200000000,20700.000000000,21000.000000000,43.720303912,48,1
5.100000000,5.200000000,21000.000000000,21300.000000000,43.518579662,53,1
5.100000000,5.200000000,21300.000000000,21600.000000000,43.575136533,56,1
5.200000000,5.300000000,0.000000000,300.000000000,65.000000000,0,0
5.200000000,5.300000000,300.000000000,600.000000000,39.557496248,30,1
5.200000000,5.300000000,600.000000000,900.000000000,41.703949464,50,1
5.200000000,5.300000000,900.000000000,1200.000000000,41.473172160,43,1
5.200000000,5.300000000,1200.000000000,1500.000000000,41.238815313,61,1
5.200000000,5.300000000,1500.000000000,1800.000000000,44.626425116,50,1
5.200000000,5.300000000,1800.000000000,2100.000000000,42.780563464,47,1
5.200000000,5.300000000,2100.000000000,2400.000000000,45.870795173,59,1
5.200000000,5.300000000,2400.000000000,2700.000000000,43.198049670,47,1
5.200000000,5.300000000,2700.000000000,3000.000000000,41.631040496,49,1
5.200000000,5.300000000,3000.000000000,3300.000000000,41.943772057,51,1
5.200000000,5.300000000,3300.000000000,3600.000000000,41.859981194,44,1
5.200000000,5.300000000,3600.000000000,3900.000000000,42.867570637,62,1
5.200000000,5.300000000,3900.000000000,4200.000000000,42.094166666,46,1
5.200000000,5.300000000,4200.000000000,4500.000000000,42.316831343,53,1
5.200000000,5.300000000,4500.000000000,4800.000000000,40.103257712,51,1
5.200000000,5.300000000,4800.000000000,5100.000000000,42.624225052,61,1
5.200000000,5.300000000,5100.000000000,5400.000000000,45.577473321,47,1
5.200000000,5.300000000,5400.000000000,5700.000000000,39.715741741,49,1
5.200000000,5.300000000,5700.000000000,6000.000000000,44.262833845,56,1
5.200000000,5.300000000,6000.000000000,6300.000000000,44.337551730,55,1
5.200000000,5.300000000,6300.000000000,6600.000000000,44.855707494,50,1
5.200000000,5.300000000,6600.000000000,6900.000000000,41.490899053,46,1
5.200000000,5.300000000,6900.000000000,7200.000000000,41.247813361,49,1
5.200000000,5.300000000,7200.000000000,7500.000000000,39.567201464,54,1
5.200000000,5.300000000,7500.000000000,7800.000000000,44.217858059,50,1
5.200000000,5.300000000,7800.000000000,8100.000000000,39.516946989,57,1
5.200000000,5.300000000,8100.000000000,8400.000000000,42.631832386,47,1
5.200000000,5.300000000,8400.000000000,8700.000000000,43.233429063,49,1
5.200000000,5.300000000,8700.000000000,9000.000000000,44.265681043,53,1
5.200000000,5.300000000,9000.000000000,9300.000000000,44.017727113,42,1
5.200000000,5.300000000,9300.000000000,9600.000000000,43.619835364,64,1
5.200000000,5.300000000,9600.000000000,9900.000000000,44.987566356,55,1
5.200000000,5.300000000,9900.000000000,10200.000000000,44.816887260,45,1
5.200000000,5.300000000,10200.000000000,10500.000000000,41.679067623,54,1
5.200000000,5.300000000,10500.000000000,10800.000000000,43.435959435,54,1
5.200000000,5.300000000,10800.000000000,11100.000000000,43.287661841,44,1
5.200000000,5.300000000,11100.000000000,11400.000000000,42.831953860,55,1
5.200000000,5.300000000,11400.000000000,11700.000000000,45.008984013,46,1
5.200000000,5.300000000,11700.000000000,12000.000000000,42.191464222,54,1
5.200000000,5.300000000,12000.000000000,12300.000000000,40.129919212,54,1
5.200000000,5.300000000,12300.000000000,12600.000000000,44.313447416,49,1
5.200000000,5.300000000,12600.000000000,12900.000000000,41.967737125,51,1
5.200000000,5.300000000,12900.000000000,13200.000000000,45.503722300,50,1
5.200000000,5.300000000,13200.000000000,13500.000000000,40.961926257,53,1
5.200000000,5.300000000,13500.000000000,13800.000000000,42.310484190,48,1
5.200000000,5.300000000,13800.000000000,14100.000000000,41.787903706,51,1
5.200000000,5.300000000,14100.000000000,14400.000000000,42.439554135,53,1
5.200000000,5.300000000,14400.000000000,14700.000000000,40.780180873,55,1
5.200000000,5.300000000,14700.000000000,15000.000000000,44.370024750,51,1
5.200000000,5.300000000,15000.000000000,15300.000000000,41.571113089,50,1
5.200000000,5.300000000,15300.000000000,15600.000000000,42.760818019,55,1
5.200000000,5.300000000,15600.000000000,15900.000000000,44.214538848,42,1
5.200000000,5.300000000,15900.000000000,16200.000000000,40.896754227,58,1
5.200000000,5.300000000,16200.000000000,16500.000000000,44.793584202,53,1
5.200000000,5.300000000,16500.000000000,16800.000000000,42.507015900,48,1
5.200000000,5.300000000,16800.000000000,17100.000000000,41.747690946,55,1
5.200000000,5.300000000,17100.000000000,17400.000000000,41.653874345,48,1
5.200000000,5.300000000,17400.000000000,17700.000000000,43.474391435,47,1
5.200000000,5.300000000,17700.000000000,18000.000000000,43.136633263,49,1
5.200000000,5.300000000,18000.000000000,18300.000000000,45.466242135,48,1
5.200000000,5.300000000,18300.000000000,18600.000000000,41.213626752,44,1
5.200000000,5.300000000,18600.000000000,18900.000000000,42.303978188,55,1
5.200000000,5.300000000,18900.000000000,19200.000000000,41.530730404,53,1
5.200000000,5.300000000,19200.000000000,19500.000000000,40.944549150,51,1
5.200000000,5.300000000,19500.000000000,19800.000000000,41.874315905,47,1
5.200000000,5.300000000,19800.000000000,20100.000000000,43.516925173,52,1
5.200000000,5.300000000,20100.000000000,20400.000000000,39.232271447,49,1
5.200000000,5.300000000,20400.000000000,20700.000000000,44.857614105,52,1
5.200000000,5.300000000,20700.000000000,21000.000000000,43.505842287,48,1
5.200000000,5.300000000,21000.000000000,21300.000000000,42.551041694,53,1
5.200000000,5.300000000,21300.000000000,21600.000000000,43.100155148,56,1
5.300000000,5.400000000,0.000000000,300.000000000,65.000000000,0,0
5.300000000,5.400000000,300.000000000,600.000000000,42.521277411,25,1
5.300000000,5.400000000,600.000000000,900.000000000,41.923791255,52,1
5.300000000,5.400000000,900.000000000,1200.000000000,42.000380238,38,1
5.300000000,5.400000000,1200.000000000,1500.000000000,40.823378581,61,1
5.300000000,5.400000000,1500.000000000,1800.000000000,43.673972187,50,1
5.300000000,5.400000000,1800.000000000,2100.000000000,43.388929350,44,1
5.300000000,5.400000000,2100.000000000,2400.000000000,44.781907016,63,1
5.300000000,5.400000000,2400.000000000,2700.000000000,43.488366732,48,1
5.300000000,5.400000000,2700.000000000,3000.000000000,43.618956008,46,1
5.300000000,5.400000000,3000.000000000,3300.000000000,40.733934669,55,1
5.300000000,5.400000000,3300.000000000,3600.000000000,41.678823868,44,1
5.300000000,5.400000000,3600.000000000,3900.000000000,41.900679772,59,1
5.300000000,5.400000000,3900.000000000,4200.000000000,42.803776005,44,1
5.300000000,5.400000000,4200.000000000,4500.000000000,41.536881362,56,1
5.300000000,5.400000000,4500.000000000,4800.000000000,40.519212374,50,1
5.300000000,5.400000000,4800.000000000,5100.000000000,42.678695073,61,1
5.300000000,5.400000000,5100.000000000,5400.000000000,44.838693228,47,1
5.300000000,5.400000000,5400.000000000,5700.000000000,39.589059645,48,1
5.300000000,5.400000000,5700.000000000,6000.000000000,44.547497818,57,1
5.300000000,5.400000000,6000.000000000,6300.000000000,43.879784702,52,1
5.300000000,5.400000000,6300.000000000,6600.000000000,44.301627973,53,1
5.300000000,5.400000000,6600.000000000,6900.000000000,42.687864699,46,1
5.300000000,5.400000000,6900.000000000,7200.000000000,42.055203284,49,1
5.300000000,5.400000000,7200.000000000,7500.000000000,40.766379878,58,1
5.300000000,5.400000000,7500.000000000,7800.000000000,44.134803950,49,1
5.300000000,5.400000000,7800.000000000,8100.000000000,38.231886177,60,1
5.300000000,5.400000000,8100.000000000,8400.000000000,42.328810215,47,1
5.300000000,5.400000000,8400.000000000,8700.000000000,43.348067623,49,1
5.300000000,5.400000000,8700.000000000,9000.000000000,43.887809449,53,1
5.300000000,5.400000000,9000.000000000,9300.000000000,42.970164603,41,1
5.300000000,5.400000000,9300.000000000,9600.000000000,43.612438034,62,1
5.300000000,5.400000000,9600.000000000,9900.000000000,45.295997861,56,1
5.300000000,5.400000000,9900.000000000,10200.000000000,44.661674482,47,1
5.300000000,5.400000000,10200.000000000,10500.000000000,42.033763279,49,1
5.300000000,5.400000000,10500.000000000,10800.000000000,43.810222346,58,1
5.300000000,5.400000000,10800.000000000,11100.000000000,43.558154308,41,1
5.300000000,5.400000000,11100.000000000,11400.000000000,42.877041591,58,1
5.300000000,5.400000000,11400.000000000,11700.000000000,45.282508518,45,1
5.300000000,5.400000000,11700.000000000,12000.000000000,41.593075889,51,1
5.300000000,5.400000000,12000.000000000,12300.000000000,40.381714361,53,1
5.300000000,5.400000000,12300.000000000,12600.000000000,43.646855498,49,1
5.300000000,5.400000000,12600.000000000,12900.000000000,41.967270512,55,1
5.300000000,5.400000000,12900.000000000,13200.000000000,45.409021391,50,1
5.300000000,5.400000000,13200.000000000,13500.000000000,41.735690268,53,1
5.300000000,5.400000000,13500.000000000,13800.000000000,42.927010181,46,1
5.300000000,5.400000000,13800.000000000,14100.000000000,42.800181368,50,1
5.300000000,5.400000000,14100.000000000,14400.000000000,41.673115045,52,1
5.300000000,5.400000000,14400.000000000,14700.000000000,41.085883175,57,1
5.300000000,5.400000000,14700.000000000,15000.000000000,42.709376887,51,1
5.300000000,5.400000000,15000.000000000,15300.000000000,42.490056285,49,1
5.300000000,5.400000000,15300.000000000,15600.000000000,41.365882137,58,1
5.300000000,5.400000000,15600.000000000,15900.000000000,44.122292730,40,1
5.300000000,5.400000000,15900.000000000,16200.000000000,41.026070150,54,1
5.300000000,5.400000000,16200.000000000,16500.000000000,44.039411595,57,1
5.300000000,5.400000000,16500.000000000,16800.000000000,43.341917583,47,1
5.300000000,5.400000000,16800.000000000,17100.000000000,41.126993145,55,1
5.300000000,5.400000000,17100.000000000,17400.000000000,42.283227562,48,1
5.300000000,5.400000000,17400.000000000,17700.000000000,43.557573399,49,1
5.300000000,5.400000000,17700.000000000,18000.000000000,44.052006599,52,1
5.300000000,5.400000000,18000.000000000,18300.000000000,45.403722189,48,1
5.300000000,5.400000000,18300.000000000,18600.000000000,42.186955750,47,1
5.300000000,5.400000000,18600.000000000,18900.000000000,41.237683962,52,1
5.300000000,5.400000000,18900.000000000,19200.000000000,41.485362002,57,1
5.300000000,5.400000000,19200.000000000,19500.000000000,41.676479090,55,1
5.300000000,5.400000000,19500.000000000,19800.000000000,41.578230669,46,1
5.300000000,5.400000000,19800.000000000,20100.000000000,43.703749819,52,1
5.300000000,5.400000000,20100.000000000,20400.000000000,39.195221923,46,1
5.300000000,5.400000000,20400.000000000,20700.000000000,44.502755279,53,1
5.300000000,5.400000000,20700.000000000,21000.000000000,42.587410544,49,1
5.300000000,5.400000000,21000.000000000,21300.000000000,41.865909540,51,1
5.300000000,5.400000000,21300.000000000,21600.000000000,43.488726927,57,1
5.400000000,5.500000000,0.000000000,300.000000000,65.000000000,0,0
5.400000000,5.500000000,300.000000000,600.000000000,43.579828400,24,1
5.400000000,5.500000000,600.000000000,900.000000000,44.099616154,53,1
5.400000000,5.500000000,900.000000000,1200.000000000,42.442407774,37,1
5.400000000,5.500000000,1200.000000000,1500.000000000,41.449391499,61,1
5.400000000,5.500000000,1500.000000000,1800.000000000,43.330094309,49,1
5.400000000,5.500000000,1800.000000000,2100.000000000,45.427654193,44,1
5.400000000,5.500000000,2100.000000000,2400.000000000,43.604700379,67,1
5.400000000,5.500000000,2400.000000000,2700.000000000,43.069890223,48,1
5.400000000,5.500000000,2700.000000000,3000.000000000,45.323128640,44,1
5.400000000,5.500000000,3000.000000000,3300.000000000,40.392000035,55,1
5.400000000,5.500000000,3300.000000000,3600.000000000,41.240499613,44,1
5.400000000,5.500000000,3600.000000000,3900.000000000,42.857894543,57,1
5.400000000,5.500000000,3900.000000000,4200.000000000,41.750247840,42,1
5.400000000,5.500000000,4200.000000000,4500.000000000,41.437007085,56,1
5.400000000,5.500000000,4500.000000000,4800.000000000,40.467307688,50,1
5.400000000,5.500000000,4800.000000000,5100.000000000,41.492343018,63,1
5.400000000,5.500000000,5100.000000000,5400.000000000,44.622055949,47,1
5.400000000,5.500000000,5400.000000000,5700.000000000,39.949961923,46,1
5.400000000,5.500000000,5700.000000000,6000.000000000,44.334876598,57,1
5.400000000,5.500000000,6000.000000000,6300.000000000,42.728432598,52,1
5.400000000,5.500000000,6300.000000000,6600.000000000,43.985053454,54,1
5.400000000,5.500000000,6600.000000000,6900.000000000,42.273303854,50,1
5.400000000,5.500000000,6900.000000000,7200.000000000,42.599117052,48,1
5.400000000,5.500000000,7200.000000000,7500.000000000,40.455610348,60,1
5.400000000,5.500000000,7500.000000000,7800.000000000,43.842300601,48,1
5.400000000,5.500000000,7800.000000000,8100.000000000,36.901260950,60,1
5.400000000,5.500000000,8100.000000000,8400.000000000,42.538164022,47,1
5.400000000,5.500000000,8400.000000000,8700.000000000,43.089034328,49,1
5.400000000,5.500000000,8700.000000000,9000.000000000,44.457344417,53,1
5.400000000,5.500000000,9000.000000000,9300.000000000,41.879106898,41,1
5.400000000,5.500000000,9300.000000000,9600.000000000,43.428684888,60,1
5.400000000,5.500000000,9600.000000000,9900.000000000,45.560212267,57,1
5.400000000,5.500000000,9900.000000000,10200.000000000,43.826184632,50,1
5.400000000,5.500000000,10200.000000000,10500.000000000,42.676588493,46,1
5.400000000,5.500000000,10500.000000000,10800.000000000,43.990084318,58,1
5.400000000,5.500000000,10800.000000000,11100.000000000,44.597285849,38,1
5.400000000,5.500000000,11100.000000000,11400.000000000,42.850831530,57,1
5.400000000,5.500000000,11400.000000000,11700.000000000,44.889268807,47,1
5.400000000,5.500000000,11700.000000000,12000.000000000,41.088154759,51,1
5.400000000,5.500000000,12000.000000000,12300.000000000,40.815330408,51,1
5.400000000,5.500000000,12300.000000000,12600.000000000,43.337431701,50,1
5.400000000,5.500000000,12600.000000000,12900.000000000,41.449738172,55,1
5.400000000,5.500000000,12900.000000000,13200.000000000,43.744332561,54,1
5.400000000,5.500000000,13200.000000000,13500.000000000,40.576140029,52,1
5.400000000,5.500000000,13500.000000000,13800.000000000,43.025715094,48,1
5.400000000,5.500000000,13800.000000000,14100.000000000,43.444213344,50,1
5.400000000,5.500000000,14100.000000000,14400.000000000,42.563728350,48,1
5.400000000,5.500000000,14400.000000000,14700.000000000,42.040549052,60,1
5.400000000,5.500000000,14700.000000000,15000.000000000,43.023021961,50,1
5.400000000,5.500000000,15000.000000000,15300.000000000,42.905377015,50,1
5.400000000,5.500000000,15300.000000000,15600.000000000,41.825233259,58,1
5.400000000,5.500000000,15600.000000000,15900.000000000,43.049616329,42,1
5.400000000,5.500000000,15900.000000000,16200.000000000,40.776009785,52,1
5.400000000,5.500000000,16200.000000000,16500.000000000,43.171767969,59,1
5.400000000,5.500000000,16500.000000000,16800.000000000,43.011246107,49,1
5.400000000,5.500000000,16800.000000000,17100.000000000,40.865503156,54,1
5.400000000,5.500000000,17100.000000000,17400.000000000,43.137801812,46,1
5.400000000,5.500000000,17400.000000000,17700.000000000,43.665288640,50,1
5.400000000,5.500000000,17700.000000000,18000.000000000,44.271675905,52,1
5.400000000,5.500000000,18000.000000000,18300.000000000,45.917124216,46,1
5.400000000,5.500000000,18300.000000000,18600.000000000,42.368840781,49,1
5.400000000,5.500000000,18600.000000000,18900.000000000,41.610751208,51,1
5.400000000,5.500000000,18900.000000000,19200.000000000,41.238295357,56,1
5.400000000,5.500000000,19200.000000000,19500.000000000,42.099098445,58,1
5.400000000,5.500000000,19500.000000000,19800.000000000,40.637681950,48,1
5.400000000,5.500000000,19800.000000000,20100.000000000,43.273505288,53,1
5.400000000,5.500000000,20100.000000000,20400.000000000,38.956310816,45,1
5.400000000,5.500000000,20400.000000000,20700.000000000,44.685801793,54,1
5.400000000,5.500000000,20700.000000000,21000.000000000,41.832870990,52,1
5.400000000,5.500000000,21000.000000000,21300.000000000,41.810785843,54,1
5.400000000,5.500000000,21300.000000000,21600.000000000,43.342640493,59,1
5.500000000,5.600000000,0.000000000,300.000000000,65.000000000,0,0
5.500000000,5.600000000,300.000000000,600.000000000,44.109416001,23,1
5.500000000,5.600000000,600.000000000,900.000000000,43.465125028,53,1
5.500000000,5.600000000,900.000000000,1200.000000000,43.007356347,37,1
5.500000000,5.600000000,1200.000000000,1500.000000000,41.768286209,60,1
5.500000000,5.600000000,1500.000000000,1800.000000000,43.853892709,48,1
5.500000000,5.600000000,1800.000000000,2100.000000000,45.741810053,40,1
5.500000000,5.600000000,2100.000000000,2400.000000000,43.506981662,66,1
5.500000000,5.600000000,2400.000000000,2700.000000000,43.064449699,47,1
5.500000000,5.600000000,2700.000000000,3000.000000000,46.042365937,46,1
5.500000000,5.600000000,3000.000000000,3300.000000000,40.348279446,57,1
5.500000000,5.600000000,3300.000000000,3600.000000000,39.893653056,46,1
5.500000000,5.600000000,3600.000000000,3900.000000000,43.660341368,57,1
5.500000000,5.600000000,3900.000000000,4200.000000000,40.551036822,42,1
5.500000000,5.600000000,4200.000000000,4500.000000000,41.744517664,56,1
5.500000000,5.600000000,4500.000000000,4800.000000000,39.842562172,48,1
5.500000000,5.600000000,4800.000000000,5100.000000000,40.763076547,66,1
5.500000000,5.600000000,5100.000000000,5400.000000000,44.347071577,49,1
5.500000000,5.600000000,5400.000000000,5700.000000000,40.570887353,46,1
5.500000000,5.600000000,5700.000000000,6000.000000000,44.187034904,56,1
5.500000000,5.600000000,6000.000000000,6300.000000000,42.552620488,54,1
5.500000000,5.600000000,6300.000000000,6600.000000000,45.126886817,50,1
5.500000000,5.600000000,6600.000000000,6900.000000000,42.499852728,51,1
5.500000000,5.600000000,6900.000000000,7200.000000000,43.390143158,47,1
5.500000000,5.600000000,7200.000000000,7500.000000000,40.181794011,58,1
5.500000000,5.600000000,7500.000000000,7800.000000000,42.762415553,49,1
5.500000000,5.600000000,7800.000000000,8100.000000000,37.026932767,60,1
5.500000000,5.600000000,8100.000000000,8400.000000000,42.633061484,51,1
5.500000000,5.600000000,8400.000000000,8700.000000000,42.775444780,51,1
5.500000000,5.600000000,8700.000000000,9000.000000000,43.782539625,57,1
5.500000000,5.600000000,9000.000000000,9300.000000000,41.179762123,44,1
5.500000000,5.600000000,9300.000000000,9600.000000000,42.796921984,56,1
5.500000000,5.600000000,9600.000000000,9900.000000000,46.305732851,56,1
5.500000000,5.600000000,9900.000000000,10200.000000000,44.239419517,53,1
5.500000000,5.600000000,10200.000000000,10500.000000000,41.747860529,46,1
5.500000000,5.600000000,10500.000000000,10800.000000000,44.386653669,58,1
5.500000000,5.600000000,10800.000000000,11100.000000000,45.432723195,38,1
5.500000000,5.600000000,11100.000000000,11400.000000000,42.422749394,56,1
5.500000000,5.600000000,11400.000000000,11700.000000000,44.347750362,50,1
5.500000000,5.600000000,11700.000000000,12000.000000000,41.242312407,48,1
5.500000000,5.600000000,12000.000000000,12300.000000000,40.982102753,52,1
5.500000000,5.600000000,12300.000000000,12600.000000000,42.882264036,51,1
5.500000000,5.600000000,12600.000000000,12900.000000000,41.897692517,51,1
5.500000000,5.600000000,12900.000000000,13200.000000000,42.880895403,58,1
5.500000000,5.600000000,13200.000000000,13500.000000000,40.360879593,50,1
5.500000000,5.600000000,13500.000000000,13800.000000000,43.136835122,50,1
5.500000000,5.600000000,13800.000000000,14100.000000000,41.948240865,50,1
5.500000000,5.600000000,14100.000000000,14400.000000000,43.191297183,49,1
5.500000000,5.600000000,14400.000000000,14700.000000000,42.211097412,63,1
5.500000000,5.600000000,14700.000000000,15000.000000000,42.530873665,48,1
5.500000000,5.600000000,15000.000000000,15300.000000000,42.949441529,51,1
5.500000000,5.600000000,15300.000000000,15600.000000000,42.548682150,57,1
5.500000000,5.600000000,15600.000000000,15900.000000000,43.248451169,42,1
5.500000000,5.600000000,15900.000000000,16200.000000000,41.631247557,52,1
5.500000000,5.600000000,16200.000000000,16500.000000000,43.596858646,59,1
5.500000000,5.600000000,16500.000000000,16800.000000000,42.510067481,54,1
5.500000000,5.600000000,16800.000000000,17100.000000000,41.526433050,55,1
5.500000000,5.600000000,17100.000000000,17400.000000000,44.068219056,45,1
5.500000000,5.600000000,17400.000000000,17700.000000000,43.571652556,53,1
5.500000000,5.600000000,17700.000000000,18000.000000000,43.929315851,52,1
5.500000000,5.600000000,18000.000000000,18300.000000000,45.842199109,45,1
5.500000000,5.600000000,18300.000000000,18600.000000000,43.283724073,46,1
5.500000000,5.600000000,18600.000000000,18900.000000000,41.959192237,51,1
5.500000000,5.600000000,18900.000000000,19200.000000000,40.913192065,54,1
5.500000000,5.600000000,19200.000000000,19500.000000000,42.178259796,60,1
5.500000000,5.600000000,19500.000000000,19800.000000000,40.207967160,47,1
5.500000000,5.600000000,19800.000000000,20100.000000000,43.503493133,55,1
5.500000000,5.600000000,20100.000000000,20400.000000000,39.567159672,45,1
5.500000000,5.600000000,20400.000000000,20700.000000000,45.210819153,52,1
5.500000000,5.600000000,20700.000000000,21000.000000000,40.345025821,52,1
5.500000000,5.600000000,21000.000000000,21300.000000000,41.772658437,56,1
5.500000000,5.600000000,21300.000000000,21600.000000000,43.167551335,57,1
5.600000000,5.700000000,0.000000000,300.000000000,65.000000000,0,0
5.600000000,5.700000000,300.000000000,600.000000000,41.383535318,22,1
5.600000000,5.700000000,600.000000000,900.000000000,43.021063821,55,1
5.600000000,5.700000000,900.000000000,1200.000000000,43.351646931,37,1
5.600000000,5.700000000,1200.000000000,1500.000000000,42.669228646,58,1
5.600000000,5.700000000,1500.000000000,1800.000000000,43.068197055,51,1
5.600000000,5.700000000,1800.000000000,2100.000000000,44.206145083,40,1
5.600000000,5.700000000,2100.000000000,2400.000000000,43.723621277,64,1
5.600000000,5.700000000,2400.000000000,2700.000000000,44.657030909,49,1
5.600000000,5.700000000,2700.000000000,3000.000000000,46.957335264,48,1
5.600000000,5.700000000,3000.000000000,3300.000000000,40.209506973,55,1
5.600000000,5.700000000,3300.000000000,3600.000000000,40.087425615,51,1
5.600000000,5.700000000,3600.000000000,3900.000000000,43.241442197,57,1
5.600000000,5.700000000,3900.000000000,4200.000000000,40.831999631,42,1
5.600000000,5.700000000,4200.000000000,4500.000000000,41.425354554,56,1
5.600000000,5.700000000,4500.000000000,4800.000000000,39.523902757,47,1
5.600000000,5.700000000,4800.000000000,5100.000000000,41.339912285,64,1
5.600000000,5.700000000,5100.000000000,5400.000000000,43.654971544,52,1
5.600000000,5.700000000,5400.000000000,5700.000000000,41.751868598,44,1
5.600000000,5.700000000,5700.000000000,6000.000000000,44.043228440,55,1
5.600000000,5.700000000,6000.000000000,6300.000000000,42.688814080,54,1
5.600000000,5.700000000,6300.000000000,6600.000000000,45.992586031,46,1
5.600000000,5.700000000,6600.000000000,6900.000000000,42.669609460,48,1
5.600000000,5.700000000,6900.000000000,7200.000000000,44.476956037,49,1
5.600000000,5.700000000,7200.000000000,7500.000000000,41.033499039,60,1
5.600000000,5.700000000,7500.000000000,7800.000000000,41.594093517,49,1
5.600000000,5.700000000,7800.000000000,8100.000000000,38.280150628,56,1
5.600000000,5.700000000,8100.000000000,8400.000000000,42.981455559,53,1
5.600000000,5.700000000,8400.000000000,8700.000000000,42.243606775,48,1
5.600000000,5.700000000,8700.000000000,9000.000000000,43.367691284,58,1
5.600000000,5.700000000,9000.000000000,9300.000000000,41.303849025,48,1
5.600000000,5.700000000,9300.000000000,9600.000000000,40.944176755,54,1
5.600000000,5.700000000,9600.000000000,9900.000000000,46.406841622,55,1
5.600000000,5.700000000,9900.000000000,10200.000000000,44.289847422,54,1
5.600000000,5.700000000,10200.000000000,10500.000000000,42.212105565,46,1
5.600000000,5.700000000,10500.000000000,10800.000000000,44.770323217,58,1
5.600000000,5.700000000,10800.000000000,11100.000000000,45.242923321,39,1
5.600000000,5.700000000,11100.000000000,11400.000000000,41.473274771,52,1
5.600000000,5.700000000,11400.000000000,11700.000000000,44.843011323,50,1
5.600000000,5.700000000,11700.000000000,12000.000000000,41.620382873,46,1
5.600000000,5.700000000,12000.000000000,12300.000000000,41.681439110,51,1
5.600000000,5.700000000,12300.000000000,12600.000000000,43.268027251,51,1
5.600000000,5.700000000,12600.000000000,12900.000000000,42.620021340,47,1
5.600000000,5.700000000,12900.000000000,13200.000000000,42.218192399,61,1
5.600000000,5.700000000,13200.000000000,13500.000000000,41.370777870,49,1
5.600000000,5.700000000,13500.000000000,13800.000000000,43.060877101,53,1
5.600000000,5.700000000,13800.000000000,14100.000000000,41.718527593,45,1
5.600000000,5.700000000,14100.000000000,14400.000000000,43.086781670,47,1
5.600000000,5.700000000,14400.000000000,14700.000000000,41.799527602,64,1
5.600000000,5.700000000,14700.000000000,15000.000000000,42.743768243,47,1
5.600000000,5.700000000,15000.000000000,15300.000000000,43.905002964,49,1
5.600000000,5.700000000,15300.000000000,15600.000000000,42.297804568,60,1
5.600000000,5.700000000,15600.000000000,15900.000000000,42.960322520,40,1
5.600000000,5.700000000,15900.000000000,16200.000000000,43.003025274,48,1
5.600000000,5.700000000,16200.000000000,16500.000000000,45.229773548,58,1
5.600000000,5.700000000,16500.000000000,16800.000000000,42.708836281,53,1
5.600000000,5.700000000,16800.000000000,17100.000000000,41.273426838,54,1
5.600000000,5.700000000,17100.000000000,17400.000000000,43.821918917,44,1
5.600000000,5.700000000,17400.000000000,17700.000000000,41.971493466,51,1
5.600000000,5.700000000,17700.000000000,18000.000000000,45.040057976,54,1
5.600000000,5.700000000,18000.000000000,18300.000000000,44.777554283,45,1
5.600000000,5.700000000,18300.000000000,18600.000000000,43.593756140,43,1
5.600000000,5.700000000,18600.000000000,18900.000000000,42.057991586,52,1
5.600000000,5.700000000,18900.000000000,19200.000000000,41.283466407,52,1
5.600000000,5.700000000,19200.000000000,19500.000000000,42.326693494,63,1
5.600000000,5.700000000,19500.000000000,19800.000000000,38.574650614,47,1
5.600000000,5.700000000,19800.000000000,20100.000000000,43.739860603,53,1
5.600000000,5.700000000,20100.000000000,20400.000000000,39.821870078,42,1
5.600000000,5.700000000,20400.000000000,20700.000000000,44.349784669,52,1
5.600000000,5.700000000,20700.000000000,21000.000000000,41.349028475,48,1
5.600000000,5.700000000,21000.000000000,21300.000000000,42.096293953,58,1
5.600000000,5.700000000,21300.000000000,21600.000000000,42.413604395,54,1
5.700000000,5.800000000,0.000000000,300.000000000,65.000000000,0,0
5.700000000,5.800000000,300.000000000,600.000000000,41.849249989,20,1
5.700000000,5.800000000,600.000000000,900.000000000,43.615422741,56,1
5.700000000,5.800000000,900.000000000,1200.000000000,43.803416807,37,1
5.700000000,5.800000000,1200.000000000,1500.000000000,42.629953008,54,1
5.700000000,5.800000000,1500.000000000,1800.000000000,42.415276237,55,1
5.700000000,5.800000000,1800.000000000,2100.000000000,42.197369728,40,1
5.700000000,5.800000000,2100.000000000,2400.000000000,43.821750740,61,1
5.700000000,5.800000000,2400.000000000,2700.000000000,45.696782342,48,1
5.700000000,5.800000000,2700.000000000,3000.000000000,45.806459591,51,1
5.700000000,5.800000000,3000.000000000,3300.000000000,41.983839184,50,1
5.700000000,5.800000000,3300.000000000,3600.000000000,40.617805049,54,1
5.700000000,5.800000000,3600.000000000,3900.000000000,42.752516710,57,1
5.700000000,5.800000000,3900.000000000,4200.000000000,42.567137653,43,1
5.700000000,5.800000000,4200.000000000,4500.000000000,41.342266244,55,1
5.700000000,5.800000000,4500.000000000,4800.000000000,40.876968933,48,1
5.700000000,5.800000000,4800.000000000,5100.000000000,41.468101586,61,1
5.700000000,5.800000000,5100.000000000,5400.000000000,42.696727504,54,1
5.700000000,5.800000000,5400.000000000,5700.000000000,44.081219426,43,1
5.700000000,5.800000000,5700.000000000,6000.000000000,42.485248117,55,1
5.700000000,5.800000000,6000.000000000,6300.000000000,43.043327066,54,1
5.700000000,5.800000000,6300.000000000,6600.000000000,44.526543924,45,1
5.700000000,5.800000000,6600.000000000,6900.000000000,42.690055153,46,1
5.700000000,5.800000000,6900.000000000,7200.000000000,45.365663455,49,1
5.700000000,5.800000000,7200.000000000,7500.000000000,41.584779267,62,1
5.700000000,5.800000000,7500.000000000,7800.000000000,41.580942650,49,1
5.700000000,5.800000000,7800.000000000,8100.000000000,40.478784063,52,1
5.700000000,5.800000000,8100.000000000,8400.000000000,42.525650938,54,1
5.700000000,5.800000000,8400.000000000,8700.000000000,42.285361746,44,1
5.700000000,5.800000000,8700.000000000,9000.000000000,42.512049658,57,1
5.700000000,5.800000000,9000.000000000,9300.000000000,40.289907140,48,1
5.700000000,5.800000000,9300.000000000,9600.000000000,39.873760399,52,1
5.700000000,5.800000000,9600.000000000,9900.000000000,46.680925367,55,1
5.700000000,5.800000000,9900.000000000,10200.000000000,44.718646118,55,1
5.700000000,5.800000000,10200.000000000,10500.000000000,42.039768715,46,1
5.700000000,5.800000000,10500.000000000,10800.000000000,44.296693331,56,1
5.700000000,5.800000000,10800.000000000,11100.000000000,45.858574591,40,1
5.700000000,5.800000000,11100.000000000,11400.000000000,42.120173292,53,1
5.700000000,5.800000000,11400.000000000,11700.000000000,44.530765932,48,1
5.700000000,5.800000000,11700.000000000,12000.000000000,42.159941405,46,1
5.700000000,5.800000000,12000.000000000,12300.000000000,43.013892258,50,1
5.700000000,5.800000000,12300.000000000,12600.000000000,44.118448748,52,1
5.700000000,5.800000000,12600.000000000,12900.000000000,43.009844799,45,1
5.700000000,5.800000000,12900.000000000,13200.000000000,43.165354665,64,1
5.700000000,5.800000000,13200.000000000,13500.000000000,41.592155895,45,1
5.700000000,5.800000000,13500.000000000,13800.000000000,43.441621948,57,1
5.700000000,5.800000000,13800.000000000,14100.000000000,41.205971339,43,1
5.700000000,5.800000000,14100.000000000,14400.000000000,42.288939803,47,1
5.700000000,5.800000000,14400.000000000,14700.000000000,40.949240421,65,1
5.700000000,5.800000000,14700.000000000,15000.000000000,43.971074406,49,1
5.700000000,5.800000000,15000.000000000,15300.000000000,43.890578767,46,1
5.700000000,5.800000000,15300.000000000,15600.000000000,42.137226875,63,1
5.700000000,5.800000000,15600.000000000,15900.000000000,42.262001339,44,1
5.700000000,5.800000000,15900.000000000,16200.000000000,43.451994584,46,1
5.700000000,5.800000000,16200.000000000,16500.000000000,45.816424922,55,1
5.700000000,5.800000000,16500.000000000,16800.000000000,41.379407357,52,1
5.700000000,5.800000000,16800.000000000,17100.000000000,40.195058986,54,1
5.700000000,5.800000000,17100.000000000,17400.000000000,43.949600444,47,1
5.700000000,5.800000000,17400.000000000,17700.000000000,40.628552761,48,1
5.700000000,5.800000000,17700.000000000,18000.000000000,45.805766696,54,1
5.700000000,5.800000000,18000.000000000,18300.000000000,43.320972459,49,1
5.700000000,5.800000000,18300.000000000,18600.000000000,43.810208620,42,1
5.700000000,5.800000000,18600.000000000,18900.000000000,42.359647233,50,1
5.700000000,5.800000000,18900.000000000,19200.000000000,40.965416370,50,1
5.700000000,5.800000000,19200.000000000,19500.000000000,41.592006790,60,1
5.700000000,5.800000000,19500.000000000,19800.000000000,39.010884221,50,1
5.700000000,5.800000000,19800.000000000,20100.000000000,43.692503983,58,1
5.700000000,5.800000000,20100.000000000,20400.000000000,40.801635849,42,1
5.700000000,5.800000000,20400.000000000,20700.000000000,44.619201209,52,1
5.700000000,5.800000000,20700.000000000,21000.000000000,42.724683665,46,1
5.700000000,5.800000000,21000.000000000,21300.000000000,41.982565071,58,1
5.700000000,5.800000000,21300.000000000,21600.000000000,42.930520128,50,1
5.800000000,5.900000000,0.000000000,300.000000000,65.000000000,0,0
5.800000000,5.900000000,300.000000000,600.000000000,42.547886756,20,1
5.800000000,5.900000000,600.000000000,900.000000000,44.521176584,56,1
5.800000000,5.900000000,900.000000000,1200.000000000,44.527753249,40,1
5.800000000,5.900000000,1200.000000000,1500.000000000,42.103108341,49,1
5.800000000,5.900000000,1500.000000000,1800.000000000,42.314158302,59,1
5.800000000,5.900000000,1800.000000000,2100.000000000,40.480753249,43,1
5.800000000,5.900000000,2100.000000000,2400.000000000,43.854240916,58,1
5.800000000,5.900000000,2400.000000000,2700.000000000,45.778445183,47,1
5.800000000,5.900000000,2700.000000000,3000.000000000,44.123684216,53,1
5.800000000,5.900000000,3000.000000000,3300.000000000,43.954850509,50,1
5.800000000,5.900000000,3300.000000000,3600.000000000,41.108727050,58,1
5.800000000,5.900000000,3600.000000000,3900.000000000,41.769538737,56,1
5.800000000,5.900000000,3900.000000000,4200.000000000,43.654131094,44,1
5.800000000,5.900000000,4200.000000000,4500.000000000,41.411483931,55,1
5.800000000,5.900000000,4500.000000000,4800.000000000,41.251376787,48,1
5.800000000,5.900000000,4800.000000000,5100.000000000,41.594432955,59,1
5.800000000,5.900000000,5100.000000000,5400.000000000,42.069854940,55,1
5.800000000,5.900000000,5400.000000000,5700.000000000,44.940860095,47,1
5.800000000,5.900000000,5700.000000000,6000.000000000,40.976862063,55,1
5.800000000,5.900000000,6000.000000000,6300.000000000,43.462084453,54,1
5.800000000,5.900000000,6300.000000000,6600.000000000,44.255796872,45,1
5.800000000,5.900000000,6600.000000000,6900.000000000,41.832424527,44,1
5.800000000,5.900000000,6900.000000000,7200.000000000,45.299598519,47,1
5.800000000,5.900000000,7200.000000000,7500.000000000,41.177301723,63,1
5.800000000,5.900000000,7500.000000000,7800.000000000,41.627416611,49,1
5.800000000,5.900000000,7800.000000000,8100.000000000,41.599616696,50,1
5.800000000,5.900000000,8100.000000000,8400.000000000,42.506144283,54,1
5.800000000,5.900000000,8400.000000000,8700.000000000,42.591059754,40,1
5.800000000,5.900000000,8700.000000000,9000.000000000,42.620984535,59,1
5.800000000,5.900000000,9000.000000000,9300.000000000,41.009479226,48,1
5.800000000,5.900000000,9300.000000000,9600.000000000,39.470936899,51,1
5.800000000,5.900000000,9600.000000000,9900.000000000,46.362759762,54,1
5.800000000,5.900000000,9900.000000000,10200.000000000,44.242327060,59,1
5.800000000,5.900000000,10200.000000000,10500.000000000,42.133400721,46,1
5.800000000,5.900000000,10500.000000000,10800.000000000,44.426657269,56,1
5.800000000,5.900000000,10800.000000000,11100.000000000,46.542551759,40,1
5.800000000,5.900000000,11100.000000000,11400.000000000,42.617281123,54,1
5.800000000,5.900000000,11400.000000000,11700.000000000,45.441082939,47,1
5.800000000,5.900000000,11700.000000000,12000.000000000,41.979642137,47,1
5.800000000,5.900000000,12000.000000000,12300.000000000,43.247356208,50,1
5.800000000,5.900000000,12300.000000000,12600.000000000,45.445980973,52,1
5.800000000,5.900000000,12600.000000000,12900.000000000,40.078749355,44,1
5.800000000,5.900000000,12900.000000000,13200.000000000,43.458315392,65,1
5.800000000,5.900000000,13200.000000000,13500.000000000,42.461898299,42,1
5.800000000,5.900000000,13500.000000000,13800.000000000,43.871753282,57,1
5.800000000,5.900000000,13800.000000000,14100.000000000,41.090211024,44,1
5.800000000,5.900000000,14100.000000000,14400.000000000,42.705322739,47,1
5.800000000,5.900000000,14400.000000000,14700.000000000,40.236307298,63,1
5.800000000,5.900000000,14700.000000000,15000.000000000,43.816720554,50,1
5.800000000,5.900000000,15000.000000000,15300.000000000,43.186523602,45,1
5.800000000,5.900000000,15300.000000000,15600.000000000,42.373483812,63,1
5.800000000,5.900000000,15600.000000000,15900.000000000,41.864826459,48,1
5.800000000,5.900000000,15900.000000000,16200.000000000,43.963847000,46,1
5.800000000,5.900000000,16200.000000000,16500.000000000,45.151388137,53,1
5.800000000,5.900000000,16500.000000000,16800.000000000,41.308662069,50,1
5.800000000,5.900000000,16800.000000000,17100.000000000,40.705604901,54,1
5.800000000,5.900000000,17100.000000000,17400.000000000,44.048255704,51,1
5.800000000,5.900000000,17400.000000000,17700.000000000,40.317106739,47,1
5.800000000,5.900000000,17700.000000000,18000.000000000,46.023340304,50,1
5.800000000,5.900000000,18000.000000000,18300.000000000,42.989359813,53,1
5.800000000,5.900000000,18300.000000000,18600.000000000,44.109669795,42,1
5.800000000,5.900000000,18600.000000000,18900.000000000,43.147816758,49,1
5.800000000,5.900000000,18900.000000000,19200.000000000,41.497683704,50,1
5.800000000,5.900000000,19200.000000000,19500.000000000,41.398005173,56,1
5.800000000,5.900000000,19500.000000000,19800.000000000,38.822491586,49,1
5.800000000,5.900000000,19800.000000000,20100.000000000,42.633167871,60,1
5.800000000,5.900000000,20100.000000000,20400.000000000,42.010746558,42,1
5.800000000,5.900000000,20400.000000000,20700.000000000,45.434962254,52,1
5.800000000,5.900000000,20700.000000000,21000.000000000,42.540595397,46,1
5.800000000,5.900000000,21000.000000000,21300.000000000,41.799220738,58,1
5.800000000,5.900000000,21300.000000000,21600.000000000,43.479092658,46,1
5.900000000,6.000000000,0.000000000,300.000000000,65.000000000,0,0
5.900000000,6.000000000,300.000000000,600.000000000,42.915548407,18,1
5.900000000,6.000000000,600.000000000,900.000000000,43.859908773,58,1
5.900000000,6.000000000,900.000000000,1200.000000000,43.815456141,40,1
5.900000000,6.000000000,1200.000000000,1500.000000000,42.569640988,45,1
5.900000000,6.000000000,1500.000000000,1800.000000000,42.031947635,58,1
5.900000000,6.000000000,1800.000000000,2100.000000000,40.569880845,47,1
5.900000000,6.000000000,2100.000000000,2400.000000000,43.954951076,54,1
5.900000000,6.000000000,2400.000000000,2700.000000000,45.464988176,49,1
5.900000000,6.000000000,2700.000000000,3000.000000000,43.824360215,49,1
5.900000000,6.000000000,3000.000000000,3300.000000000,44.057627674,47,1
5.900000000,6.000000000,3300.000000000,3600.000000000,41.007745594,59,1
5.900000000,6.000000000,3600.000000000,3900.000000000,41.170007197,53,1
5.900000000,6.000000000,3900.000000000,4200.000000000,43.992465244,46,1
5.900000000,6.000000000,4200.000000000,4500.000000000,41.407291743,55,1
5.900000000,6.000000000,4500.000000000,4800.000000000,42.156490045,51,1
5.900000000,6.000000000,4800.000000000,5100.000000000,41.114829750,58,1
5.900000000,6.000000000,5100.000000000,5400.000000000,42.528737413,54,1
5.900000000,6.000000000,5400.000000000,5700.000000000,45.284741796,50,1
5.900000000,6.000000000,5700.000000000,6000.000000000,41.421693912,55,1
5.900000000,6.000000000,6000.000000000,6300.000000000,43.522684153,56,1
5.900000000,6.000000000,6300.000000000,6600.000000000,43.491439994,45,1
5.900000000,6.000000000,6600.000000000,6900.000000000,42.141456405,46,1
5.900000000,6.000000000,6900.000000000,7200.000000000,45.381206814,46,1
5.900000000,6.000000000,7200.000000000,7500.000000000,40.721489019,64,1
5.900000000,6.000000000,7500.000000000,7800.000000000,41.886074885,49,1
5.900000000,6.000000000,7800.000000000,8100.000000000,41.566814217,50,1
5.900000000,6.000000000,8100.000000000,8400.000000000,42.846507576,55,1
5.900000000,6.000000000,8400.000000000,8700.000000000,43.298554835,39,1
5.900000000,6.000000000,8700.000000000,9000.000000000,42.738343568,61,1
5.900000000,6.000000000,9000.000000000,9300.000000000,42.161775076,50,1
5.900000000,6.000000000,9300.000000000,9600.000000000,39.170713315,51,1
5.900000000,6.000000000,9600.000000000,9900.000000000,46.290888203,51,1
5.900000000,6.000000000,9900.000000000,10200.000000000,43.760035905,63,1
5.900000000,6.000000000,10200.000000000,10500.000000000,43.727497022,48,1
5.900000000,6.000000000,10500.000000000,10800.000000000,43.722691703,53,1
5.900000000,6.000000000,10800.000000000,11100.000000000,45.962574504,42,1
5.900000000,6.000000000,11100.000000000,11400.000000000,43.180044888,54,1
5.900000000,6.000000000,11400.000000000,11700.000000000,46.412627825,47,1
5.900000000,6.000000000,11700.000000000,12000.000000000,42.265246973,47,1
5.900000000,6.000000000,12000.000000000,12300.000000000,41.832096381,50,1
5.900000000,6.000000000,12300.000000000,12600.000000000,45.508662820,49,1
5.900000000,6.000000000,12600.000000000,12900.000000000,38.641574129,43,1
5.900000000,6.000000000,12900.000000000,13200.000000000,43.436525712,65,1
5.900000000,6.000000000,13200.000000000,13500.000000000,43.190037921,41,1
5.900000000,6.000000000,13500.000000000,13800.000000000,44.807078812,54,1
5.900000000,6.000000000,13800.000000000,14100.000000000,41.166120295,45,1
5.900000000,6.000000000,14100.000000000,14400.000000000,43.898053505,47,1
5.900000000,6.000000000,14400.000000000,14700.000000000,39.934718667,59,1
5.900000000,6.000000000,14700.000000000,15000.000000000,44.022832640,52,1
5.900000000,6.000000000,15000.000000000,15300.000000000,43.342892126,41,1
5.900000000,6.000000000,15300.000000000,15600.000000000,39.987049778,59,1
5.900000000,6.000000000,15600.000000000,15900.000000000,41.380174066,51,1
5.900000000,6.000000000,15900.000000000,16200.000000000,43.739171500,48,1
5.900000000,6.000000000,16200.000000000,16500.000000000,43.961693382,55,1
5.900000000,6.000000000,16500.000000000,16800.000000000,43.241963299,51,1
5.900000000,6.000000000,16800.000000000,17100.000000000,41.632553616,50,1
5.900000000,6.000000000,17100.000000000,17400.000000000,43.704274072,55,1
5.900000000,6.000000000,17400.000000000,17700.000000000,41.655721771,49,1
5.900000000,6.000000000,17700.000000000,18000.000000000,45.818560308,47,1
5.900000000,6.000000000,18000.000000000,18300.000000000,43.525500428,55,1
5.900000000,6.000000000,18300.000000000,18600.000000000,44.123964268,42,1
5.900000000,6.000000000,18600.000000000,18900.000000000,43.630571853,51,1
5.900000000,6.000000000,18900.000000000,19200.000000000,41.193815861,50,1
5.900000000,6.000000000,19200.000000000,19500.000000000,39.879476393,54,1
5.900000000,6.000000000,19500.000000000,19800.000000000,39.021308522,46,1
5.900000000,6.000000000,19800.000000000,20100.000000000,42.582619580,63,1
5.900000000,6.000000000,20100.000000000,20400.000000000,42.674250418,42,1
5.900000000,6.000000000,20400.000000000,20700.000000000,45.198731475,55,1
5.900000000,6.000000000,20700.000000000,21000.000000000,41.080840187,46,1
5.900000000,6.000000000,21000.000000000,21300.000000000,41.999461334,58,1
5.900000000,6.000000000,21300.000000000,21600.000000000,43.563833926,44,1
6.000000000,6.100000000,0.000000000,300.000000000,65.000000000,0,0
6.000000000,6.100000000,300.000000000,600.000000000,43.963306276,14,1
6.000000000,6.100000000,600.000000000,900.000000000,43.691824091,61,1
6.000000000,6.100000000,900.000000000,1200.000000000,42.716560560,40,1
6.000000000,6.100000000,1200.000000000,1500.000000000,42.508251198,43,1
6.000000000,6.100000000,1500.000000000,1800.000000000,41.522967463,56,1
6.000000000,6.100000000,1800.000000000,2100.000000000,41.620120215,51,1
6.000000000,6.100000000,2100.000000000,2400.000000000,44.191475046,51,1
6.000000000,6.100000000,2400.000000000,2700.000000000,44.968408873,53,1
6.000000000,6.100000000,2700.000000000,3000.000000000,43.181242451,50,1
6.000000000,6.100000000,3000.000000000,3300.000000000,44.926668271,47,1
6.000000000,6.100000000,3300.000000000,3600.000000000,40.839148407,59,1
6.000000000,6.100000000,3600.000000000,3900.000000000,39.800548012,52,1
6.000000000,6.100000000,3900.000000000,4200.000000000,45.005945920,47,1
6.000000000,6.100000000,4200.000000000,4500.000000000,41.732040857,54,1
6.000000000,6.100000000,4500.000000000,4800.000000000,42.630697899,51,1
6.000000000,6.100000000,4800.000000000,5100.000000000,41.093080206,55,1
6.000000000,6.100000000,5100.000000000,5400.000000000,43.582990000,51,1
6.000000000,6.100000000,5400.000000000,5700.000000000,45.262164271,50,1
6.000000000,6.100000000,5700.000000000,6000.000000000,42.251122211,54,1
6.000000000,6.100000000,6000.000000000,6300.000000000,43.422831039,59,1
6.000000000,6.100000000,6300.000000000,6600.000000000,44.178147210,45,1
6.000000000,6.100000000,6600.000000000,6900.000000000,41.413518234,49,1
6.000000000,6.100000000,6900.000000000,7200.000000000,45.275835540,45,1
6.000000000,6.100000000,7200.000000000,7500.000000000,40.771291373,64,1
6.000000000,6.100000000,7500.000000000,7800.000000000,42.466108846,49,1
6.000000000,6.100000000,7800.000000000,8100.000000000,41.968559243,49,1
6.000000000,6.100000000,8100.000000000,8400.000000000,43.036580786,59,1
6.000000000,6.100000000,8400.000000000,8700.000000000,44.045627918,39,1
6.000000000,6.100000000,8700.000000000,9000.000000000,42.425668196,59,1
6.000000000,6.100000000,9000.000000000,9300.000000000,42.274991652,53,1
6.000000000,6.100000000,9300.000000000,9600.000000000,38.936941727,51,1
6.000000000,6.100000000,9600.000000000,9900.000000000,46.197773438,50,1
6.000000000,6.100000000,9900.000000000,10200.000000000,43.535405340,63,1
6.000000000,6.100000000,10200.000000000,10500.000000000,44.035324453,49,1
6.000000000,6.100000000,10500.000000000,10800.000000000,44.149779298,51,1
6.000000000,6.100000000,10800.000000000,11100.000000000,44.815819706,44,1
6.000000000,6.100000000,11100.000000000,11400.000000000,43.262300504,53,1
6.000000000,6.100000000,11400.000000000,11700.000000000,45.977789881,50,1
6.000000000,6.100000000,11700.000000000,12000.000000000,42.377144749,47,1
6.000000000,6.100000000,12000.000000000,12300.000000000,41.844145876,50,1
6.000000000,6.100000000,12300.000000000,12600.000000000,45.210362484,49,1
6.000000000,6.100000000,12600.000000000,12900.000000000,39.106171289,43,1
6.000000000,6.100000000,12900.000000000,13200.000000000,43.587368502,65,1
6.000000000,6.100000000,13200.000000000,13500.000000000,41.788363078,41,1
6.000000000,6.100000000,13500.000000000,13800.000000000,45.787547484,54,1
6.000000000,6.100000000,13800.000000000,14100.000000000,41.708237029,45,1
6.000000000,6.100000000,14100.000000000,14400.000000000,44.696913514,47,1
6.000000000,6.100000000,14400.000000000,14700.000000000,40.252321065,56,1
6.000000000,6.100000000,14700.000000000,15000.000000000,44.442096291,53,1
6.000000000,6.100000000,15000.000000000,15300.000000000,43.416166416,41,1
6.000000000,6.100000000,15300.000000000,15600.000000000,38.137768513,56,1
6.000000000,6.100000000,15600.000000000,15900.000000000,41.303998791,50,1
6.000000000,6.100000000,15900.000000000,16200.000000000,42.880182887,49,1
6.000000000,6.100000000,16200.000000000,16500.000000000,44.124053692,52,1
6.000000000,6.100000000,16500.000000000,16800.000000000,43.159444437,55,1
6.000000000,6.100000000,16800.000000000,17100.000000000,42.053647996,48,1
6.000000000,6.100000000,17100.000000000,17400.000000000,42.072110509,56,1
6.000000000,6.100000000,17400.000000000,17700.000000000,42.048854163,50,1
6.000000000,6.100000000,17700.000000000,18000.000000000,45.707946338,45,1
6.000000000,6.100000000,18000.000000000,18300.000000000,44.499369927,55,1
6.000000000,6.100000000,18300.000000000,18600.000000000,44.200099374,40,1
6.000000000,6.100000000,18600.000000000,18900.000000000,43.534781079,51,1
6.000000000,6.100000000,18900.000000000,19200.000000000,41.819692722,50,1
6.000000000,6.100000000,19200.000000000,19500.000000000,38.942137698,53,1
6.000000000,6.100000000,19500.000000000,19800.000000000,39.001831681,45,1
6.000000000,6.100000000,19800.000000000,20100.000000000,41.907343378,66,1
6.000000000,6.100000000,20100.000000000,20400.000000000,43.274470933,43,1
6.000000000,6.100000000,20400.000000000,20700.000000000,44.454146988,59,1
6.000000000,6.100000000,20700.000000000,21000.000000000,40.284823468,46,1
6.000000000,6.100000000,21000.000000000,21300.000000000,42.309845649,58,1
6.000000000,6.100000000,21300.000000000,21600.000000000,43.252362348,45,1
6.100000000,6.200000000,0.000000000,300.000000000,65.000000000,0,0
6.100000000,6.200000000,300.000000000,600.000000000,43.996703346,12,1
6.100000000,6.200000000,600.000000000,900.000000000,43.716158233,63,1
6.100000000,6.200000000,900.000000000,1200.000000000,43.096171341,40,1
6.100000000,6.200000000,1200.000000000,1500.000000000,42.781109283,41,1
6.100000000,6.200000000,1500.000000000,1800.000000000,42.008240022,54,1
6.100000000,6.200000000,1800.000000000,2100.000000000,42.146211136,53,1
6.100000000,6.200000000,2100.000000000,2400.000000000,44.280712478,48,1
6.100000000,6.200000000,2400.000000000,2700.000000000,45.410570391,50,1
6.100000000,6.200000000,2700.000000000,3000.000000000,42.647520200,52,1
6.100000000,6.200000000,3000.000000000,3300.000000000,44.983487060,47,1
6.100000000,6.200000000,3300.000000000,3600.000000000,40.101795652,58,1
6.100000000,6.200000000,3600.000000000,3900.000000000,38.491646561,56,1
6.100000000,6.200000000,3900.000000000,4200.000000000,45.326636320,45,1
6.100000000,6.200000000,4200.000000000,4500.000000000,42.137362864,54,1
6.100000000,6.200000000,4500.000000000,4800.000000000,42.305807153,52,1
6.100000000,6.200000000,4800.000000000,5100.000000000,41.374796547,57,1
6.100000000,6.200000000,5100.000000000,5400.000000000,43.189650727,50,1
6.100000000,6.200000000,5400.000000000,5700.000000000,43.982275714,51,1
6.100000000,6.200000000,5700.000000000,6000.000000000,42.219467581,50,1
6.100000000,6.200000000,6000.000000000,6300.000000000,43.592931098,61,1
6.100000000,6.200000000,6300.000000000,6600.000000000,44.424648376,46,1
6.100000000,6.200000000,6600.000000000,6900.000000000,41.351957192,49,1
6.100000000,6.200000000,6900.000000000,7200.000000000,45.831905111,47,1
6.100000000,6.200000000,7200.000000000,7500.000000000,40.292973899,63,1
6.100000000,6.200000000,7500.000000000,7800.000000000,40.687185801,52,1
6.100000000,6.200000000,7800.000000000,8100.000000000,42.394326484,46,1
6.100000000,6.200000000,8100.000000000,8400.000000000,42.450382674,60,1
6.100000000,6.200000000,8400.000000000,8700.000000000,43.235659193,43,1
6.100000000,6.200000000,8700.000000000,9000.000000000,42.471363247,55,1
6.100000000,6.200000000,9000.000000000,9300.000000000,42.519303171,54,1
6.100000000,6.200000000,9300.000000000,9600.000000000,38.883227216,48,1
6.100000000,6.200000000,9600.000000000,9900.000000000,45.261415125,48,1
6.100000000,6.200000000,9900.000000000,10200.000000000,43.988358937,62,1
6.100000000,6.200000000,10200.000000000,10500.000000000,44.122171041,53,1
6.100000000,6.200000000,10500.000000000,10800.000000000,44.563866893,49,1
6.100000000,6.200000000,10800.000000000,11100.000000000,43.952925708,47,1
6.100000000,6.200000000,11100.000000000,11400.000000000,43.408208361,51,1
6.100000000,6.200000000,11400.000000000,11700.000000000,44.913144150,54,1
6.100000000,6.200000000,11700.000000000,12000.000000000,42.554144947,48,1
6.100000000,6.200000000,12000.000000000,12300.000000000,42.680117423,52,1
6.100000000,6.200000000,12300.000000000,12600.000000000,44.241446086,49,1
6.100000000,6.200000000,12600.000000000,12900.000000000,40.698721050,43,1
6.100000000,6.200000000,12900.000000000,13200.000000000,43.068085945,65,1
6.100000000,6.200000000,13200.000000000,13500.000000000,40.938870944,44,1
6.100000000,6.200000000,13500.000000000,13800.000000000,45.562050130,54,1
6.100000000,6.200000000,13800.000000000,14100.000000000,42.520137301,46,1
6.100000000,6.200000000,14100.000000000,14400.000000000,44.537362002,47,1
6.100000000,6.200000000,14400.000000000,14700.000000000,41.602789845,55,1
6.100000000,6.200000000,14700.000000000,15000.000000000,44.349002430,53,1
6.100000000,6.200000000,15000.000000000,15300.000000000,43.097484013,42,1
6.100000000,6.200000000,15300.000000000,15600.000000000,36.021701984,55,1
6.100000000,6.200000000,15600.000000000,15900.000000000,40.912684461,47,1
6.100000000,6.200000000,15900.000000000,16200.000000000,42.404971626,52,1
6.100000000,6.200000000,16200.000000000,16500.000000000,42.812435734,49,1
6.100000000,6.200000000,16500.000000000,16800.000000000,42.293608102,53,1
6.100000000,6.200000000,16800.000000000,17100.000000000,41.809619371,47,1
6.100000000,6.200000000,17100.000000000,17400.000000000,41.351416758,55,1
6.100000000,6.200000000,17400.000000000,17700.000000000,41.973344964,51,1
6.100000000,6.200000000,17700.000000000,18000.000000000,45.536119943,45,1
6.100000000,6.200000000,18000.000000000,18300.000000000,45.014834551,55,1
6.100000000,6.200000000,18300.000000000,18600.000000000,44.167452191,40,1
6.100000000,6.200000000,18600.000000000,18900.000000000,43.772784842,52,1
6.100000000,6.200000000,18900.000000000,19200.000000000,42.411337654,51,1
6.100000000,6.200000000,19200.000000000,19500.000000000,38.701028516,50,1
6.100000000,6.200000000,19500.000000000,19800.000000000,38.382924819,44,1
6.100000000,6.200000000,19800.000000000,20100.000000000,40.502606826,66,1
6.100000000,6.200000000,20100.000000000,20400.000000000,44.034777989,40,1
6.100000000,6.200000000,20400.000000000,20700.000000000,44.114829427,63,1
6.100000000,6.200000000,20700.000000000,21000.000000000,39.782767243,46,1
6.100000000,6.200000000,21000.000000000,21300.000000000,41.846303837,56,1
6.100000000,6.200000000,21300.000000000,21600.000000000,43.730254802,49,1
6.200000000,6.300000000,0.000000000,300.000000000,65.000000000,0,0
6.200000000,6.300000000,300.000000000,600.000000000,45.635458980,10,1
6.200000000,6.300000000,600.000000000,900.000000000,44.118870032,63,1
6.200000000,6.300000000,900.000000000,1200.000000000,42.873976699,40,1
6.200000000,6.300000000,1200.000000000,1500.000000000,43.161852244,39,1
6.200000000,6.300000000,1500.000000000,1800.000000000,43.413516398,52,1
6.200000000,6.300000000,1800.000000000,2100.000000000,41.730124556,57,1
6.200000000,6.300000000,2100.000000000,2400.000000000,44.380310035,48,1
6.200000000,6.300000000,2400.000000000,2700.000000000,45.894994111,48,1
6.200000000,6.300000000,2700.000000000,3000.000000000,43.562400086,52,1
6.200000000,6.300000000,3000.000000000,3300.000000000,44.060518501,48,1
6.200000000,6.300000000,3300.000000000,3600.000000000,39.371220508,53,1
6.200000000,6.300000000,3600.000000000,3900.000000000,38.962574242,59,1
6.200000000,6.300000000,3900.000000000,4200.000000000,44.620321993,47,1
6.200000000,6.300000000,4200.000000000,4500.000000000,41.687366733,55,1
6.200000000,6.300000000,4500.000000000,4800.000000000,41.432313703,50,1
6.200000000,6.300000000,4800.000000000,5100.000000000,41.399954917,57,1
6.200000000,6.300000000,5100.000000000,5400.000000000,42.928333882,51,1
6.200000000,6.300000000,5400.000000000,5700.000000000,43.098578547,54,1
6.200000000,6.300000000,5700.000000000,6000.000000000,42.343402417,46,1
6.200000000,6.300000000,6000.000000000,6300.000000000,43.530756298,57,1
6.200000000,6.300000000,6300.000000000,6600.000000000,44.761623436,48,1
6.200000000,6.300000000,6600.000000000,6900.000000000,42.036078932,48,1
6.200000000,6.300000000,6900.000000000,7200.000000000,46.033159387,48,1
6.200000000,6.300000000,7200.000000000,7500.000000000,40.903835926,59,1
6.200000000,6.300000000,7500.000000000,7800.000000000,40.397325469,56,1
6.200000000,6.300000000,7800.000000000,8100.000000000,44.044911850,45,1
6.200000000,6.300000000,8100.000000000,8400.000000000,41.440121007,58,1
6.200000000,6.300000000,8400.000000000,8700.000000000,43.242821776,47,1
6.200000000,6.300000000,8700.000000000,9000.000000000,43.437912098,58,1
6.200000000,6.300000000,9000.000000000,9300.000000000,42.461839784,54,1
6.200000000,6.300000000,9300.000000000,9600.000000000,38.676894621,49,1
6.200000000,6.300000000,9600.000000000,9900.000000000,45.155303834,49,1
6.200000000,6.300000000,9900.000000000,10200.000000000,45.062419374,58,1
6.200000000,6.300000000,10200.000000000,10500.000000000,44.528941739,57,1
6.200000000,6.300000000,10500.000000000,10800.000000000,44.885011131,47,1
6.200000000,6.300000000,10800.000000000,11100.000000000,42.509214168,50,1
6.200000000,6.300000000,11100.000000000,11400.000000000,42.740538945,48,1
6.200000000,6.300000000,11400.000000000,11700.000000000,44.555967595,53,1
6.200000000,6.300000000,11700.000000000,12000.000000000,43.137510246,46,1
6.200000000,6.300000000,12000.000000000,12300.000000000,43.000238523,55,1
6.200000000,6.300000000,12300.000000000,12600.000000000,44.423796765,50,1
6.200000000,6.300000000,12600.000000000,12900.000000000,42.396189684,43,1
6.200000000,6.300000000,12900.000000000,13200.000000000,43.335367727,62,1
6.200000000,6.300000000,13200.000000000,13500.000000000,40.675632405,43,1
6.200000000,6.300000000,13500.000000000,13800.000000000,44.891843820,54,1
6.200000000,6.300000000,13800.000000000,14100.000000000,43.393702615,49,1
6.200000000,6.300000000,14100.000000000,14400.000000000,43.738871375,49,1
6.200000000,6.300000000,14400.000000000,14700.000000000,42.420602584,55,1
6.200000000,6.300000000,14700.000000000,15000.000000000,43.789066719,52,1
6.200000000,6.300000000,15000.000000000,15300.000000000,42.307282639,46,1
6.200000000,6.300000000,15300.000000000,15600.000000000,36.578720141,55,1
6.200000000,6.300000000,15600.000000000,15900.000000000,42.222234904,43,1
6.200000000,6.300000000,15900.000000000,16200.000000000,42.343541828,54,1
6.200000000,6.300000000,16200.000000000,16500.000000000,41.854293117,50,1
6.200000000,6.300000000,16500.000000000,16800.000000000,41.962089136,49,1
6.200000000,6.300000000,16800.000000000,17100.000000000,41.862503016,51,1
6.200000000,6.300000000,17100.000000000,17400.000000000,41.894733842,55,1
6.200000000,6.300000000,17400.000000000,17700.000000000,42.778227588,51,1
6.200000000,6.300000000,17700.000000000,18000.000000000,45.572247384,47,1
6.200000000,6.300000000,18000.000000000,18300.000000000,45.003179895,55,1
6.200000000,6.300000000,18300.000000000,18600.000000000,44.704064331,43,1
6.200000000,6.300000000,18600.000000000,18900.000000000,43.724634470,52,1
6.200000000,6.300000000,18900.000000000,19200.000000000,42.733301173,55,1
6.200000000,6.300000000,19200.000000000,19500.000000000,38.832160404,48,1
6.200000000,6.300000000,19500.000000000,19800.000000000,37.733768825,39,1
6.200000000,6.300000000,19800.000000000,20100.000000000,40.236239061,71,1
6.200000000,6.300000000,20100.000000000,20400.000000000,44.282553635,37,1
6.200000000,6.300000000,20400.000000000,20700.000000000,44.227670371,63,1
6.200000000,6.300000000,20700.000000000,21000.000000000,39.415564514,49,1
6.200000000,6.300000000,21000.000000000,21300.000000000,41.332690882,53,1
6.200000000,6.300000000,21300.000000000,21600.000000000,44.176763903,53,1
6.300000000,6.400000000,0.000000000,300.000000000,65.000000000,0,0
6.300000000,6.400000000,300.000000000,600.000000000,45.226256767,10,1
6.300000000,6.400000000,600.000000000,900.000000000,43.444270080,63,1
6.300000000,6.400000000,900.000000000,1200.000000000,42.172812264,40,1
6.300000000,6.400000000,1200.000000000,1500.000000000,42.152507409,39,1
6.300000000,6.400000000,1500.000000000,1800.000000000,42.907825500,48,1
6.300000000,6.400000000,1800.000000000,2100.000000000,42.772174649,58,1
6.300000000,6.400000000,2100.000000000,2400.000000000,43.910297833,48,1
6.300000000,6.400000000,2400.000000000,2700.000000000,46.041891974,48,1
6.300000000,6.400000000,2700.000000000,3000.000000000,44.052518629,52,1
6.300000000,6.400000000,3000.000000000,3300.000000000,44.070537701,48,1
6.300000000,6.400000000,3300.000000000,3600.000000000,40.341829476,48,1
6.300000000,6.400000000,3600.000000000,3900.000000000,38.870232218,63,1
6.300000000,6.400000000,3900.000000000,4200.000000000,43.595395182,44,1
6.300000000,6.400000000,4200.000000000,4500.000000000,41.992725060,56,1
6.300000000,6.400000000,4500.000000000,4800.000000000,41.312152065,52,1
6.300000000,6.400000000,4800.000000000,5100.000000000,40.719749406,53,1
6.300000000,6.400000000,5100.000000000,5400.000000000,43.287353127,53,1
6.300000000,6.400000000,5400.000000000,5700.000000000,43.251969924,54,1
6.300000000,6.400000000,5700.000000000,6000.000000000,42.765670244,46,1
6.300000000,6.400000000,6000.000000000,6300.000000000,43.298402278,56,1
6.300000000,6.400000000,6300.000000000,6600.000000000,45.513240688,48,1
6.300000000,6.400000000,6600.000000000,6900.000000000,41.894770506,47,1
6.300000000,6.400000000,6900.000000000,7200.000000000,45.438347331,48,1
6.300000000,6.400000000,7200.000000000,7500.000000000,42.061993305,56,1
6.300000000,6.400000000,7500.000000000,7800.000000000,41.041369194,57,1
6.300000000,6.400000000,7800.000000000,8100.000000000,44.019506217,47,1
6.300000000,6.400000000,8100.000000000,8400.000000000,39.303004149,56,1
6.300000000,6.400000000,8400.000000000,8700.000000000,43.209433447,44,1
6.300000000,6.400000000,8700.000000000,9000.000000000,44.015875994,61,1
6.300000000,6.400000000,9000.000000000,9300.000000000,42.696753697,51,1
6.300000000,6.400000000,9300.000000000,9600.000000000,40.046323280,52,1
6.300000000,6.400000000,9600.000000000,9900.000000000,44.235514017,52,1
6.300000000,6.400000000,9900.000000000,10200.000000000,45.553982367,55,1
6.300000000,6.400000000,10200.000000000,10500.000000000,44.402987356,58,1
6.300000000,6.400000000,10500.000000000,10800.000000000,45.271210888,46,1
6.300000000,6.400000000,10800.000000000,11100.000000000,41.360417296,53,1
6.300000000,6.400000000,11100.000000000,11400.000000000,41.313234364,48,1
6.300000000,6.400000000,11400.000000000,11700.000000000,45.558065636,52,1
6.300000000,6.400000000,11700.000000000,12000.000000000,42.627586410,44,1
6.300000000,6.400000000,12000.000000000,12300.000000000,43.460138461,56,1
6.300000000,6.400000000,12300.000000000,12600.000000000,45.817000484,51,1
6.300000000,6.400000000,12600.000000000,12900.000000000,42.215924262,43,1
6.300000000,6.400000000,12900.000000000,13200.000000000,43.982362503,62,1
6.300000000,6.400000000,13200.000000000,13500.000000000,41.453740180,45,1
6.300000000,6.400000000,13500.000000000,13800.000000000,44.667534733,50,1
6.300000000,6.400000000,13800.000000000,14100.000000000,44.205918284,50,1
6.300000000,6.400000000,14100.000000000,14400.000000000,44.190724416,50,1
6.300000000,6.400000000,14400.000000000,14700.000000000,42.976786245,57,1
6.300000000,6.400000000,14700.000000000,15000.000000000,44.071445360,51,1
6.300000000,6.400000000,15000.000000000,15300.000000000,40.648778107,51,1
6.300000000,6.400000000,15300.000000000,15600.000000000,38.582305187,55,1
6.300000000,6.400000000,15600.000000000,15900.000000000,41.327878830,45,1
6.300000000,6.400000000,15900.000000000,16200.000000000,42.494283682,53,1
6.300000000,6.400000000,16200.000000000,16500.000000000,40.809255654,50,1
6.300000000,6.400000000,16500.000000000,16800.000000000,42.786540201,46,1
6.300000000,6.400000000,16800.000000000,17100.000000000,41.752489934,54,1
6.300000000,6.400000000,17100.000000000,17400.000000000,42.657620575,55,1
6.300000000,6.400000000,17400.000000000,17700.000000000,43.035396563,49,1
6.300000000,6.400000000,17700.000000000,18000.000000000,45.318640619,47,1
6.300000000,6.400000000,18000.000000000,18300.000000000,43.730937196,55,1
6.300000000,6.400000000,18300.000000000,18600.000000000,44.019441530,45,1
6.300000000,6.400000000,18600.000000000,18900.000000000,43.356541730,49,1
6.300000000,6.400000000,18900.000000000,19200.000000000,43.111178749,58,1
6.300000000,6.400000000,19200.000000000,19500.000000000,38.013073702,48,1
6.300000000,6.400000000,19500.000000000,19800.000000000,38.506598090,35,1
6.300000000,6.400000000,19800.000000000,20100.000000000,40.489404919,72,1
6.300000000,6.400000000,20100.000000000,20400.000000000,42.885896069,36,1
6.300000000,6.400000000,20400.000000000,20700.000000000,43.675359852,63,1
6.300000000,6.400000000,20700.000000000,21000.000000000,38.214254138,49,1
6.300000000,6.400000000,21000.000000000,21300.000000000,40.986170012,49,1
6.300000000,6.400000000,21300.000000000,21600.000000000,44.025911022,56,1
6.400000000,6.500000000,0.000000000,300.000000000,65.000000000,0,0
6.400000000,6.500000000,300.000000000,600.000000000,44.495772037,10,1
6.400000000,6.500000000,600.000000000,900.000000000,43.145991758,66,1
6.400000000,6.500000000,900.000000000,1200.000000000,42.120068973,41,1
6.400000000,6.500000000,1200.000000000,1500.000000000,43.132259684,42,1
6.400000000,6.500000000,1500.000000000,1800.000000000,42.223234054,48,1
6.400000000,6.500000000,1800.000000000,2100.000000000,43.326384033,59,1
6.400000000,6.500000000,2100.000000000,2400.000000000,44.074191686,49,1
6.400000000,6.500000000,2400.000000000,2700.000000000,46.346524474,48,1
6.400000000,6.500000000,2700.000000000,3000.000000000,43.423900698,52,1
6.400000000,6.500000000,3000.000000000,3300.000000000,44.483719923,48,1
6.400000000,6.500000000,3300.000000000,3600.000000000,41.287188935,44,1
6.400000000,6.500000000,3600.000000000,3900.000000000,39.077218169,64,1
6.400000000,6.500000000,3900.000000000,4200.000000000,43.577929467,47,1
6.400000000,6.500000000,4200.000000000,4500.000000000,42.274975852,58,1
6.400000000,6.500000000,4500.000000000,4800.000000000,41.547947681,52,1
6.400000000,6.500000000,4800.000000000,5100.000000000,40.333569649,50,1
6.400000000,6.500000000,5100.000000000,5400.000000000,42.818222047,56,1
6.400000000,6.500000000,5400.000000000,5700.000000000,42.686998395,54,1
6.400000000,6.500000000,5700.000000000,6000.000000000,42.680003796,46,1
6.400000000,6.500000000,6000.000000000,6300.000000000,42.267529233,54,1
6.400000000,6.500000000,6300.000000000,6600.000000000,45.154903816,52,1
6.400000000,6.500000000,6600.000000000,6900.000000000,41.483050023,47,1
6.400000000,6.500000000,6900.000000000,7200.000000000,44.944574721,48,1
6.400000000,6.500000000,7200.000000000,7500.000000000,43.033658392,52,1
6.400000000,6.500000000,7500.000000000,7800.000000000,41.242044297,56,1
6.400000000,6.500000000,7800.000000000,8100.000000000,43.628362946,50,1
6.400000000,6.500000000,8100.000000000,8400.000000000,37.955142857,56,1
6.400000000,6.500000000,8400.000000000,8700.000000000,42.001738752,41,1
6.400000000,6.500000000,8700.000000000,9000.000000000,43.759565925,62,1
6.400000000,6.500000000,9000.000000000,9300.000000000,43.074952747,47,1
6.400000000,6.500000000,9300.000000000,9600.000000000,41.240625524,52,1
6.400000000,6.500000000,9600.000000000,9900.000000000,43.787293777,53,1
6.400000000,6.500000000,9900.000000000,10200.000000000,44.534264275,55,1
6.400000000,6.500000000,10200.000000000,10500.000000000,43.264047744,55,1
6.400000000,6.500000000,10500.000000000,10800.000000000,45.301541247,46,1
6.400000000,6.500000000,10800.000000000,11100.000000000,40.898944640,55,1
6.400000000,6.500000000,11100.000000000,11400.000000000,40.365293329,49,1
6.400000000,6.500000000,11400.000000000,11700.000000000,46.236204380,53,1
6.400000000,6.500000000,11700.000000000,12000.000000000,41.465776816,41,1
6.400000000,6.500000000,12000.000000000,12300.000000000,42.393448118,56,1
6.400000000,6.500000000,12300.000000000,12600.000000000,46.702133620,52,1
6.400000000,6.500000000,12600.000000000,12900.000000000,40.581722190,43,1
6.400000000,6.500000000,12900.000000000,13200.000000000,44.161350285,59,1
6.400000000,6.500000000,13200.000000000,13500.000000000,42.763093170,48,1
6.400000000,6.500000000,13500.000000000,13800.000000000,44.366519844,49,1
6.400000000,6.500000000,13800.000000000,14100.000000000,45.040865566,49,1
6.400000000,6.500000000,14100.000000000,14400.000000000,45.189450454,51,1
6.400000000,6.500000000,14400.000000000,14700.000000000,43.219478705,54,1
6.400000000,6.500000000,14700.000000000,15000.000000000,44.493133409,51,1
6.400000000,6.500000000,15000.000000000,15300.000000000,40.031512147,54,1
6.400000000,6.500000000,15300.000000000,15600.000000000,39.449308892,52,1
6.400000000,6.500000000,15600.000000000,15900.000000000,40.668811453,49,1
6.400000000,6.500000000,15900.000000000,16200.000000000,42.389354688,53,1
6.400000000,6.500000000,16200.000000000,16500.000000000,41.121756229,54,1
6.400000000,6.500000000,16500.000000000,16800.000000000,43.857881868,42,1
6.400000000,6.500000000,16800.000000000,17100.000000000,42.257259006,55,1
6.400000000,6.500000000,17100.000000000,17400.000000000,42.445635011,55,1
6.400000000,6.500000000,17400.000000000,17700.000000000,42.012508820,50,1
6.400000000,6.500000000,17700.000000000,18000.000000000,44.820980246,47,1
6.400000000,6.500000000,18000.000000000,18300.000000000,42.508624586,54,1
6.400000000,6.500000000,18300.000000000,18600.000000000,42.526245035,47,1
6.400000000,6.500000000,18600.000000000,18900.000000000,43.867124238,48,1
6.400000000,6.500000000,18900.000000000,19200.000000000,41.939420026,60,1
6.400000000,6.500000000,19200.000000000,19500.000000000,36.988726376,48,1
6.400000000,6.500000000,19500.000000000,19800.000000000,40.316721406,31,1
6.400000000,6.500000000,19800.000000000,20100.000000000,41.417090310,73,1
6.400000000,6.500000000,20100.000000000,20400.000000000,41.895842692,35,1
6.400000000,6.500000000,20400.000000000,20700.000000000,43.574456848,63,1
6.400000000,6.500000000,20700.000000000,21000.000000000,38.586207867,49,1
6.400000000,6.500000000,21000.000000000,21300.000000000,42.098643345,45,1
6.400000000,6.500000000,21300.000000000,21600.000000000,43.555907940,55,1
6.500000000,6.600000000,0.000000000,300.000000000,65.000000000,0,0
6.500000000,6.600000000,300.000000000,600.000000000,48.691310024,6,1
6.500000000,6.600000000,600.000000000,900.000000000,42.258716054,67,1
6.500000000,6.600000000,900.000000000,1200.000000000,42.146995388,41,1
6.500000000,6.600000000,1200.000000000,1500.000000000,44.693413581,43,1
6.500000000,6.600000000,1500.000000000,1800.000000000,41.785409356,47,1
6.500000000,6.600000000,1800.000000000,2100.000000000,43.625257496,58,1
6.500000000,6.600000000,2100.000000000,2400.000000000,44.112141925,49,1
6.500000000,6.600000000,2400.000000000,2700.000000000,46.028952045,49,1
6.500000000,6.600000000,2700.000000000,3000.000000000,43.054849809,54,1
6.500000000,6.600000000,3000.000000000,3300.000000000,45.288754134,48,1
6.500000000,6.600000000,3300.000000000,3600.000000000,39.907832160,43,1
6.500000000,6.600000000,3600.000000000,3900.000000000,39.208412850,61,1
6.500000000,6.600000000,3900.000000000,4200.000000000,44.009213821,46,1
6.500000000,6.600000000,4200.000000000,4500.000000000,42.033662663,62,1
6.500000000,6.600000000,4500.000000000,4800.000000000,41.152894532,51,1
6.500000000,6.600000000,4800.000000000,5100.000000000,40.509985176,47,1
6.500000000,6.600000000,5100.000000000,5400.000000000,42.491026805,60,1
6.500000000,6.600000000,5400.000000000,5700.000000000,42.939040891,57,1
6.500000000,6.600000000,5700.000000000,6000.000000000,42.151312523,46,1
6.500000000,6.600000000,6000.000000000,6300.000000000,43.794426393,50,1
6.500000000,6.600000000,6300.000000000,6600.000000000,44.262550852,56,1
6.500000000,6.600000000,6600.000000000,6900.000000000,41.112294795,46,1
6.500000000,6.600000000,6900.000000000,7200.000000000,44.756496421,52,1
6.500000000,6.600000000,7200.000000000,7500.000000000,42.360570322,48,1
6.500000000,6.600000000,7500.000000000,7800.000000000,41.274303958,55,1
6.500000000,6.600000000,7800.000000000,8100.000000000,43.868387810,52,1
6.500000000,6.600000000,8100.000000000,8400.000000000,37.736933522,55,1
6.500000000,6.600000000,8400.000000000,8700.000000000,41.267495994,41,1
6.500000000,6.600000000,8700.000000000,9000.000000000,43.469055189,62,1
6.500000000,6.600000000,9000.000000000,9300.000000000,42.309886460,44,1
6.500000000,6.600000000,9300.000000000,9600.000000000,41.639130683,55,1
6.500000000,6.600000000,9600.000000000,9900.000000000,45.208492652,50,1
6.500000000,6.600000000,9900.000000000,10200.000000000,44.539613467,57,1
6.500000000,6.600000000,10200.000000000,10500.000000000,43.577566012,53,1
6.500000000,6.600000000,10500.000000000,10800.000000000,44.411381131,48,1
6.500000000,6.600000000,10800.000000000,11100.000000000,41.202218716,54,1
6.500000000,6.600000000,11100.000000000,11400.000000000,40.477015045,49,1
6.500000000,6.600000000,11400.000000000,11700.000000000,45.879987321,57,1
6.500000000,6.600000000,11700.000000000,12000.000000000,41.412242160,42,1
6.500000000,6.600000000,12000.000000000,12300.000000000,41.037597156,55,1
6.500000000,6.600000000,12300.000000000,12600.000000000,46.881704977,54,1
6.500000000,6.600000000,12600.000000000,12900.000000000,40.617292834,43,1
6.500000000,6.600000000,12900.000000000,13200.000000000,43.261717218,56,1
6.500000000,6.600000000,13200.000000000,13500.000000000,44.112177756,50,1
6.500000000,6.600000000,13500.000000000,13800.000000000,44.008196179,52,1
6.500000000,6.600000000,13800.000000000,14100.000000000,44.382736447,45,1
6.500000000,6.600000000,14100.000000000,14400.000000000,44.491633365,54,1
6.500000000,6.600000000,14400.000000000,14700.000000000,43.398087281,50,1
6.500000000,6.600000000,14700.000000000,15000.000000000,45.238354049,49,1
6.500000000,6.600000000,15000.000000000,15300.000000000,39.941460675,58,1
6.500000000,6.600000000,15300.000000000,15600.000000000,39.623228816,48,1
6.500000000,6.600000000,15600.000000000,15900.000000000,42.332735671,53,1
6.500000000,6.600000000,15900.000000000,16200.000000000,42.173783607,49,1
6.500000000,6.600000000,16200.000000000,16500.000000000,41.965072353,57,1
6.500000000,6.600000000,16500.000000000,16800.000000000,43.727825474,42,1
6.500000000,6.600000000,16800.000000000,17100.000000000,43.076658520,55,1
6.500000000,6.600000000,17100.000000000,17400.000000000,42.599512007,54,1
6.500000000,6.600000000,17400.000000000,17700.000000000,40.336208163,52,1
6.500000000,6.600000000,17700.000000000,18000.000000000,43.577410684,44,1
6.500000000,6.600000000,18000.000000000,18300.000000000,42.300414927,50,1
6.500000000,6.600000000,18300.000000000,18600.000000000,41.069308913,50,1
6.500000000,6.600000000,18600.000000000,18900.000000000,42.760164262,48,1
6.500000000,6.600000000,18900.000000000,19200.000000000,41.861210036,60,1
6.500000000,6.600000000,19200.000000000,19500.000000000,34.965599312,49,1
6.500000000,6.600000000,19500.000000000,19800.000000000,42.030378178,34,1
6.500000000,6.600000000,19800.000000000,20100.000000000,42.269855940,72,1
6.500000000,6.600000000,20100.000000000,20400.000000000,41.403416494,39,1
6.500000000,6.600000000,20400.000000000,20700.000000000,43.275671511,63,1
6.500000000,6.600000000,20700.000000000,21000.000000000,39.287618833,52,1
6.500000000,6.600000000,21000.000000000,21300.000000000,41.238422467,48,1
6.500000000,6.600000000,21300.000000000,21600.000000000,42.775866413,51,1
6.600000000,6.700000000,0.000000000,300.000000000,65.000000000,0,0
6.600000000,6.700000000,300.000000000,600.000000000,51.710656933,5,1
6.600000000,6.700000000,600.000000000,900.000000000,41.275775723,64,1
6.600000000,6.700000000,900.000000000,1200.000000000,41.901764957,40,1
6.600000000,6.700000000,1200.000000000,1500.000000000,45.127609757,43,1
6.600000000,6.700000000,1500.000000000,1800.000000000,42.645120785,47,1
6.600000000,6.700000000,1800.000000000,2100.000000000,43.572545778,58,1
6.600000000,6.700000000,2100.000000000,2400.000000000,43.716626845,51,1
6.600000000,6.700000000,2400.000000000,2700.000000000,45.815157489,47,1
6.600000000,6.700000000,2700.000000000,3000.000000000,42.796847223,54,1
6.600000000,6.700000000,3000.000000000,3300.000000000,44.788307533,50,1
6.600000000,6.700000000,3300.000000000,3600.000000000,38.684498217,43,1
6.600000000,6.700000000,3600.000000000,3900.000000000,39.334136121,58,1
6.600000000,6.700000000,3900.000000000,4200.000000000,44.435459751,44,1
6.600000000,6.700000000,4200.000000000,4500.000000000,41.114401092,64,1
6.600000000,6.700000000,4500.000000000,4800.000000000,40.887370856,54,1
6.600000000,6.700000000,4800.000000000,5100.000000000,41.444339614,47,1
6.600000000,6.700000000,5100.000000000,5400.000000000,41.432790971,61,1
6.600000000,6.700000000,5400.000000000,5700.000000000,42.819605147,58,1
6.600000000,6.700000000,5700.000000000,6000.000000000,42.117565558,47,1
6.600000000,6.700000000,6000.000000000,6300.000000000,45.028317014,48,1
6.600000000,6.700000000,6300.000000000,6600.000000000,44.541722941,56,1
6.600000000,6.700000000,6600.000000000,6900.000000000,42.670183967,43,1
6.600000000,6.700000000,6900.000000000,7200.000000000,44.801260798,56,1
6.600000000,6.700000000,7200.000000000,7500.000000000,42.705914137,47,1
6.600000000,6.700000000,7500.000000000,7800.000000000,41.458728922,53,1
6.600000000,6.700000000,7800.000000000,8100.000000000,43.465980954,53,1
6.600000000,6.700000000,8100.000000000,8400.000000000,39.222761057,55,1
6.600000000,6.700000000,8400.000000000,8700.000000000,41.319670388,43,1
6.600000000,6.700000000,8700.000000000,9000.000000000,42.631095944,61,1
6.600000000,6.700000000,9000.000000000,9300.000000000,41.723586527,42,1
6.600000000,6.700000000,9300.000000000,9600.000000000,42.564759263,57,1
6.600000000,6.700000000,9600.000000000,9900.000000000,45.001838927,48,1
6.600000000,6.700000000,9900.000000000,10200.000000000,44.586553088,56,1
6.600000000,6.700000000,10200.000000000,10500.000000000,43.783126921,52,1
6.600000000,6.700000000,10500.000000000,10800.000000000,43.141914209,51,1
6.600000000,6.700000000,10800.000000000,11100.000000000,41.530131451,55,1
6.600000000,6.700000000,11100.000000000,11400.000000000,41.423399567,46,1
6.600000000,6.700000000,11400.000000000,11700.000000000,45.204608978,57,1
6.600000000,6.700000000,11700.000000000,12000.000000000,41.791192239,45,1
6.600000000,6.700000000,12000.000000000,12300.000000000,40.462522925,53,1
6.600000000,6.700000000,12300.000000000,12600.000000000,45.360647238,57,1
6.600000000,6.700000000,12600.000000000,12900.000000000,41.960250516,42,1
6.600000000,6.700000000,12900.000000000,13200.000000000,43.018124129,55,1
6.600000000,6.700000000,13200.000000000,13500.000000000,44.302855320,48,1
6.600000000,6.700000000,13500.000000000,13800.000000000,43.938303190,51,1
6.600000000,6.700000000,13800.000000000,14100.000000000,43.496053142,45,1
6.600000000,6.700000000,14100.000000000,14400.000000000,43.515609976,57,1
6.600000000,6.700000000,14400.000000000,14700.000000000,43.747146650,49,1
6.600000000,6.700000000,14700.000000000,15000.000000000,45.658277934,45,1
6.600000000,6.700000000,15000.000000000,15300.000000000,40.551971870,59,1
6.600000000,6.700000000,15300.000000000,15600.000000000,39.794592953,43,1
6.600000000,6.700000000,15600.000000000,15900.000000000,42.204490648,57,1
6.600000000,6.700000000,15900.000000000,16200.000000000,42.537991528,45,1
6.600000000,6.700000000,16200.000000000,16500.000000000,41.596310854,59,1
6.600000000,6.700000000,16500.000000000,16800.000000000,43.069734372,42,1
6.600000000,6.700000000,16800.000000000,17100.000000000,42.770309849,52,1
6.600000000,6.700000000,17100.000000000,17400.000000000,42.783241606,53,1
6.600000000,6.700000000,17400.000000000,17700.000000000,41.287537606,55,1
6.600000000,6.700000000,17700.000000000,18000.000000000,41.971726746,44,1
6.600000000,6.700000000,18000.000000000,18300.000000000,42.736731045,47,1
6.600000000,6.700000000,18300.000000000,18600.000000000,40.991981588,54,1
6.600000000,6.700000000,18600.000000000,18900.000000000,41.186241034,48,1
6.600000000,6.700000000,18900.000000000,19200.000000000,41.953432728,58,1
6.600000000,6.700000000,19200.000000000,19500.000000000,35.649447429,50,1
6.600000000,6.700000000,19500.000000000,19800.000000000,42.840707961,36,1
6.600000000,6.700000000,19800.000000000,20100.000000000,42.426974360,68,1
6.600000000,6.700000000,20100.000000000,20400.000000000,41.199454695,42,1
6.600000000,6.700000000,20400.000000000,20700.000000000,43.364734680,60,1
6.600000000,6.700000000,20700.000000000,21000.000000000,39.469732671,53,1
6.600000000,6.700000000,21000.000000000,21300.000000000,41.679326663,50,1
6.600000000,6.700000000,21300.000000000,21600.000000000,42.822525492,49,1
6.700000000,6.800000000,0.000000000,300.000000000,65.000000000,0,0
6.700000000,6.800000000,300.000000000,600.000000000,53.001023157,5,1
6.700000000,6.800000000,600.000000000,900.000000000,41.001959346,64,1
6.700000000,6.800000000,900.000000000,1200.000000000,42.234915221,42,1
6.700000000,6.800000000,1200.000000000,1500.000000000,45.401339039,43,1
6.700000000,6.800000000,1500.000000000,1800.000000000,44.224463463,47,1
6.700000000,6.800000000,1800.000000000,2100.000000000,41.782700477,54,1
6.700000000,6.800000000,2100.000000000,2400.000000000,43.051266904,55,1
6.700000000,6.800000000,2400.000000000,2700.000000000,45.374692354,48,1
6.700000000,6.800000000,2700.000000000,3000.000000000,43.389177916,51,1
6.700000000,6.800000000,3000.000000000,3300.000000000,43.776173057,51,1
6.700000000,6.800000000,3300.000000000,3600.000000000,39.471188641,43,1
6.700000000,6.800000000,3600.000000000,3900.000000000,39.178870449,57,1
6.700000000,6.800000000,3900.000000000,4200.000000000,44.241914804,46,1
6.700000000,6.800000000,4200.000000000,4500.000000000,41.299167870,60,1
6.700000000,6.800000000,4500.000000000,4800.000000000,41.401290448,54,1
6.700000000,6.800000000,4800.000000000,5100.000000000,41.493188979,47,1
6.700000000,6.800000000,5100.000000000,5400.000000000,41.327538027,64,1
6.700000000,6.800000000,5400.000000000,5700.000000000,42.752627180,57,1
6.700000000,6.800000000,5700.000000000,6000.000000000,43.800885974,49,1
6.700000000,6.800000000,6000.000000000,6300.000000000,44.954154111,48,1
6.700000000,6.800000000,6300.000000000,6600.000000000,45.079077630,58,1
6.700000000,6.800000000,6600.000000000,6900.000000000,43.965053060,42,1
6.700000000,6.800000000,6900.000000000,7200.000000000,43.967077635,57,1
6.700000000,6.800000000,7200.000000000,7500.000000000,42.712474877,48,1
6.700000000,6.800000000,7500.000000000,7800.000000000,40.973047316,52,1
6.700000000,6.800000000,7800.000000000,8100.000000000,42.932365283,56,1
6.700000000,6.800000000,8100.000000000,8400.000000000,40.349545452,52,1
6.700000000,6.800000000,8400.000000000,8700.000000000,42.149567938,48,1
6.700000000,6.800000000,8700.000000000,9000.000000000,41.700399861,60,1
6.700000000,6.800000000,9000.000000000,9300.000000000,41.389301448,42,1
6.700000000,6.800000000,9300.000000000,9600.000000000,42.662447566,57,1
6.700000000,6.800000000,9600.000000000,9900.000000000,44.377570100,48,1
6.700000000,6.800000000,9900.000000000,10200.000000000,45.099098470,52,1
6.700000000,6.800000000,10200.000000000,10500.000000000,43.546233301,53,1
6.700000000,6.800000000,10500.000000000,10800.000000000,43.452666920,52,1
6.700000000,6.800000000,10800.000000000,11100.000000000,42.404595555,57,1
6.700000000,6.800000000,11100.000000000,11400.000000000,41.354701541,44,1
6.700000000,6.800000000,11400.000000000,11700.000000000,43.758756356,56,1
6.700000000,6.800000000,11700.000000000,12000.000000000,41.539041665,49,1
6.700000000,6.800000000,12000.000000000,12300.000000000,39.861651341,49,1
6.700000000,6.800000000,12300.000000000,12600.000000000,44.656089397,59,1
6.700000000,6.800000000,12600.000000000,12900.000000000,43.037471628,43,1
6.700000000,6.800000000,12900.000000000,13200.000000000,43.626536863,55,1
6.700000000,6.800000000,13200.000000000,13500.000000000,43.969588262,48,1
6.700000000,6.800000000,13500.000000000,13800.000000000,44.138933475,51,1
6.700000000,6.800000000,13800.000000000,14100.000000000,42.595943792,45,1
6.700000000,6.800000000,14100.000000000,14400.000000000,43.974297302,59,1
6.700000000,6.800000000,14400.000000000,14700.000000000,43.615226971,52,1
6.700000000,6.800000000,14700.000000000,15000.000000000,44.913864762,45,1
6.700000000,6.800000000,15000.000000000,15300.000000000,41.710251286,59,1
6.700000000,6.800000000,15300.000000000,15600.000000000,40.975022663,40,1
6.700000000,6.800000000,15600.000000000,15900.000000000,40.884681048,61,1
6.700000000,6.800000000,15900.000000000,16200.000000000,43.305547329,44,1
6.700000000,6.800000000,16200.000000000,16500.000000000,40.534609972,59,1
6.700000000,6.800000000,16500.000000000,16800.000000000,43.405789216,42,1
6.700000000,6.800000000,16800.000000000,17100.000000000,43.232944033,51,1
6.700000000,6.800000000,17100.000000000,17400.000000000,43.243957755,51,1
6.700000000,6.800000000,17400.000000000,17700.000000000,42.524445418,59,1
6.700000000,6.800000000,17700.000000000,18000.000000000,42.724937022,43,1
6.700000000,6.800000000,18000.000000000,18300.000000000,42.150413048,43,1
6.700000000,6.800000000,18300.000000000,18600.000000000,41.699374356,56,1
6.700000000,6.800000000,18600.000000000,18900.000000000,39.855765148,48,1
6.700000000,6.800000000,18900.000000000,19200.000000000,43.250994143,53,1
6.700000000,6.800000000,19200.000000000,19500.000000000,37.387976701,53,1
6.700000000,6.800000000,19500.000000000,19800.000000000,43.335443639,36,1
6.700000000,6.800000000,19800.000000000,20100.000000000,41.256942112,65,1
6.700000000,6.800000000,20100.000000000,20400.000000000,41.907575504,46,1
6.700000000,6.800000000,20400.000000000,20700.000000000,43.435257335,55,1
6.700000000,6.800000000,20700.000000000,21000.000000000,38.295294861,55,1
6.700000000,6.800000000,21000.000000000,21300.000000000,41.883767606,53,1
6.700000000,6.800000000,21300.000000000,21600.000000000,43.214505058,51,1
6.800000000,6.900000000,0.000000000,300.000000000,65.000000000,0,0
6.800000000,6.900000000,300.000000000,600.000000000,52.595759149,5,1
6.800000000,6.900000000,600.000000000,900.000000000,41.149642254,62,1
6.800000000,6.900000000,900.000000000,1200.000000000,41.896089848,46,1
6.800000000,6.900000000,1200.000000000,1500.000000000,44.559764106,45,1
6.800000000,6.900000000,1500.000000000,1800.000000000,43.749714563,47,1
6.800000000,6.900000000,1800.000000000,2100.000000000,41.533162423,51,1
6.800000000,6.900000000,2100.000000000,2400.000000000,42.519622790,56,1
6.800000000,6.900000000,2400.000000000,2700.000000000,44.835993454,48,1
6.800000000,6.900000000,2700.000000000,3000.000000000,43.073889685,55,1
6.800000000,6.900000000,3000.000000000,3300.000000000,43.091076479,54,1
6.800000000,6.900000000,3300.000000000,3600.000000000,40.613080635,40,1
6.800000000,6.900000000,3600.000000000,3900.000000000,39.323834396,55,1
6.800000000,6.900000000,3900.000000000,4200.000000000,42.823307021,49,1
6.800000000,6.900000000,4200.000000000,4500.000000000,42.676080595,57,1
6.800000000,6.900000000,4500.000000000,4800.000000000,41.238709784,54,1
6.800000000,6.900000000,4800.000000000,5100.000000000,42.390940394,43,1
6.800000000,6.900000000,5100.000000000,5400.000000000,40.734881838,67,1
6.800000000,6.900000000,5400.000000000,5700.000000000,41.777676468,53,1
6.800000000,6.900000000,5700.000000000,6000.000000000,43.891077813,51,1
6.800000000,6.900000000,6000.000000000,6300.000000000,43.891232468,45,1
6.800000000,6.900000000,6300.000000000,6600.000000000,45.556977385,57,1
6.800000000,6.900000000,6600.000000000,6900.000000000,44.476236705,42,1
6.800000000,6.900000000,6900.000000000,7200.000000000,42.750178401,58,1
6.800000000,6.900000000,7200.000000000,7500.000000000,42.229187892,48,1
6.800000000,6.900000000,7500.000000000,7800.000000000,40.916254455,49,1
6.800000000,6.900000000,7800.000000000,8100.000000000,42.131985847,59,1
6.800000000,6.900000000,8100.000000000,8400.000000000,40.440280451,48,1
6.800000000,6.900000000,8400.000000000,8700.000000000,40.793218387,52,1
6.800000000,6.900000000,8700.000000000,9000.000000000,40.807276623,56,1
6.800000000,6.900000000,9000.000000000,9300.000000000,40.773472126,46,1
6.800000000,6.900000000,9300.000000000,9600.000000000,42.514250225,57,1
6.800000000,6.900000000,9600.000000000,9900.000000000,44.976172076,49,1
6.800000000,6.900000000,9900.000000000,10200.000000000,46.454105713,49,1
6.800000000,6.900000000,10200.000000000,10500.000000000,44.016745884,53,1
6.800000000,6.900000000,10500.000000000,10800.000000000,43.080971550,53,1
6.800000000,6.900000000,10800.000000000,11100.000000000,42.284436984,60,1
6.800000000,6.900000000,11100.000000000,11400.000000000,41.099295713,42,1
6.800000000,6.900000000,11400.000000000,11700.000000000,43.312232494,57,1
6.800000000,6.900000000,11700.000000000,12000.000000000,41.221366601,50,1
6.800000000,6.900000000,12000.000000000,12300.000000000,40.216649082,51,1
6.800000000,6.900000000,12300.000000000,12600.000000000,44.281073639,58,1
6.800000000,6.900000000,12600.000000000,12900.000000000,43.623752175,44,1
6.800000000,6.900000000,12900.000000000,13200.000000000,43.379876546,59,1
6.800000000,6.900000000,13200.000000000,13500.000000000,43.836704372,45,1
6.800000000,6.900000000,13500.000000000,13800.000000000,43.575832313,53,1
6.800000000,6.900000000,13800.000000000,14100.000000000,41.754452246,42,1
6.800000000,6.900000000,14100.000000000,14400.000000000,44.676915771,55,1
6.800000000,6.900000000,14400.000000000,14700.000000000,43.273906824,56,1
6.800000000,6.900000000,14700.000000000,15000.000000000,44.513432737,46,1
6.800000000,6.900000000,15000.000000000,15300.000000000,42.496619112,58,1
6.800000000,6.900000000,15300.000000000,15600.000000000,41.929502018,39,1
6.800000000,6.900000000,15600.000000000,15900.000000000,40.643260042,65,1
6.800000000,6.900000000,15900.000000000,16200.000000000,43.622415805,44,1
6.800000000,6.900000000,16200.000000000,16500.000000000,38.842849003,59,1
6.800000000,6.900000000,16500.000000000,16800.000000000,43.292400296,46,1
6.800000000,6.900000000,16800.000000000,17100.000000000,44.050139335,54,1
6.800000000,6.900000000,17100.000000000,17400.000000000,44.440142739,49,1
6.800000000,6.900000000,17400.000000000,17700.000000000,43.269726159,62,1
6.800000000,6.900000000,17700.000000000,18000.000000000,43.092219443,45,1
6.800000000,6.900000000,18000.000000000,18300.000000000,41.938778120,41,1
6.800000000,6.900000000,18300.000000000,18600.000000000,42.123827426,56,1
6.800000000,6.900000000,18600.000000000,18900.000000000,39.445874815,48,1
6.800000000,6.900000000,18900.000000000,19200.000000000,43.933553383,49,1
6.800000000,6.900000000,19200.000000000,19500.000000000,38.407119677,57,1
6.800000000,6.900000000,19500.000000000,19800.000000000,43.202233424,39,1
6.800000000,6.900000000,19800.000000000,20100.000000000,39.952382425,62,1
6.800000000,6.900000000,20100.000000000,20400.000000000,42.060681507,50,1
6.800000000,6.900000000,20400.000000000,20700.000000000,44.108006667,51,1
6.800000000,6.900000000,20700.000000000,21000.000000000,37.698215735,55,1
6.800000000,6.900000000,21000.000000000,21300.000000000,41.320764540,54,1
6.800000000,6.900000000,21300.000000000,21600.000000000,43.025464984,51,1
6.900000000,7.000000000,0.000000000,300.000000000,65.000000000,0,0
6.900000000,7.000000000,300.000000000,600.000000000,52.482099461,5,1
6.900000000,7.000000000,600.000000000,900.000000000,41.525665440,57,1
6.900000000,7.000000000,900.000000000,1200.000000000,41.914836272,49,1
6.900000000,7.000000000,1200.000000000,1500.000000000,42.873902955,49,1
6.900000000,7.000000000,1500.000000000,1800.000000000,41.838428226,47,1
6.900000000,7.000000000,1800.000000000,2100.000000000,42.453637166,49,1
6.900000000,7.000000000,2100.000000000,2400.000000000,42.699596465,56,1
6.900000000,7.000000000,2400.000000000,2700.000000000,44.762906542,44,1
6.900000000,7.000000000,2700.000000000,3000.000000000,42.101706709,55,1
6.900000000,7.000000000,3000.000000000,3300.000000000,42.714083432,54,1
6.900000000,7.000000000,3300.000000000,3600.000000000,41.583961544,41,1
6.900000000,7.000000000,3600.000000000,3900.000000000,39.990007875,52,1
6.900000000,7.000000000,3900.000000000,4200.000000000,40.931235579,51,1
6.900000000,7.000000000,4200.000000000,4500.000000000,42.630734279,53,1
6.900000000,7.000000000,4500.000000000,4800.000000000,41.601271934,57,1
6.900000000,7.000000000,4800.000000000,5100.000000000,42.110657229,43,1
6.900000000,7.000000000,5100.000000000,5400.000000000,40.586567974,67,1
6.900000000,7.000000000,5400.000000000,5700.000000000,40.477372009,50,1
6.900000000,7.000000000,5700.000000000,6000.000000000,43.117712590,55,1
6.900000000,7.000000000,6000.000000000,6300.000000000,44.126149123,45,1
6.900000000,7.000000000,6300.000000000,6600.000000000,45.491260285,55,1
6.900000000,7.000000000,6600.000000000,6900.000000000,45.049863562,41,1
6.900000000,7.000000000,6900.000000000,7200.000000000,42.338141582,58,1
6.900000000,7.000000000,7200.000000000,7500.000000000,41.535630830,50,1
6.900000000,7.000000000,7500.000000000,7800.000000000,41.532933188,45,1
6.900000000,7.000000000,7800.000000000,8100.000000000,42.854573245,61,1
6.900000000,7.000000000,8100.000000000,8400.000000000,41.778222167,46,1
6.900000000,7.000000000,8400.000000000,8700.000000000,40.029376833,53,1
6.900000000,7.000000000,8700.000000000,9000.000000000,40.761876099,53,1
6.900000000,7.000000000,9000.000000000,9300.000000000,40.399283588,49,1
6.900000000,7.000000000,9300.000000000,9600.000000000,42.893193013,56,1
6.900000000,7.000000000,9600.000000000,9900.000000000,44.851230860,52,1
6.900000000,7.000000000,9900.000000000,10200.000000000,46.268277267,49,1
6.900000000,7.000000000,10200.000000000,10500.000000000,44.239817150,53,1
6.900000000,7.000000000,10500.000000000,10800.000000000,43.320255550,52,1
6.900000000,7.000000000,10800.000000000,11100.000000000,41.709928038,62,1
6.900000000,7.000000000,11100.000000000,11400.000000000,41.279624858,41,1
6.900000000,7.000000000,11400.000000000,11700.000000000,42.757204993,59,1
6.900000000,7.000000000,11700.000000000,12000.000000000,42.694209119,50,1
6.900000000,7.000000000,12000.000000000,12300.000000000,41.396631953,54,1
6.900000000,7.000000000,12300.000000000,12600.000000000,43.432345395,58,1
6.900000000,7.000000000,12600.000000000,12900.000000000,41.576583485,43,1
6.900000000,7.000000000,12900.000000000,13200.000000000,43.950773174,62,1
6.900000000,7.000000000,13200.000000000,13500.000000000,42.986612604,41,1
6.900000000,7.000000000,13500.000000000,13800.000000000,43.210015660,57,1
6.900000000,7.000000000,13800.000000000,14100.000000000,42.776342973,44,1
6.900000000,7.000000000,14100.000000000,14400.000000000,44.218572832,51,1
6.900000000,7.000000000,14400.000000000,14700.000000000,42.915512040,56,1
6.900000000,7.000000000,14700.000000000,15000.000000000,45.141205436,50,1
6.900000000,7.000000000,15000.000000000,15300.000000000,41.776534649,54,1
6.900000000,7.000000000,15300.000000000,15600.000000000,42.123768895,39,1
6.900000000,7.000000000,15600.000000000,15900.000000000,40.258416067,68,1
6.900000000,7.000000000,15900.000000000,16200.000000000,43.433572786,46,1
6.900000000,7.000000000,16200.000000000,16500.000000000,39.692763722,54,1
6.900000000,7.000000000,16500.000000000,16800.000000000,42.286718122,44,1
6.900000000,7.000000000,16800.000000000,17100.000000000,43.501129778,53,1
6.900000000,7.000000000,17100.000000000,17400.000000000,44.936362359,46,1
6.900000000,7.000000000,17400.000000000,17700.000000000,43.991172261,63,1
6.900000000,7.000000000,17700.000000000,18000.000000000,43.180538259,48,1
6.900000000,7.000000000,18000.000000000,18300.000000000,42.360626443,43,1
6.900000000,7.000000000,18300.000000000,18600.000000000,41.048726659,56,1
6.900000000,7.000000000,18600.000000000,18900.000000000,39.681084670,50,1
6.900000000,7.000000000,18900.000000000,19200.000000000,43.313802068,45,1
6.900000000,7.000000000,19200.000000000,19500.000000000,38.318604589,57,1
6.900000000,7.000000000,19500.000000000,19800.000000000,43.570735776,44,1
6.900000000,7.000000000,19800.000000000,20100.000000000,39.731553253,58,1
6.900000000,7.000000000,20100.000000000,20400.000000000,41.548821900,54,1
6.900000000,7.000000000,20400.000000000,20700.000000000,44.374756920,47,1
6.900000000,7.000000000,20700.000000000,21000.000000000,38.955933840,51,1
6.900000000,7.000000000,21000.000000000,21300.000000000,41.927547746,55,1
6.900000000,7.000000000,21300.000000000,21600.000000000,42.592283639,50,1
7.000000000,7.100000000,0.000000000,300.000000000,65.000000000,0,0
7.000000000,7.100000000,300.000000000,600.000000000,53.000879593,5,1
7.000000000,7.100000000,600.000000000,900.000000000,41.846525083,53,1
7.000000000,7.100000000,900.000000000,1200.000000000,42.907650589,48,1
7.000000000,7.100000000,1200.000000000,1500.000000000,42.636440789,53,1
7.000000000,7.100000000,1500.000000000,1800.000000000,41.167509805,47,1
7.000000000,7.100000000,1800.000000000,2100.000000000,43.543303119,49,1
7.000000000,7.100000000,2100.000000000,2400.000000000,43.043788582,56,1
7.000000000,7.100000000,2400.000000000,2700.000000000,45.553826776,42,1
7.000000000,7.100000000,2700.000000000,3000.000000000,42.195494521,55,1
7.000000000,7.100000000,3000.000000000,3300.000000000,43.082949707,56,1
7.000000000,7.100000000,3300.000000000,3600.000000000,41.884621771,42,1
7.000000000,7.100000000,3600.000000000,3900.000000000,39.770053305,49,1
7.000000000,7.100000000,3900.000000000,4200.000000000,39.618303497,53,1
7.000000000,7.100000000,4200.000000000,4500.000000000,42.557903330,51,1
7.000000000,7.100000000,4500.000000000,4800.000000000,42.075052636,56,1
7.000000000,7.100000000,4800.000000000,5100.000000000,41.879339128,46,1
7.000000000,7.100000000,5100.000000000,5400.000000000,40.627735183,67,1
7.000000000,7.100000000,5400.000000000,5700.000000000,40.474143249,49,1
7.000000000,7.100000000,5700.000000000,6000.000000000,43.399340559,58,1
7.000000000,7.100000000,6000.000000000,6300.000000000,44.322508590,45,1
7.000000000,7.100000000,6300.000000000,6600.000000000,44.402141714,54,1
7.000000000,7.100000000,6600.000000000,6900.000000000,44.425462078,41,1
7.000000000,7.100000000,6900.000000000,7200.000000000,42.517915282,56,1
7.000000000,7.100000000,7200.000000000,7500.000000000,41.707763625,50,1
7.000000000,7.100000000,7500.000000000,7800.000000000,41.811350988,44,1
7.000000000,7.100000000,7800.000000000,8100.000000000,43.782630554,59,1
7.000000000,7.100000000,8100.000000000,8400.000000000,41.958142118,46,1
7.000000000,7.100000000,8400.000000000,8700.000000000,39.965815274,54,1
7.000000000,7.100000000,8700.000000000,9000.000000000,41.577880881,49,1
7.000000000,7.100000000,9000.000000000,9300.000000000,41.965831919,52,1
7.000000000,7.100000000,9300.000000000,9600.000000000,42.109066180,52,1
7.000000000,7.100000000,9600.000000000,9900.000000000,44.323574259,52,1
7.000000000,7.100000000,9900.000000000,10200.000000000,46.271765972,48,1
7.000000000,7.100000000,10200.000000000,10500.000000000,44.579121962,52,1
7.000000000,7.100000000,10500.000000000,10800.000000000,44.212026766,49,1
7.000000000,7.100000000,10800.000000000,11100.000000000,41.522820369,58,1
7.000000000,7.100000000,11100.000000000,11400.000000000,41.838649990,43,1
7.000000000,7.100000000,11400.000000000,11700.000000000,42.169637429,57,1
7.000000000,7.100000000,11700.000000000,12000.000000000,43.167480688,49,1
7.000000000,7.100000000,12000.000000000,12300.000000000,41.528793557,53,1
7.000000000,7.100000000,12300.000000000,12600.000000000,44.459492845,59,1
7.000000000,7.100000000,12600.000000000,12900.000000000,40.790900949,43,1
7.000000000,7.100000000,12900.000000000,13200.000000000,43.955305719,65,1
7.000000000,7.100000000,13200.000000000,13500.000000000,44.308306519,39,1
7.000000000,7.100000000,13500.000000000,13800.000000000,42.920954906,57,1
7.000000000,7.100000000,13800.000000000,14100.000000000,43.576357908,46,1
7.000000000,7.100000000,14100.000000000,14400.000000000,44.201108945,50,1
7.000000000,7.100000000,14400.000000000,14700.000000000,43.409512627,55,1
7.000000000,7.100000000,14700.000000000,15000.000000000,45.236157202,53,1
7.000000000,7.100000000,15000.000000000,15300.000000000,42.665204961,51,1
7.000000000,7.100000000,15300.000000000,15600.000000000,41.389991150,38,1
7.000000000,7.100000000,15600.000000000,15900.000000000,40.355081392,66,1
7.000000000,7.100000000,15900.000000000,16200.000000000,42.750702022,49,1
7.000000000,7.100000000,16200.000000000,16500.000000000,41.221981184,50,1
7.000000000,7.100000000,16500.000000000,16800.000000000,42.957966060,48,1
7.000000000,7.100000000,16800.000000000,17100.000000000,42.961550040,53,1
7.000000000,7.100000000,17100.000000000,17400.000000000,44.901737281,44,1
7.000000000,7.100000000,17400.000000000,17700.000000000,43.581734496,63,1
7.000000000,7.100000000,17700.000000000,18000.000000000,43.359746303,50,1
7.000000000,7.100000000,18000.000000000,18300.000000000,42.510132138,43,1
7.000000000,7.100000000,18300.000000000,18600.000000000,40.704848289,53,1
7.000000000,7.100000000,18600.000000000,18900.000000000,40.737343085,53,1
7.000000000,7.100000000,18900.000000000,19200.000000000,44.609061418,40,1
7.000000000,7.100000000,19200.000000000,19500.000000000,38.842578410,57,1
7.000000000,7.100000000,19500.000000000,19800.000000000,43.421179522,48,1
7.000000000,7.100000000,19800.000000000,20100.000000000,40.930371202,54,1
7.000000000,7.100000000,20100.000000000,20400.000000000,39.968004475,57,1
7.000000000,7.100000000,20400.000000000,20700.000000000,44.375883865,47,1
7.000000000,7.100000000,20700.000000000,21000.000000000,39.752582575,47,1
7.000000000,7.100000000,21000.000000000,21300.000000000,41.418837820,56,1
7.000000000,7.100000000,21300.000000000,21600.000000000,42.725956925,47,1
7.100000000,7.200000000,0.000000000,300.000000000,65.000000000,0,0
7.100000000,7.200000000,300.000000000,600.000000000,53.363420814,5,1
7.100000000,7.200000000,600.000000000,900.000000000,42.332487289,50,1
7.100000000,7.200000000,900.000000000,1200.000000000,43.491064138,48,1
7.100000000,7.200000000,1200.000000000,1500.000000000,42.603661720,57,1
7.100000000,7.200000000,1500.000000000,1800.000000000,41.082885020,48,1
7.100000000,7.200000000,1800.000000000,2100.000000000,43.651556310,49,1
7.100000000,7.200000000,2100.000000000,2400.000000000,42.166770644,56,1
7.100000000,7.200000000,2400.000000000,2700.000000000,45.831295849,43,1
7.100000000,7.200000000,2700.000000000,3000.000000000,41.348775246,54,1
7.100000000,7.200000000,3000.000000000,3300.000000000,43.915880591,57,1
7.100000000,7.200000000,3300.000000000,3600.000000000,42.487995184,42,1
7.100000000,7.200000000,3600.000000000,3900.000000000,40.613335751,48,1
7.100000000,7.200000000,3900.000000000,4200.000000000,40.135618787,53,1
7.100000000,7.200000000,4200.000000000,4500.000000000,42.317214387,49,1
7.100000000,7.200000000,4500.000000000,4800.000000000,42.811692415,53,1
7.100000000,7.200000000,4800.000000000,5100.000000000,41.729235752,47,1
7.100000000,7.200000000,5100.000000000,5400.000000000,41.200111613,66,1
7.100000000,7.200000000,5400.000000000,5700.000000000,40.823945304,48,1
7.100000000,7.200000000,5700.000000000,6000.000000000,42.988418720,58,1
7.100000000,7.200000000,6000.000000000,6300.000000000,44.402806752,48,1
7.100000000,7.200000000,6300.000000000,6600.000000000,43.669113661,54,1
7.100000000,7.200000000,6600.000000000,6900.000000000,44.222649917,41,1
7.100000000,7.200000000,6900.000000000,7200.000000000,43.130656186,56,1
7.100000000,7.200000000,7200.000000000,7500.000000000,41.685460160,51,1
7.100000000,7.200000000,7500.000000000,7800.000000000,41.407208381,44,1
7.100000000,7.200000000,7800.000000000,8100.000000000,44.184217629,58,1
7.100000000,7.200000000,8100.000000000,8400.000000000,41.355678447,45,1
7.100000000,7.200000000,8400.000000000,8700.000000000,40.144112556,58,1
7.100000000,7.200000000,8700.000000000,9000.000000000,40.736274818,47,1
7.100000000,7.200000000,9000.000000000,9300.000000000,43.105366844,54,1
7.100000000,7.200000000,9300.000000000,9600.000000000,42.090625091,49,1
7.100000000,7.200000000,9600.000000000,9900.000000000,44.329324785,53,1
7.100000000,7.200000000,9900.000000000,10200.000000000,45.913596118,50,1
7.100000000,7.200000000,10200.000000000,10500.000000000,44.970567907,52,1
7.100000000,7.200000000,10500.000000000,10800.000000000,44.445404153,49,1
7.100000000,7.200000000,10800.000000000,11100.000000000,41.382223743,55,1
7.100000000,7.200000000,11100.000000000,11400.000000000,42.739197195,45,1
7.100000000,7.200000000,11400.000000000,11700.000000000,40.998133775,56,1
7.100000000,7.200000000,11700.000000000,12000.000000000,43.460850438,47,1
7.100000000,7.200000000,12000.000000000,12300.000000000,42.090447734,52,1
7.100000000,7.200000000,12300.000000000,12600.000000000,44.927655830,58,1
7.100000000,7.200000000,12600.000000000,12900.000000000,41.493319371,44,1
7.100000000,7.200000000,12900.000000000,13200.000000000,43.480405805,63,1
7.100000000,7.200000000,13200.000000000,13500.000000000,44.904330673,37,1
7.100000000,7.200000000,13500.000000000,13800.000000000,42.425649096,56,1
7.100000000,7.200000000,13800.000000000,14100.000000000,43.012567058,47,1
7.100000000,7.200000000,14100.000000000,14400.000000000,43.483999406,48,1
7.100000000,7.200000000,14400.000000000,14700.000000000,43.014886686,52,1
7.100000000,7.200000000,14700.000000000,15000.000000000,45.685627474,56,1
7.100000000,7.200000000,15000.000000000,15300.000000000,44.195467769,50,1
7.100000000,7.200000000,15300.000000000,15600.000000000,40.072999358,38,1
7.100000000,7.200000000,15600.000000000,15900.000000000,42.180898211,62,1
7.100000000,7.200000000,15900.000000000,16200.000000000,42.273662639,53,1
7.100000000,7.200000000,16200.000000000,16500.000000000,41.755252650,50,1
7.100000000,7.200000000,16500.000000000,16800.000000000,42.440165793,47,1
7.100000000,7.200000000,16800.000000000,17100.000000000,43.295349488,53,1
7.100000000,7.200000000,17100.000000000,17400.000000000,45.183995187,44,1
7.100000000,7.200000000,17400.000000000,17700.000000000,43.588667232,60,1
7.100000000,7.200000000,17700.000000000,18000.000000000,42.250290535,53,1
7.100000000,7.200000000,18000.000000000,18300.000000000,42.671902329,44,1
7.100000000,7.200000000,18300.000000000,18600.000000000,40.815602126,51,1
7.100000000,7.200000000,18600.000000000,18900.000000000,41.887777319,56,1
7.100000000,7.200000000,18900.000000000,19200.000000000,44.466220697,37,1
7.100000000,7.200000000,19200.000000000,19500.000000000,38.530284280,53,1
7.100000000,7.200000000,19500.000000000,19800.000000000,43.911565974,48,1
7.100000000,7.200000000,19800.000000000,20100.000000000,41.860266508,52,1
7.100000000,7.200000000,20100.000000000,20400.000000000,40.687914047,58,1
7.100000000,7.200000000,20400.000000000,20700.000000000,43.906505320,47,1
7.100000000,7.200000000,20700.000000000,21000.000000000,40.373123828,46,1
7.100000000,7.200000000,21000.000000000,21300.000000000,40.651182746,56,1
7.100000000,7.200000000,21300.000000000,21600.000000000,43.740590743,44,1
7.200000000,7.300000000,0.000000000,300.000000000,65.000000000,0,0
7.200000000,7.300000000,300.000000000,600.000000000,54.881644198,5,1
7.200000000,7.300000000,600.000000000,900.000000000,42.529634926,46,1
7.200000000,7.300000000,900.000000000,1200.000000000,42.729225835,46,1
7.200000000,7.300000000,1200.000000000,1500.000000000,42.175734089,59,1
7.200000000,7.300000000,1500.000000000,1800.000000000,41.429362741,51,1
7.200000000,7.300000000,1800.000000000,2100.000000000,44.331584143,47,1
7.200000000,7.300000000,2100.000000000,2400.000000000,41.056848462,59,1
7.200000000,7.300000000,2400.000000000,2700.000000000,44.718783227,44,1
7.200000000,7.300000000,2700.000000000,3000.000000000,41.729837799,54,1
7.200000000,7.300000000,3000.000000000,3300.000000000,44.946879091,60,1
7.200000000,7.300000000,3300.000000000,3600.000000000,43.913480668,45,1
7.200000000,7.300000000,3600.000000000,3900.000000000,42.065503143,48,1
7.200000000,7.300000000,3900.000000000,4200.000000000,41.840972670,55,1
7.200000000,7.300000000,4200.000000000,4500.000000000,42.134196134,48,1
7.200000000,7.300000000,4500.000000000,4800.000000000,42.585275670,53,1
7.200000000,7.300000000,4800.000000000,5100.000000000,42.048634251,49,1
7.200000000,7.300000000,5100.000000000,5400.000000000,41.639730345,64,1
7.200000000,7.300000000,5400.000000000,5700.000000000,40.501791930,49,1
7.200000000,7.300000000,5700.000000000,6000.000000000,41.706312342,58,1
7.200000000,7.300000000,6000.000000000,6300.000000000,44.195172696,51,1
7.200000000,7.300000000,6300.000000000,6600.000000000,43.185236324,54,1
7.200000000,7.300000000,6600.000000000,6900.000000000,43.947198446,44,1
7.200000000,7.300000000,6900.000000000,7200.000000000,44.011834108,55,1
7.200000000,7.300000000,7200.000000000,7500.000000000,41.550607531,55,1
7.200000000,7.300000000,7500.000000000,7800.000000000,41.183567584,44,1
7.200000000,7.300000000,7800.000000000,8100.000000000,43.833428065,56,1
7.200000000,7.300000000,8100.000000000,8400.000000000,41.249587675,46,1
7.200000000,7.300000000,8400.000000000,8700.000000000,41.050352820,63,1
7.200000000,7.300000000,8700.000000000,9000.000000000,39.460544217,45,1
7.200000000,7.300000000,9000.000000000,9300.000000000,42.965971750,53,1
7.200000000,7.300000000,9300.000000000,9600.000000000,41.920630822,49,1
7.200000000,7.300000000,9600.000000000,9900.000000000,44.164437764,53,1
7.200000000,7.300000000,9900.000000000,10200.000000000,46.360220527,51,1
7.200000000,7.300000000,10200.000000000,10500.000000000,45.278244183,52,1
7.200000000,7.300000000,10500.000000000,10800.000000000,43.699960810,49,1
7.200000000,7.300000000,10800.000000000,11100.000000000,41.868904184,51,1
7.200000000,7.300000000,11100.000000000,11400.000000000,43.367006144,49,1
7.200000000,7.300000000,11400.000000000,11700.000000000,41.161690449,56,1
7.200000000,7.300000000,11700.000000000,12000.000000000,43.298773294,44,1
7.200000000,7.300000000,12000.000000000,12300.000000000,41.906931263,51,1
7.200000000,7.300000000,12300.000000000,12600.000000000,43.562319456,59,1
7.200000000,7.300000000,12600.000000000,12900.000000000,42.677387852,47,1
7.200000000,7.300000000,12900.000000000,13200.000000000,42.689534136,62,1
7.200000000,7.300000000,13200.000000000,13500.000000000,44.958764023,38,1
7.200000000,7.300000000,13500.000000000,13800.000000000,40.719014312,55,1
7.200000000,7.300000000,13800.000000000,14100.000000000,43.166448276,47,1
7.200000000,7.300000000,14100.000000000,14400.000000000,42.574935351,48,1
7.200000000,7.300000000,14400.000000000,14700.000000000,42.133293859,49,1
7.200000000,7.300000000,14700.000000000,15000.000000000,46.411730414,56,1
7.200000000,7.300000000,15000.000000000,15300.000000000,44.856047212,50,1
7.200000000,7.300000000,15300.000000000,15600.000000000,39.214483674,38,1
7.200000000,7.300000000,15600.000000000,15900.000000000,42.212161531,59,1
7.200000000,7.300000000,15900.000000000,16200.000000000,42.452138502,52,1
7.200000000,7.300000000,16200.000000000,16500.000000000,42.094060596,54,1
7.200000000,7.300000000,16500.000000000,16800.000000000,42.369998819,44,1
7.200000000,7.300000000,16800.000000000,17100.000000000,42.773844340,52,1
7.200000000,7.300000000,17100.000000000,17400.000000000,44.490376445,46,1
7.200000000,7.300000000,17400.000000000,17700.000000000,43.703138576,56,1
7.200000000,7.300000000,17700.000000000,18000.000000000,41.379442193,57,1
7.200000000,7.300000000,18000.000000000,18300.000000000,43.313507976,44,1
7.200000000,7.300000000,18300.000000000,18600.000000000,41.940659538,47,1
7.200000000,7.300000000,18600.000000000,18900.000000000,42.212894372,59,1
7.200000000,7.300000000,18900.000000000,19200.000000000,44.362651578,38,1
7.200000000,7.300000000,19200.000000000,19500.000000000,37.861105251,53,1
7.200000000,7.300000000,19500.000000000,19800.000000000,43.669328309,46,1
7.200000000,7.300000000,19800.000000000,20100.000000000,41.507522136,52,1
7.200000000,7.300000000,20100.000000000,20400.000000000,41.058529527,60,1
7.200000000,7.300000000,20400.000000000,20700.000000000,44.783408071,49,1
7.200000000,7.300000000,20700.000000000,21000.000000000,40.713364682,46,1
7.200000000,7.300000000,21000.000000000,21300.000000000,41.512321086,56,1
7.200000000,7.300000000,21300.000000000,21600.000000000,44.271867159,45,1
7.300000000,7.400000000,0.000000000,300.000000000,65.000000000,0,0
7.300000000,7.400000000,300.000000000,600.000000000,55.083913086,5,1
7.300000000,7.400000000,600.000000000,900.000000000,42.181985621,45,1
7.300000000,7.400000000,900.000000000,1200.000000000,42.021303597,45,1
7.300000000,7.400000000,1200.000000000,1500.000000000,41.519601533,57,1
7.300000000,7.400000000,1500.000000000,1800.000000000,42.592025609,51,1
7.300000000,7.400000000,1800.000000000,2100.000000000,44.250488042,43,1
7.300000000,7.400000000,2100.000000000,2400.000000000,40.891437776,60,1
7.300000000,7.400000000,2400.000000000,2700.000000000,44.188451781,42,1
7.300000000,7.400000000,2700.000000000,3000.000000000,42.622303538,52,1
7.300000000,7.400000000,3000.000000000,3300.000000000,45.247600214,58,1
7.300000000,7.400000000,3300.000000000,3600.000000000,44.367148877,47,1
7.300000000,7.400000000,3600.000000000,3900.000000000,42.613783054,46,1
7.300000000,7.400000000,3900.000000000,4200.000000000,42.092414397,58,1
7.300000000,7.400000000,4200.000000000,4500.000000000,42.595417511,50,1
7.300000000,7.400000000,4500.000000000,4800.000000000,42.045545914,50,1
7.300000000,7.400000000,4800.000000000,5100.000000000,41.341109686,52,1
7.300000000,7.400000000,5100.000000000,5400.000000000,42.364297920,63,1
7.300000000,7.400000000,5400.000000000,5700.000000000,41.722383749,48,1
7.300000000,7.400000000,5700.000000000,6000.000000000,41.203338790,59,1
7.300000000,7.400000000,6000.000000000,6300.000000000,43.735169526,54,1
7.300000000,7.400000000,6300.000000000,6600.000000000,42.678270517,54,1
7.300000000,7.400000000,6600.000000000,6900.000000000,43.179775101,46,1
7.300000000,7.400000000,6900.000000000,7200.000000000,44.173049977,51,1
7.300000000,7.400000000,7200.000000000,7500.000000000,41.808296390,59,1
7.300000000,7.400000000,7500.000000000,7800.000000000,40.972045890,45,1
7.300000000,7.400000000,7800.000000000,8100.000000000,44.439786651,52,1
7.300000000,7.400000000,8100.000000000,8400.000000000,42.362599720,44,1
7.300000000,7.400000000,8400.000000000,8700.000000000,41.477956095,65,1
7.300000000,7.400000000,8700.000000000,9000.000000000,39.226175444,45,1
7.300000000,7.400000000,9000.000000000,9300.000000000,43.629421420,50,1
7.300000000,7.400000000,9300.000000000,9600.000000000,41.614905614,50,1
7.300000000,7.400000000,9600.000000000,9900.000000000,43.903202152,55,1
7.300000000,7.400000000,9900.000000000,10200.000000000,46.580543576,50,1
7.300000000,7.400000000,10200.000000000,10500.000000000,44.899645702,56,1
7.300000000,7.400000000,10500.000000000,10800.000000000,43.472308487,49,1
7.300000000,7.400000000,10800.000000000,11100.000000000,42.914731845,47,1
7.300000000,7.400000000,11100.000000000,11400.000000000,42.649621261,53,1
7.300000000,7.400000000,11400.000000000,11700.000000000,41.227585585,56,1
7.300000000,7.400000000,11700.000000000,12000.000000000,43.456181856,43,1
7.300000000,7.400000000,12000.000000000,12300.000000000,42.178176483,48,1
7.300000000,7.400000000,12300.000000000,12600.000000000,42.023838559,61,1
7.300000000,7.400000000,12600.000000000,12900.000000000,43.302411177,47,1
7.300000000,7.400000000,12900.000000000,13200.000000000,42.646217967,61,1
7.300000000,7.400000000,13200.000000000,13500.000000000,45.027469959,38,1
7.300000000,7.400000000,13500.000000000,13800.000000000,39.939028995,55,1
7.300000000,7.400000000,13800.000000000,14100.000000000,42.938395522,49,1
7.300000000,7.400000000,14100.000000000,14400.000000000,41.478986014,47,1
7.300000000,7.400000000,14400.000000000,14700.000000000,42.011907574,50,1
7.300000000,7.400000000,14700.000000000,15000.000000000,45.812327616,56,1
7.300000000,7.400000000,15000.000000000,15300.000000000,44.575148319,52,1
7.300000000,7.400000000,15300.000000000,15600.000000000,39.704604184,38,1
7.300000000,7.400000000,15600.000000000,15900.000000000,41.434988414,56,1
7.300000000,7.400000000,15900.000000000,16200.000000000,41.239625036,52,1
7.300000000,7.400000000,16200.000000000,16500.000000000,42.198815222,58,1
7.300000000,7.400000000,16500.000000000,16800.000000000,42.832641738,43,1
7.300000000,7.400000000,16800.000000000,17100.000000000,41.630354394,48,1
7.300000000,7.400000000,17100.000000000,17400.000000000,43.252810596,50,1
7.300000000,7.400000000,17400.000000000,17700.000000000,44.112601561,52,1
7.300000000,7.400000000,17700.000000000,18000.000000000,41.088410026,61,1
7.300000000,7.400000000,18000.000000000,18300.000000000,43.026121696,45,1
7.300000000,7.400000000,18300.000000000,18600.000000000,42.798860054,45,1
7.300000000,7.400000000,18600.000000000,18900.000000000,42.524258821,57,1
7.300000000,7.400000000,18900.000000000,19200.000000000,44.775860431,42,1
7.300000000,7.400000000,19200.000000000,19500.000000000,39.285819558,53,1
7.300000000,7.400000000,19500.000000000,19800.000000000,43.075963174,46,1
7.300000000,7.400000000,19800.000000000,20100.000000000,39.569434492,50,1
7.300000000,7.400000000,20100.000000000,20400.000000000,40.634385842,58,1
7.300000000,7.400000000,20400.000000000,20700.000000000,45.236724385,52,1
7.300000000,7.400000000,20700.000000000,21000.000000000,41.731248686,46,1
7.300000000,7.400000000,21000.000000000,21300.000000000,41.153568784,55,1
7.300000000,7.400000000,21300.000000000,21600.000000000,43.360929135,46,1
7.400000000,7.500000000,0.000000000,300.000000000,65.000000000,0,0
7.400000000,7.500000000,300.000000000,600.000000000,57.689819307,4,1
7.400000000,7.500000000,600.000000000,900.000000000,41.359142343,42,1
7.400000000,7.500000000,900.000000000,1200.000000000,41.283424260,49,1
7.400000000,7.500000000,1200.000000000,1500.000000000,40.489243676,57,1
7.400000000,7.500000000,1500.000000000,1800.000000000,43.788879023,52,1
7.400000000,7.500000000,1800.000000000,2100.000000000,44.268786280,40,1
7.400000000,7.500000000,2100.000000000,2400.000000000,41.212643644,61,1
7.400000000,7.500000000,2400.000000000,2700.000000000,44.280533020,43,1
7.400000000,7.500000000,2700.000000000,3000.000000000,42.475515016,53,1
7.400000000,7.500000000,3000.000000000,3300.000000000,43.822346011,57,1
7.400000000,7.500000000,3300.000000000,3600.000000000,43.506494757,49,1
7.400000000,7.500000000,3600.000000000,3900.000000000,42.435006293,48,1
7.400000000,7.500000000,3900.000000000,4200.000000000,42.567759879,57,1
7.400000000,7.500000000,4200.000000000,4500.000000000,42.315228847,54,1
7.400000000,7.500000000,4500.000000000,4800.000000000,42.002663697,46,1
7.400000000,7.500000000,4800.000000000,5100.000000000,40.419218575,57,1
7.400000000,7.500000000,5100.000000000,5400.000000000,42.014089765,62,1
7.400000000,7.500000000,5400.000000000,5700.000000000,43.052006567,44,1
7.400000000,7.500000000,5700.000000000,6000.000000000,41.489513714,61,1
7.400000000,7.500000000,6000.000000000,6300.000000000,42.725055959,52,1
7.400000000,7.500000000,6300.000000000,6600.000000000,42.563470066,55,1
7.400000000,7.500000000,6600.000000000,6900.000000000,41.433057972,51,1
7.400000000,7.500000000,6900.000000000,7200.000000000,44.747921128,47,1
7.400000000,7.500000000,7200.000000000,7500.000000000,41.993103741,59,1
7.400000000,7.500000000,7500.000000000,7800.000000000,41.188804405,48,1
7.400000000,7.500000000,7800.000000000,8100.000000000,44.263313092,50,1
7.400000000,7.500000000,8100.000000000,8400.000000000,42.559774278,46,1
7.400000000,7.500000000,8400.000000000,8700.000000000,41.215836971,65,1
7.400000000,7.500000000,8700.000000000,9000.000000000,40.262739181,48,1
7.400000000,7.500000000,9000.000000000,9300.000000000,44.431182622,47,1
7.400000000,7.500000000,9300.000000000,9600.000000000,40.416046825,48,1
7.400000000,7.500000000,9600.000000000,9900.000000000,43.274628256,59,1
7.400000000,7.500000000,9900.000000000,10200.000000000,46.803685555,47,1
7.400000000,7.500000000,10200.000000000,10500.000000000,44.882901765,56,1
7.400000000,7.500000000,10500.000000000,10800.000000000,42.836652777,52,1
7.400000000,7.500000000,10800.000000000,11100.000000000,43.689967098,43,1
7.400000000,7.500000000,11100.000000000,11400.000000000,41.998592013,54,1
7.400000000,7.500000000,11400.000000000,11700.000000000,42.007662686,55,1
7.400000000,7.500000000,11700.000000000,12000.000000000,43.310472776,45,1
7.400000000,7.500000000,12000.000000000,12300.000000000,42.676537277,45,1
7.400000000,7.500000000,12300.000000000,12600.000000000,42.157835791,61,1
7.400000000,7.500000000,12600.000000000,12900.000000000,41.724881138,47,1
7.400000000,7.500000000,12900.000000000,13200.000000000,42.906068899,60,1
7.400000000,7.500000000,13200.000000000,13500.000000000,44.979236785,41,1
7.400000000,7.500000000,13500.000000000,13800.000000000,40.552321285,53,1
7.400000000,7.500000000,13800.000000000,14100.000000000,41.646787372,49,1
7.400000000,7.500000000,14100.000000000,14400.000000000,41.262312195,50,1
7.400000000,7.500000000,14400.000000000,14700.000000000,42.455890066,49,1
7.400000000,7.500000000,14700.000000000,15000.000000000,45.088788940,58,1
7.400000000,7.500000000,15000.000000000,15300.000000000,44.976223388,53,1
7.400000000,7.500000000,15300.000000000,15600.000000000,41.323003550,39,1
7.400000000,7.500000000,15600.000000000,15900.000000000,40.895680672,55,1
7.400000000,7.500000000,15900.000000000,16200.000000000,41.030962761,53,1
7.400000000,7.500000000,16200.000000000,16500.000000000,42.064787162,61,1
7.400000000,7.500000000,16500.000000000,16800.000000000,42.820686276,43,1
7.400000000,7.500000000,16800.000000000,17100.000000000,42.004768060,45,1
7.400000000,7.500000000,17100.000000000,17400.000000000,42.787097356,51,1
7.400000000,7.500000000,17400.000000000,17700.000000000,44.368142494,51,1
7.400000000,7.500000000,17700.000000000,18000.000000000,41.030047144,63,1
7.400000000,7.500000000,18000.000000000,18300.000000000,42.668607263,46,1
7.400000000,7.500000000,18300.000000000,18600.000000000,43.596586823,45,1
7.400000000,7.500000000,18600.000000000,18900.000000000,42.736687943,53,1
7.400000000,7.500000000,18900.000000000,19200.000000000,45.347353187,44,1
7.400000000,7.500000000,19200.000000000,19500.000000000,40.991068379,53,1
7.400000000,7.500000000,19500.000000000,19800.000000000,43.663576410,46,1
7.400000000,7.500000000,19800.000000000,20100.000000000,39.042913988,50,1
7.400000000,7.500000000,20100.000000000,20400.000000000,40.802024964,55,1
7.400000000,7.500000000,20400.000000000,20700.000000000,45.756019069,52,1
7.400000000,7.500000000,20700.000000000,21000.000000000,42.416689826,46,1
7.400000000,7.500000000,21000.000000000,21300.000000000,39.190575203,54,1
7.400000000,7.500000000,21300.000000000,21600.000000000,41.643365598,46,1
7.500000000,7.600000000,0.000000000,300.000000000,65.000000000,0,0
7.500000000,7.600000000,300.000000000,600.000000000,56.121627619,4,1
7.500000000,7.600000000,600.000000000,900.000000000,41.334841513,38,1
7.500000000,7.600000000,900.000000000,1200.000000000,40.573343046,51,1
7.500000000,7.600000000,1200.000000000,1500.000000000,39.764880434,56,1
7.500000000,7.600000000,1500.000000000,1800.000000000,43.267349331,52,1
7.500000000,7.600000000,1800.000000000,2100.000000000,44.069610280,43,1
7.500000000,7.600000000,2100.000000000,2400.000000000,41.151712599,58,1
7.500000000,7.600000000,2400.000000000,2700.000000000,45.354107878,46,1
7.500000000,7.600000000,2700.000000000,3000.000000000,43.200734311,52,1
7.500000000,7.600000000,3000.000000000,3300.000000000,43.127877432,58,1
7.500000000,7.600000000,3300.000000000,3600.000000000,42.949045807,47,1
7.500000000,7.600000000,3600.000000000,3900.000000000,41.795442312,49,1
7.500000000,7.600000000,3900.000000000,4200.000000000,43.960470495,54,1
7.500000000,7.600000000,4200.000000000,4500.000000000,41.867544910,58,1
7.500000000,7.600000000,4500.000000000,4800.000000000,42.965789886,43,1
7.500000000,7.600000000,4800.000000000,5100.000000000,41.359032460,57,1
7.500000000,7.600000000,5100.000000000,5400.000000000,41.852311032,67,1
7.500000000,7.600000000,5400.000000000,5700.000000000,43.701020854,42,1
7.500000000,7.600000000,5700.000000000,6000.000000000,41.135462808,60,1
7.500000000,7.600000000,6000.000000000,6300.000000000,42.579661879,52,1
7.500000000,7.600000000,6300.000000000,6600.000000000,42.687754780,51,1
7.500000000,7.600000000,6600.000000000,6900.000000000,41.459929346,52,1
7.500000000,7.600000000,6900.000000000,7200.000000000,44.626220885,47,1
7.500000000,7.600000000,7200.000000000,7500.000000000,41.742246566,56,1
7.500000000,7.600000000,7500.000000000,7800.000000000,41.021466882,51,1
7.500000000,7.600000000,7800.000000000,8100.000000000,43.842014017,47,1
7.500000000,7.600000000,8100.000000000,8400.000000000,42.148573848,47,1
7.500000000,7.600000000,8400.000000000,8700.000000000,41.117834896,62,1
7.500000000,7.600000000,8700.000000000,9000.000000000,41.495528864,48,1
7.500000000,7.600000000,9000.000000000,9300.000000000,44.633328780,47,1
7.500000000,7.600000000,9300.000000000,9600.000000000,40.520252918,44,1
7.500000000,7.600000000,9600.000000000,9900.000000000,42.324878370,61,1
7.500000000,7.600000000,9900.000000000,10200.000000000,46.936334790,47,1
7.500000000,7.600000000,10200.000000000,10500.000000000,44.662291155,53,1
7.500000000,7.600000000,10500.000000000,10800.000000000,42.666229173,54,1
7.500000000,7.600000000,10800.000000000,11100.000000000,44.610649512,42,1
7.500000000,7.600000000,11100.000000000,11400.000000000,40.316825847,54,1
7.500000000,7.600000000,11400.000000000,11700.000000000,42.437341441,52,1
7.500000000,7.600000000,11700.000000000,12000.000000000,41.987974594,47,1
7.500000000,7.600000000,12000.000000000,12300.000000000,43.216132662,45,1
7.500000000,7.600000000,12300.000000000,12600.000000000,42.218907872,61,1
7.500000000,7.600000000,12600.000000000,12900.000000000,41.441331080,47,1
7.500000000,7.600000000,12900.000000000,13200.000000000,43.120540743,58,1
7.500000000,7.600000000,13200.000000000,13500.000000000,45.342847478,43,1
7.500000000,7.600000000,13500.000000000,13800.000000000,42.139900571,53,1
7.500000000,7.600000000,13800.000000000,14100.000000000,41.988473071,50,1
7.500000000,7.600000000,14100.000000000,14400.000000000,41.101350636,54,1
7.500000000,7.600000000,14400.000000000,14700.000000000,43.310587025,47,1
7.500000000,7.600000000,14700.000000000,15000.000000000,44.345842114,61,1
7.500000000,7.600000000,15000.000000000,15300.000000000,44.987032858,53,1
7.500000000,7.600000000,15300.000000000,15600.000000000,41.726969080,41,1
7.500000000,7.600000000,15600.000000000,15900.000000000,41.396718259,50,1
7.500000000,7.600000000,15900.000000000,16200.000000000,41.849809536,52,1
7.500000000,7.600000000,16200.000000000,16500.000000000,42.430554364,64,1
7.500000000,7.600000000,16500.000000000,16800.000000000,42.474387969,45,1
7.500000000,7.600000000,16800.000000000,17100.000000000,41.919733461,43,1
7.500000000,7.600000000,17100.000000000,17400.000000000,43.132170367,50,1
7.500000000,7.600000000,17400.000000000,17700.000000000,43.388050120,48,1
7.500000000,7.600000000,17700.000000000,18000.000000000,40.541075367,62,1
7.500000000,7.600000000,18000.000000000,18300.000000000,41.048400369,50,1
7.500000000,7.600000000,18300.000000000,18600.000000000,44.017670797,45,1
7.500000000,7.600000000,18600.000000000,18900.000000000,42.173941026,52,1
7.500000000,7.600000000,18900.000000000,19200.000000000,44.398691623,44,1
7.500000000,7.600000000,19200.000000000,19500.000000000,41.119004505,52,1
7.500000000,7.600000000,19500.000000000,19800.000000000,42.674113168,49,1
7.500000000,7.600000000,19800.000000000,20100.000000000,39.670313833,50,1
7.500000000,7.600000000,20100.000000000,20400.000000000,41.020323924,55,1
7.500000000,7.600000000,20400.000000000,20700.000000000,44.638612969,52,1
7.500000000,7.600000000,20700.000000000,21000.000000000,42.294770095,46,1
7.500000000,7.600000000,21000.000000000,21300.000000000,38.332835287,53,1
7.500000000,7.600000000,21300.000000000,21600.000000000,41.662368122,46,1
7.600000000,7.700000000,0.000000000,300.000000000,65.000000000,0,0
7.600000000,7.700000000,300.000000000,600.000000000,53.791153762,4,1
7.600000000,7.700000000,600.000000000,900.000000000,41.181185912,35,1
7.600000000,7.700000000,900.000000000,1200.000000000,41.204912076,52,1
7.600000000,7.700000000,1200.000000000,1500.000000000,38.367679182,57,1
7.600000000,7.700000000,1500.000000000,1800.000000000,42.725176443,50,1
7.600000000,7.700000000,1800.000000000,2100.000000000,43.722001004,46,1
7.600000000,7.700000000,2100.000000000,2400.000000000,40.626631646,53,1
7.600000000,7.700000000,2400.000000000,2700.000000000,44.245911522,50,1
7.600000000,7.700000000,2700.000000000,3000.000000000,44.122242849,48,1
7.600000000,7.700000000,3000.000000000,3300.000000000,43.105368636,58,1
7.600000000,7.700000000,3300.000000000,3600.000000000,43.900493441,47,1
7.600000000,7.700000000,3600.000000000,3900.000000000,41.234780899,53,1
7.600000000,7.700000000,3900.000000000,4200.000000000,44.827786896,51,1
7.600000000,7.700000000,4200.000000000,4500.000000000,41.061364914,58,1
7.600000000,7.700000000,4500.000000000,4800.000000000,43.546782376,44,1
7.600000000,7.700000000,4800.000000000,5100.000000000,42.324485422,53,1
7.600000000,7.700000000,5100.000000000,5400.000000000,42.005067857,67,1
7.600000000,7.700000000,5400.000000000,5700.000000000,42.874497454,43,1
7.600000000,7.700000000,5700.000000000,6000.000000000,41.429809574,60,1
7.600000000,7.700000000,6000.000000000,6300.000000000,42.307413992,53,1
7.600000000,7.700000000,6300.000000000,6600.000000000,43.300420365,54,1
7.600000000,7.700000000,6600.000000000,6900.000000000,40.396223714,53,1
7.600000000,7.700000000,6900.000000000,7200.000000000,43.108678211,49,1
7.600000000,7.700000000,7200.000000000,7500.000000000,42.136561165,53,1
7.600000000,7.700000000,7500.000000000,7800.000000000,42.310122457,54,1
7.600000000,7.700000000,7800.000000000,8100.000000000,42.730843024,50,1
7.600000000,7.700000000,8100.000000000,8400.000000000,42.982246715,47,1
7.600000000,7.700000000,8400.000000000,8700.000000000,42.380231361,62,1
7.600000000,7.700000000,8700.000000000,9000.000000000,41.673958678,48,1
7.600000000,7.700000000,9000.000000000,9300.000000000,43.642322366,51,1
7.600000000,7.700000000,9300.000000000,9600.000000000,41.100673492,41,1
7.600000000,7.700000000,9600.000000000,9900.000000000,42.967145441,65,1
7.600000000,7.700000000,9900.000000000,10200.000000000,46.677586785,47,1
7.600000000,7.700000000,10200.000000000,10500.000000000,44.915202111,52,1
7.600000000,7.700000000,10500.000000000,10800.000000000,42.891787322,56,1
7.600000000,7.700000000,10800.000000000,11100.000000000,45.172069740,42,1
7.600000000,7.700000000,11100.000000000,11400.000000000,39.759103918,54,1
7.600000000,7.700000000,11400.000000000,11700.000000000,42.161749365,48,1
7.600000000,7.700000000,11700.000000000,12000.000000000,41.679727613,51,1
7.600000000,7.700000000,12000.000000000,12300.000000000,43.368663520,47,1
7.600000000,7.700000000,12300.000000000,12600.000000000,42.909097812,61,1
7.600000000,7.700000000,12600.000000000,12900.000000000,40.962557970,47,1
7.600000000,7.700000000,12900.000000000,13200.000000000,43.383800107,58,1
7.600000000,7.700000000,13200.000000000,13500.000000000,45.961709662,44,1
7.600000000,7.700000000,13500.000000000,13800.000000000,42.573011851,49,1
7.600000000,7.700000000,13800.000000000,14100.000000000,42.559092900,48,1
7.600000000,7.700000000,14100.000000000,14400.000000000,41.464184847,56,1
7.600000000,7.700000000,14400.000000000,14700.000000000,42.847505304,48,1
7.600000000,7.700000000,14700.000000000,15000.000000000,43.499346487,61,1
7.600000000,7.700000000,15000.000000000,15300.000000000,44.403337981,53,1
7.600000000,7.700000000,15300.000000000,15600.000000000,41.547754127,44,1
7.600000000,7.700000000,15600.000000000,15900.000000000,41.847194712,51,1
7.600000000,7.700000000,15900.000000000,16200.000000000,42.417724457,50,1
7.600000000,7.700000000,16200.000000000,16500.000000000,43.781859219,63,1
7.600000000,7.700000000,16500.000000000,16800.000000000,43.398621989,47,1
7.600000000,7.700000000,16800.000000000,17100.000000000,42.157107296,43,1
7.600000000,7.700000000,17100.000000000,17400.000000000,43.820262976,50,1
7.600000000,7.700000000,17400.000000000,17700.000000000,42.575402678,49,1
7.600000000,7.700000000,17700.000000000,18000.000000000,41.280506512,57,1
7.600000000,7.700000000,18000.000000000,18300.000000000,39.513076207,55,1
7.600000000,7.700000000,18300.000000000,18600.000000000,44.289537950,45,1
7.600000000,7.700000000,18600.000000000,18900.000000000,41.600882385,52,1
7.600000000,7.700000000,18900.000000000,19200.000000000,43.737019613,46,1
7.600000000,7.700000000,19200.000000000,19500.000000000,40.592941699,49,1
7.600000000,7.700000000,19500.000000000,19800.000000000,42.656018519,51,1
7.600000000,7.700000000,19800.000000000,20100.000000000,39.907900849,50,1
7.600000000,7.700000000,20100.000000000,20400.000000000,41.260627264,55,1
7.600000000,7.700000000,20400.000000000,20700.000000000,43.127102331,52,1
7.600000000,7.700000000,20700.000000000,21000.000000000,43.101205709,46,1
7.600000000,7.700000000,21000.000000000,21300.000000000,39.486667647,51,1
7.600000000,7.700000000,21300.000000000,21600.000000000,41.212667515,50,1
7.700000000,7.800000000,0.000000000,300.000000000,65.000000000,0,0
7.700000000,7.800000000,300.000000000,600.000000000,55.042070226,4,1
7.700000000,7.800000000,600.000000000,900.000000000,41.159181264,35,1
7.700000000,7.800000000,900.000000000,1200.000000000,40.580589020,49,1
7.700000000,7.800000000,1200.000000000,1500.000000000,37.984774349,59,1
7.700000000,7.800000000,1500.000000000,1800.000000000,42.724730299,49,1
7.700000000,7.800000000,1800.000000000,2100.000000000,43.219014787,49,1
7.700000000,7.800000000,2100.000000000,2400.000000000,40.569017131,51,1
7.700000000,7.800000000,2400.000000000,2700.000000000,43.585656117,54,1
7.700000000,7.800000000,2700.000000000,3000.000000000,43.978015927,45,1
7.700000000,7.800000000,3000.000000000,3300.000000000,43.372679308,55,1
7.700000000,7.800000000,3300.000000000,3600.000000000,45.190610524,45,1
7.700000000,7.800000000,3600.000000000,3900.000000000,41.704562300,54,1
7.700000000,7.800000000,3900.000000000,4200.000000000,44.262639336,51,1
7.700000000,7.800000000,4200.000000000,4500.000000000,39.842203430,55,1
7.700000000,7.800000000,4500.000000000,4800.000000000,43.813621726,47,1
7.700000000,7.800000000,4800.000000000,5100.000000000,43.026999332,53,1
7.700000000,7.800000000,5100.000000000,5400.000000000,42.343348256,64,1
7.700000000,7.800000000,5400.000000000,5700.000000000,43.312073590,45,1
7.700000000,7.800000000,5700.000000000,6000.000000000,41.338714365,59,1
7.700000000,7.800000000,6000.000000000,6300.000000000,42.257690423,53,1
7.700000000,7.800000000,6300.000000000,6600.000000000,42.985003813,52,1
7.700000000,7.800000000,6600.000000000,6900.000000000,40.677115922,53,1
7.700000000,7.800000000,6900.000000000,7200.000000000,43.427801269,54,1
7.700000000,7.800000000,7200.000000000,7500.000000000,42.126436599,49,1
7.700000000,7.800000000,7500.000000000,7800.000000000,43.765574497,51,1
7.700000000,7.800000000,7800.000000000,8100.000000000,40.788244733,53,1
7.700000000,7.800000000,8100.000000000,8400.000000000,44.178314459,47,1
7.700000000,7.800000000,8400.000000000,8700.000000000,42.942239318,62,1
7.700000000,7.800000000,8700.000000000,9000.000000000,41.870821549,44,1
7.700000000,7.800000000,9000.000000000,9300.000000000,42.949133981,54,1
7.700000000,7.800000000,9300.000000000,9600.000000000,41.522244436,40,1
7.700000000,7.800000000,9600.000000000,9900.000000000,43.108972640,65,1
7.700000000,7.800000000,9900.000000000,10200.000000000,45.165277132,45,1
7.700000000,7.800000000,10200.000000000,10500.000000000,44.720510497,53,1
7.700000000,7.800000000,10500.000000000,10800.000000000,42.734862542,56,1
7.700000000,7.800000000,10800.000000000,11100.000000000,42.935638536,42,1
7.700000000,7.800000000,11100.000000000,11400.000000000,40.396330322,54,1
7.700000000,7.800000000,11400.000000000,11700.000000000,41.870148234,47,1
7.700000000,7.800000000,11700.000000000,12000.000000000,41.629876626,53,1
7.700000000,7.800000000,12000.000000000,12300.000000000,42.999306544,47,1
7.700000000,7.800000000,12300.000000000,12600.000000000,43.769325384,62,1
7.700000000,7.800000000,12600.000000000,12900.000000000,42.014227162,44,1
7.700000000,7.800000000,12900.000000000,13200.000000000,43.398475340,58,1
7.700000000,7.800000000,13200.000000000,13500.000000000,45.357807567,46,1
7.700000000,7.800000000,13500.000000000,13800.000000000,41.763558285,46,1
7.700000000,7.800000000,13800.000000000,14100.000000000,43.209661293,47,1
7.700000000,7.800000000,14100.000000000,14400.000000000,42.783901889,52,1
7.700000000,7.800000000,14400.000000000,14700.000000000,42.500797494,50,1
7.700000000,7.800000000,14700.000000000,15000.000000000,43.715872818,58,1
7.700000000,7.800000000,15000.000000000,15300.000000000,42.766476729,50,1
7.700000000,7.800000000,15300.000000000,15600.000000000,42.164609797,42,1
7.700000000,7.800000000,15600.000000000,15900.000000000,41.603699650,52,1
7.700000000,7.800000000,15900.000000000,16200.000000000,42.161169993,49,1
7.700000000,7.800000000,16200.000000000,16500.000000000,44.477812650,60,1
7.700000000,7.800000000,16500.000000000,16800.000000000,42.686897740,51,1
7.700000000,7.800000000,16800.000000000,17100.000000000,42.695599013,43,1
7.700000000,7.800000000,17100.000000000,17400.000000000,43.488892383,49,1
7.700000000,7.800000000,17400.000000000,17700.000000000,41.894306440,52,1
7.700000000,7.800000000,17700.000000000,18000.000000000,41.261650735,53,1
7.700000000,7.800000000,18000.000000000,18300.000000000,40.386238172,59,1
7.700000000,7.800000000,18300.000000000,18600.000000000,44.447927563,45,1
7.700000000,7.800000000,18600.000000000,18900.000000000,42.178422763,52,1
7.700000000,7.800000000,18900.000000000,19200.000000000,43.383339970,48,1
7.700000000,7.800000000,19200.000000000,19500.000000000,39.587645818,50,1
7.700000000,7.800000000,19500.000000000,19800.000000000,42.420240230,51,1
7.700000000,7.800000000,19800.000000000,20100.000000000,39.230628975,50,1
7.700000000,7.800000000,20100.000000000,20400.000000000,41.006803837,55,1
7.700000000,7.800000000,20400.000000000,20700.000000000,43.401952961,55,1
7.700000000,7.800000000,20700.000000000,21000.000000000,43.300479456,46,1
7.700000000,7.800000000,21000.000000000,21300.000000000,41.568972754,47,1
7.700000000,7.800000000,21300.000000000,21600.000000000,41.927722799,53,1
7.800000000,7.900000000,0.000000000,300.000000000,65.000000000,0,0
7.800000000,7.900000000,300.000000000,600.000000000,56.496832929,4,1
7.800000000,7.900000000,600.000000000,900.000000000,40.949859264,35,1
7.800000000,7.900000000,900.000000000,1200.000000000,38.904017801,45,1
7.800000000,7.900000000,1200.000000000,1500.000000000,38.799775483,62,1
7.800000000,7.900000000,1500.000000000,1800.000000000,42.601343685,45,1
7.800000000,7.900000000,1800.000000000,2100.000000000,42.784007039,51,1
7.800000000,7.900000000,2100.000000000,2400.000000000,40.672250439,52,1
7.800000000,7.900000000,2400.000000000,2700.000000000,44.428089296,57,1
7.800000000,7.900000000,2700.000000000,3000.000000000,44.269297322,45,1
7.800000000,7.900000000,3000.000000000,3300.000000000,42.892294660,54,1
7.800000000,7.900000000,3300.000000000,3600.000000000,44.802377861,43,1
7.800000000,7.900000000,3600.000000000,3900.000000000,41.500990694,52,1
7.800000000,7.900000000,3900.000000000,4200.000000000,44.372108164,49,1
7.800000000,7.900000000,4200.000000000,4500.000000000,39.547347482,56,1
7.800000000,7.900000000,4500.000000000,4800.000000000,43.314879504,44,1
7.800000000,7.900000000,4800.000000000,5100.000000000,42.201775434,55,1
7.800000000,7.900000000,5100.000000000,5400.000000000,42.484644992,61,1
7.800000000,7.900000000,5400.000000000,5700.000000000,43.560430057,45,1
7.800000000,7.900000000,5700.000000000,6000.000000000,41.493774790,56,1
7.800000000,7.900000000,6000.000000000,6300.000000000,42.430575867,54,1
7.800000000,7.900000000,6300.000000000,6600.000000000,42.785683138,50,1
7.800000000,7.900000000,6600.000000000,6900.000000000,41.617818929,51,1
7.800000000,7.900000000,6900.000000000,7200.000000000,43.455103173,57,1
7.800000000,7.900000000,7200.000000000,7500.000000000,42.840864033,49,1
7.800000000,7.900000000,7500.000000000,7800.000000000,42.988110029,50,1
7.800000000,7.900000000,7800.000000000,8100.000000000,41.494602595,53,1
7.800000000,7.900000000,8100.000000000,8400.000000000,44.468913163,47,1
7.800000000,7.900000000,8400.000000000,8700.000000000,43.274141143,62,1
7.800000000,7.900000000,8700.000000000,9000.000000000,42.734745102,41,1
7.800000000,7.900000000,9000.000000000,9300.000000000,41.821713732,55,1
7.800000000,7.900000000,9300.000000000,9600.000000000,41.020468081,44,1
7.800000000,7.900000000,9600.000000000,9900.000000000,42.337032415,65,1
7.800000000,7.900000000,9900.000000000,10200.000000000,44.613399514,43,1
7.800000000,7.900000000,10200.000000000,10500.000000000,45.175561927,53,1
7.800000000,7.900000000,10500.000000000,10800.000000000,42.699772884,56,1
7.800000000,7.900000000,10800.000000000,11100.000000000,43.059830748,45,1
7.800000000,7.900000000,11100.000000000,11400.000000000,42.058278275,52,1
7.800000000,7.900000000,11400.000000000,11700.000000000,41.796598994,47,1
7.800000000,7.900000000,11700.000000000,12000.000000000,42.129303064,55,1
7.800000000,7.900000000,12000.000000000,12300.000000000,43.808901810,46,1
7.800000000,7.900000000,12300.000000000,12600.000000000,43.531060548,65,1
7.800000000,7.900000000,12600.000000000,12900.000000000,42.317098370,44,1
7.800000000,7.900000000,12900.000000000,13200.000000000,43.353486460,56,1
7.800000000,7.900000000,13200.000000000,13500.000000000,45.182386633,48,1
7.800000000,7.900000000,13500.000000000,13800.000000000,42.545468491,43,1
7.800000000,7.900000000,13800.000000000,14100.000000000,43.325846711,48,1
7.800000000,7.900000000,14100.000000000,14400.000000000,43.387464571,48,1
7.800000000,7.900000000,14400.000000000,14700.000000000,40.413624598,50,1
7.800000000,7.900000000,14700.000000000,15000.000000000,44.945086659,58,1
7.800000000,7.900000000,15000.000000000,15300.000000000,43.404516484,48,1
7.800000000,7.900000000,15300.000000000,15600.000000000,43.621618370,42,1
7.800000000,7.900000000,15600.000000000,15900.000000000,41.572331680,52,1
7.800000000,7.900000000,15900.000000000,16200.000000000,41.616913976,49,1
7.800000000,7.900000000,16200.000000000,16500.000000000,44.723256105,56,1
7.800000000,7.900000000,16500.000000000,16800.000000000,41.818514050,54,1
7.800000000,7.900000000,16800.000000000,17100.000000000,42.801897571,43,1
7.800000000,7.900000000,17100.000000000,17400.000000000,41.571856832,46,1
7.800000000,7.900000000,17400.000000000,17700.000000000,41.614153358,52,1
7.800000000,7.900000000,17700.000000000,18000.000000000,40.925887244,48,1
7.800000000,7.900000000,18000.000000000,18300.000000000,40.337277250,62,1
7.800000000,7.900000000,18300.000000000,18600.000000000,44.081079963,46,1
7.800000000,7.900000000,18600.000000000,18900.000000000,42.012590109,53,1
7.800000000,7.900000000,18900.000000000,19200.000000000,43.136185921,48,1
7.800000000,7.900000000,19200.000000000,19500.000000000,39.488615245,50,1
7.800000000,7.900000000,19500.000000000,19800.000000000,42.712412617,51,1
7.800000000,7.900000000,19800.000000000,20100.000000000,39.122378216,50,1
7.800000000,7.900000000,20100.000000000,20400.000000000,40.108342470,52,1
7.800000000,7.900000000,20400.000000000,20700.000000000,42.281175187,58,1
7.800000000,7.900000000,20700.000000000,21000.000000000,43.158589295,45,1
7.800000000,7.900000000,21000.000000000,21300.000000000,42.746596340,47,1
7.800000000,7.900000000,21300.000000000,21600.000000000,42.340818004,53,1
7.900000000,8.000000000,0.000000000,300.000000000,65.000000000,0,0
7.900000000,8.000000000,300.000000000,600.000000000,56.547384482,4,1
7.900000000,8.000000000,600.000000000,900.000000000,41.918991944,35,1
7.900000000,8.000000000,900.000000000,1200.000000000,39.004811939,42,1
7.900000000,8.000000000,1200.000000000,1500.000000000,38.836473164,62,1
7.900000000,8.000000000,1500.000000000,1800.000000000,42.438783079,45,1
7.900000000,8.000000000,1800.000000000,2100.000000000,42.347946840,46,1
7.900000000,8.000000000,2100.000000000,2400.000000000,40.709125223,51,1
7.900000000,8.000000000,2400.000000000,2700.000000000,44.809482318,57,1
7.900000000,8.000000000,2700.000000000,3000.000000000,43.748959869,45,1
7.900000000,8.000000000,3000.000000000,3300.000000000,43.284718907,54,1
7.900000000,8.000000000,3300.000000000,3600.000000000,43.788070830,45,1
7.900000000,8.000000000,3600.000000000,3900.000000000,41.415299376,52,1
7.900000000,8.000000000,3900.000000000,4200.000000000,44.724033652,49,1
7.900000000,8.000000000,4200.000000000,4500.000000000,39.039910302,57,1
7.900000000,8.000000000,4500.000000000,4800.000000000,43.058973959,43,1
7.900000000,8.000000000,4800.000000000,5100.000000000,42.313070928,55,1
7.900000000,8.000000000,5100.000000000,5400.000000000,42.718578091,59,1
7.900000000,8.000000000,5400.000000000,5700.000000000,44.363836963,46,1
7.900000000,8.000000000,5700.000000000,6000.000000000,42.022685717,53,1
7.900000000,8.000000000,6000.000000000,6300.000000000,42.183997394,58,1
7.900000000,8.000000000,6300.000000000,6600.000000000,43.962899103,47,1
7.900000000,8.000000000,6600.000000000,6900.000000000,41.984929343,48,1
7.900000000,8.000000000,6900.000000000,7200.000000000,43.676336059,58,1
7.900000000,8.000000000,7200.000000000,7500.000000000,43.142537543,49,1
7.900000000,8.000000000,7500.000000000,7800.000000000,41.948075080,54,1
7.900000000,8.000000000,7800.000000000,8100.000000000,41.798880063,54,1
7.900000000,8.000000000,8100.000000000,8400.000000000,44.617283042,47,1
7.900000000,8.000000000,8400.000000000,8700.000000000,42.932403208,62,1
7.900000000,8.000000000,8700.000000000,9000.000000000,42.136970457,38,1
7.900000000,8.000000000,9000.000000000,9300.000000000,42.364416805,54,1
7.900000000,8.000000000,9300.000000000,9600.000000000,41.448285348,48,1
7.900000000,8.000000000,9600.000000000,9900.000000000,42.306818179,65,1
7.900000000,8.000000000,9900.000000000,10200.000000000,44.842117864,45,1
7.900000000,8.000000000,10200.000000000,10500.000000000,45.751000947,51,1
7.900000000,8.000000000,10500.000000000,10800.000000000,41.962810470,56,1
7.900000000,8.000000000,10800.000000000,11100.000000000,44.638111125,48,1
7.900000000,8.000000000,11100.000000000,11400.000000000,43.084659516,47,1
7.900000000,8.000000000,11400.000000000,11700.000000000,41.566929680,47,1
7.900000000,8.000000000,11700.000000000,12000.000000000,41.722131421,56,1
7.900000000,8.000000000,12000.000000000,12300.000000000,44.681980234,43,1
7.900000000,8.000000000,12300.000000000,12600.000000000,44.038012198,69,1
7.900000000,8.000000000,12600.000000000,12900.000000000,41.948501793,46,1
7.900000000,8.000000000,12900.000000000,13200.000000000,43.676254862,53,1
7.900000000,8.000000000,13200.000000000,13500.000000000,44.644585839,51,1
7.900000000,8.000000000,13500.000000000,13800.000000000,42.766237424,45,1
7.900000000,8.000000000,13800.000000000,14100.000000000,42.549134926,50,1
7.900000000,8.000000000,14100.000000000,14400.000000000,43.688401459,48,1
7.900000000,8.000000000,14400.000000000,14700.000000000,38.689598397,52,1
7.900000000,8.000000000,14700.000000000,15000.000000000,44.585822585,58,1
7.900000000,8.000000000,15000.000000000,15300.000000000,44.571848708,51,1
7.900000000,8.000000000,15300.000000000,15600.000000000,43.690587283,44,1
7.900000000,8.000000000,15600.000000000,15900.000000000,42.177643030,52,1
7.900000000,8.000000000,15900.000000000,16200.000000000,41.184524856,49,1
7.900000000,8.000000000,16200.000000000,16500.000000000,43.520201765,54,1
7.900000000,8.000000000,16500.000000000,16800.000000000,41.027667292,54,1
7.900000000,8.000000000,16800.000000000,17100.000000000,43.246942324,43,1
7.900000000,8.000000000,17100.000000000,17400.000000000,41.151925924,46,1
7.900000000,8.000000000,17400.000000000,17700.000000000,40.331357172,52,1
7.900000000,8.000000000,17700.000000000,18000.000000000,40.740392604,45,1
7.900000000,8.000000000,18000.000000000,18300.000000000,40.650583682,62,1
7.900000000,8.000000000,18300.000000000,18600.000000000,44.107932857,47,1
7.900000000,8.000000000,18600.000000000,18900.000000000,42.607103357,52,1
7.900000000,8.000000000,18900.000000000,19200.000000000,44.051692698,52,1
7.900000000,8.000000000,19200.000000000,19500.000000000,39.514817826,50,1
7.900000000,8.000000000,19500.000000000,19800.000000000,42.929475846,51,1
7.900000000,8.000000000,19800.000000000,20100.000000000,39.240944248,50,1
7.900000000,8.000000000,20100.000000000,20400.000000000,39.375901114,53,1
7.900000000,8.000000000,20400.000000000,20700.000000000,42.057195695,61,1
7.900000000,8.000000000,20700.000000000,21000.000000000,41.964510674,42,1
7.900000000,8.000000000,21000.000000000,21300.000000000,43.856112282,47,1
7.900000000,8.000000000,21300.000000000,21600.000000000,42.503008318,56,1
8.000000000,8.100000000,0.000000000,300.000000000,65.000000000,0,0
8.000000000,8.100000000,300.000000000,600.000000000,54.821167298,4,1
8.000000000,8.100000000,600.000000000,900.000000000,42.321521347,35,1
8.000000000,8.100000000,900.000000000,1200.000000000,39.609399746,43,1
8.000000000,8.100000000,1200.000000000,1500.000000000,37.521480879,58,1
8.000000000,8.100000000,1500.000000000,1800.000000000,42.566755975,49,1
8.000000000,8.100000000,1800.000000000,2100.000000000,42.243630226,45,1
8.000000000,8.100000000,2100.000000000,2400.000000000,42.088041668,55,1
8.000000000,8.100000000,2400.000000000,2700.000000000,45.078406851,57,1
8.000000000,8.100000000,2700.000000000,3000.000000000,43.156593226,46,1
8.000000000,8.100000000,3000.000000000,3300.000000000,43.172334288,51,1
8.000000000,8.100000000,3300.000000000,3600.000000000,42.828455754,49,1
8.000000000,8.100000000,3600.000000000,3900.000000000,41.741138956,49,1
8.000000000,8.100000000,3900.000000000,4200.000000000,43.858364920,52,1
8.000000000,8.100000000,4200.000000000,4500.000000000,38.122473477,57,1
8.000000000,8.100000000,4500.000000000,4800.000000000,42.352191974,43,1
8.000000000,8.100000000,4800.000000000,5100.000000000,41.804950411,55,1
8.000000000,8.100000000,5100.000000000,5400.000000000,42.131229937,59,1
8.000000000,8.100000000,5400.000000000,5700.000000000,44.820999035,46,1
8.000000000,8.100000000,5700.000000000,6000.000000000,42.647009611,49,1
8.000000000,8.100000000,6000.000000000,6300.000000000,41.384495740,62,1
8.000000000,8.100000000,6300.000000000,6600.000000000,43.558937403,49,1
8.000000000,8.100000000,6600.000000000,6900.000000000,43.186501471,50,1
8.000000000,8.100000000,6900.000000000,7200.000000000,43.957526607,57,1
8.000000000,8.100000000,7200.000000000,7500.000000000,43.174511188,48,1
8.000000000,8.100000000,7500.000000000,7800.000000000,41.946596674,54,1
8.000000000,8.100000000,7800.000000000,8100.000000000,41.915169146,58,1
8.000000000,8.100000000,8100.000000000,8400.000000000,44.376502775,48,1
8.000000000,8.100000000,8400.000000000,8700.000000000,42.233776856,60,1
8.000000000,8.100000000,8700.000000000,9000.000000000,41.470052974,40,1
8.000000000,8.100000000,9000.000000000,9300.000000000,42.478191522,50,1
8.000000000,8.100000000,9300.000000000,9600.000000000,41.087449437,49,1
8.000000000,8.100000000,9600.000000000,9900.000000000,41.848617285,63,1
8.000000000,8.100000000,9900.000000000,10200.000000000,44.508853746,47,1
8.000000000,8.100000000,10200.000000000,10500.000000000,45.221086797,48,1
8.000000000,8.100000000,10500.000000000,10800.000000000,42.151366182,58,1
8.000000000,8.100000000,10800.000000000,11100.000000000,44.463518587,48,1
8.000000000,8.100000000,11100.000000000,11400.000000000,42.441899804,45,1
8.000000000,8.100000000,11400.000000000,11700.000000000,41.957951764,47,1
8.000000000,8.100000000,11700.000000000,12000.000000000,41.290297443,59,1
8.000000000,8.100000000,12000.000000000,12300.000000000,44.898616226,39,1
8.000000000,8.100000000,12300.000000000,12600.000000000,45.461757018,68,1
8.000000000,8.100000000,12600.000000000,12900.000000000,42.057196205,49,1
8.000000000,8.100000000,12900.000000000,13200.000000000,43.511823787,50,1
8.000000000,8.100000000,13200.000000000,13500.000000000,44.383601420,52,1
8.000000000,8.100000000,13500.000000000,13800.000000000,42.255501259,47,1
8.000000000,8.100000000,13800.000000000,14100.000000000,42.786922938,50,1
8.000000000,8.100000000,14100.000000000,14400.000000000,43.495408755,47,1
8.000000000,8.100000000,14400.000000000,14700.000000000,38.130849259,55,1
8.000000000,8.100000000,14700.000000000,15000.000000000,44.027715893,54,1
8.000000000,8.100000000,15000.000000000,15300.000000000,44.465302073,53,1
8.000000000,8.100000000,15300.000000000,15600.000000000,43.238122878,47,1
8.000000000,8.100000000,15600.000000000,15900.000000000,41.429957808,52,1
8.000000000,8.100000000,15900.000000000,16200.000000000,42.144865947,49,1
8.000000000,8.100000000,16200.000000000,16500.000000000,42.167617091,54,1
8.000000000,8.100000000,16500.000000000,16800.000000000,40.611297988,54,1
8.000000000,8.100000000,16800.000000000,17100.000000000,42.713866685,43,1
8.000000000,8.100000000,17100.000000000,17400.000000000,40.245269071,46,1
8.000000000,8.100000000,17400.000000000,17700.000000000,38.587019896,52,1
8.000000000,8.100000000,17700.000000000,18000.000000000,40.564230046,43,1
8.000000000,8.100000000,18000.000000000,18300.000000000,42.398450678,58,1
8.000000000,8.100000000,18300.000000000,18600.000000000,43.644779192,47,1
8.000000000,8.100000000,18600.000000000,18900.000000000,42.563126796,50,1
8.000000000,8.100000000,18900.000000000,19200.000000000,44.030528428,55,1
8.000000000,8.100000000,19200.000000000,19500.000000000,39.303103031,50,1
8.000000000,8.100000000,19500.000000000,19800.000000000,42.382488338,52,1
8.000000000,8.100000000,19800.000000000,20100.000000000,39.454401883,47,1
8.000000000,8.100000000,20100.000000000,20400.000000000,39.599805780,51,1
8.000000000,8.100000000,20400.000000000,20700.000000000,41.953374791,65,1
8.000000000,8.100000000,20700.000000000,21000.000000000,40.972459693,40,1
8.000000000,8.100000000,21000.000000000,21300.000000000,43.479583400,49,1
8.000000000,8.100000000,21300.000000000,21600.000000000,42.385554613,59,1
8.100000000,8.200000000,0.000000000,300.000000000,65.000000000,0,0
8.100000000,8.200000000,300.000000000,600.000000000,56.870905720,4,1
8.100000000,8.200000000,600.000000000,900.000000000,43.340164390,34,1
8.100000000,8.200000000,900.000000000,1200.000000000,39.039009043,43,1
8.100000000,8.200000000,1200.000000000,1500.000000000,37.578728664,55,1
8.100000000,8.200000000,1500.000000000,1800.000000000,42.707573794,51,1
8.100000000,8.200000000,1800.000000000,2100.000000000,42.895112072,42,1
8.100000000,8.200000000,2100.000000000,2400.000000000,42.457921584,57,1
8.100000000,8.200000000,2400.000000000,2700.000000000,45.545694956,56,1
8.100000000,8.200000000,2700.000000000,3000.000000000,43.096255337,49,1
8.100000000,8.200000000,3000.000000000,3300.000000000,42.754714877,48,1
8.100000000,8.200000000,3300.000000000,3600.000000000,42.202170443,48,1
8.100000000,8.200000000,3600.000000000,3900.000000000,41.881534891,48,1
8.100000000,8.200000000,3900.000000000,4200.000000000,43.006912631,56,1
8.100000000,8.200000000,4200.000000000,4500.000000000,37.565560325,56,1
8.100000000,8.200000000,4500.000000000,4800.000000000,42.051635805,47,1
8.100000000,8.200000000,4800.000000000,5100.000000000,41.434638507,58,1
8.100000000,8.200000000,5100.000000000,5400.000000000,42.261368195,60,1
8.100000000,8.200000000,5400.000000000,5700.000000000,44.402764251,50,1
8.100000000,8.200000000,5700.000000000,6000.000000000,43.778575771,44,1
8.100000000,8.200000000,6000.000000000,6300.000000000,40.825335155,63,1
8.100000000,8.200000000,6300.000000000,6600.000000000,43.569264676,50,1
8.100000000,8.200000000,6600.000000000,6900.000000000,43.927386000,48,1
8.100000000,8.200000000,6900.000000000,7200.000000000,44.158451184,55,1
8.100000000,8.200000000,7200.000000000,7500.000000000,42.850553567,49,1
8.100000000,8.200000000,7500.000000000,7800.000000000,42.486130955,54,1
8.100000000,8.200000000,7800.000000000,8100.000000000,41.111721602,60,1
8.100000000,8.200000000,8100.000000000,8400.000000000,43.839033915,51,1
8.100000000,8.200000000,8400.000000000,8700.000000000,42.964882880,57,1
8.100000000,8.200000000,8700.000000000,9000.000000000,41.833712438,44,1
8.100000000,8.200000000,9000.000000000,9300.000000000,43.151992305,52,1
8.100000000,8.200000000,9300.000000000,9600.000000000,40.079577985,52,1
8.100000000,8.200000000,9600.000000000,9900.000000000,40.817967899,62,1
8.100000000,8.200000000,9900.000000000,10200.000000000,44.272531504,47,1
8.100000000,8.200000000,10200.000000000,10500.000000000,45.146796092,45,1
8.100000000,8.200000000,10500.000000000,10800.000000000,43.352433666,60,1
8.100000000,8.200000000,10800.000000000,11100.000000000,44.510393904,48,1
8.100000000,8.200000000,11100.000000000,11400.000000000,42.304651785,45,1
8.100000000,8.200000000,11400.000000000,11700.000000000,41.577532758,43,1
8.100000000,8.200000000,11700.000000000,12000.000000000,41.375971474,60,1
8.100000000,8.200000000,12000.000000000,12300.000000000,42.633501413,41,1
8.100000000,8.200000000,12300.000000000,12600.000000000,44.593944506,64,1
8.100000000,8.200000000,12600.000000000,12900.000000000,41.856145136,53,1
8.100000000,8.200000000,12900.000000000,13200.000000000,44.243793537,49,1
8.100000000,8.200000000,13200.000000000,13500.000000000,44.532873012,52,1
8.100000000,8.200000000,13500.000000000,13800.000000000,42.440956790,49,1
8.100000000,8.200000000,13800.000000000,14100.000000000,44.059399100,52,1
8.100000000,8.200000000,14100.000000000,14400.000000000,43.218160686,46,1
8.100000000,8.200000000,14400.000000000,14700.000000000,39.253687085,55,1
8.100000000,8.200000000,14700.000000000,15000.000000000,43.403760641,50,1
8.100000000,8.200000000,15000.000000000,15300.000000000,44.352697821,52,1
8.100000000,8.200000000,15300.000000000,15600.000000000,42.075621621,49,1
8.100000000,8.200000000,15600.000000000,15900.000000000,39.369531145,52,1
8.100000000,8.200000000,15900.000000000,16200.000000000,42.169474735,49,1
8.100000000,8.200000000,16200.000000000,16500.000000000,40.762335521,54,1
8.100000000,8.200000000,16500.000000000,16800.000000000,41.210733999,55,1
8.100000000,8.200000000,16800.000000000,17100.000000000,41.500998971,47,1
8.100000000,8.200000000,17100.000000000,17400.000000000,40.215435788,46,1
8.100000000,8.200000000,17400.000000000,17700.000000000,37.265624209,51,1
8.100000000,8.200000000,17700.000000000,18000.000000000,40.835910630,46,1
8.100000000,8.200000000,18000.000000000,18300.000000000,42.281970344,58,1
8.100000000,8.200000000,18300.000000000,18600.000000000,44.310240234,47,1
8.100000000,8.200000000,18600.000000000,18900.000000000,42.298887167,48,1
8.100000000,8.200000000,18900.000000000,19200.000000000,43.974240337,59,1
8.100000000,8.200000000,19200.000000000,19500.000000000,38.964393119,50,1
8.100000000,8.200000000,19500.000000000,19800.000000000,42.049984532,53,1
8.100000000,8.200000000,19800.000000000,20100.000000000,39.595012336,49,1
8.100000000,8.200000000,20100.000000000,20400.000000000,39.887299323,47,1
8.100000000,8.200000000,20400.000000000,20700.000000000,42.723479938,66,1
8.100000000,8.200000000,20700.000000000,21000.000000000,42.000550883,37,1
8.100000000,8.200000000,21000.000000000,21300.000000000,42.981180181,45,1
8.100000000,8.200000000,21300.000000000,21600.000000000,42.942380130,59,1
8.200000000,8.300000000,0.000000000,300.000000000,65.000000000,0,0
8.200000000,8.300000000,300.000000000,600.000000000,56.616460516,3,1
8.200000000,8.300000000,600.000000000,900.000000000,42.645107461,36,1
8.200000000,8.300000000,900.000000000,1200.000000000,39.317711960,43,1
8.200000000,8.300000000,1200.000000000,1500.000000000,37.267921852,51,1
8.200000000,8.300000000,1500.000000000,1800.000000000,40.700798598,55,1
8.200000000,8.300000000,1800.000000000,2100.000000000,42.040677325,40,1
8.200000000,8.300000000,2100.000000000,2400.000000000,42.162108236,57,1
8.200000000,8.300000000,2400.000000000,2700.000000000,46.338689437,54,1
8.200000000,8.300000000,2700.000000000,3000.000000000,44.106912299,51,1
8.200000000,8.300000000,3000.000000000,3300.000000000,43.656865580,47,1
8.200000000,8.300000000,3300.000000000,3600.000000000,41.948850390,46,1
8.200000000,8.300000000,3600.000000000,3900.000000000,42.227113230,47,1
8.200000000,8.300000000,3900.000000000,4200.000000000,41.869288362,60,1
8.200000000,8.300000000,4200.000000000,4500.000000000,38.046980370,52,1
8.200000000,8.300000000,4500.000000000,4800.000000000,41.460469064,48,1
8.200000000,8.300000000,4800.000000000,5100.000000000,40.791893703,61,1
8.200000000,8.300000000,5100.000000000,5400.000000000,42.099907584,59,1
8.200000000,8.300000000,5400.000000000,5700.000000000,44.533536253,51,1
8.200000000,8.300000000,5700.000000000,6000.000000000,44.222294817,45,1
8.200000000,8.300000000,6000.000000000,6300.000000000,41.013500941,61,1
8.200000000,8.300000000,6300.000000000,6600.000000000,43.225409283,52,1
8.200000000,8.300000000,6600.000000000,6900.000000000,43.361705551,47,1
8.200000000,8.300000000,6900.000000000,7200.000000000,44.177958317,53,1
8.200000000,8.300000000,7200.000000000,7500.000000000,43.055412241,46,1
8.200000000,8.300000000,7500.000000000,7800.000000000,43.552957220,53,1
8.200000000,8.300000000,7800.000000000,8100.000000000,41.926746158,60,1
8.200000000,8.300000000,8100.000000000,8400.000000000,44.089569216,52,1
8.200000000,8.300000000,8400.000000000,8700.000000000,42.971613785,53,1
8.200000000,8.300000000,8700.000000000,9000.000000000,43.454263554,44,1
8.200000000,8.300000000,9000.000000000,9300.000000000,43.536687214,52,1
8.200000000,8.300000000,9300.000000000,9600.000000000,40.868476215,54,1
8.200000000,8.300000000,9600.000000000,9900.000000000,40.153979139,65,1
8.200000000,8.300000000,9900.000000000,10200.000000000,44.739734563,47,1
8.200000000,8.300000000,10200.000000000,10500.000000000,45.675575867,43,1
8.200000000,8.300000000,10500.000000000,10800.000000000,42.891322649,60,1
8.200000000,8.300000000,10800.000000000,11100.000000000,45.898371866,49,1
8.200000000,8.300000000,11100.000000000,11400.000000000,42.636785359,47,1
8.200000000,8.300000000,11400.000000000,11700.000000000,40.644003348,43,1
8.200000000,8.300000000,11700.000000000,12000.000000000,41.445423867,56,1
8.200000000,8.300000000,12000.000000000,12300.000000000,41.001046711,46,1
8.200000000,8.300000000,12300.000000000,12600.000000000,43.430320626,60,1
8.200000000,8.300000000,12600.000000000,12900.000000000,41.710090849,54,1
8.200000000,8.300000000,12900.000000000,13200.000000000,44.234008310,48,1
8.200000000,8.300000000,13200.000000000,13500.000000000,44.868412265,53,1
8.200000000,8.300000000,13500.000000000,13800.000000000,43.980192259,47,1
8.200000000,8.300000000,13800.000000000,14100.000000000,44.067189105,54,1
8.200000000,8.300000000,14100.000000000,14400.000000000,43.947712245,46,1
8.200000000,8.300000000,14400.000000000,14700.000000000,39.593797276,58,1
8.200000000,8.300000000,14700.000000000,15000.000000000,42.600842707,49,1
8.200000000,8.300000000,15000.000000000,15300.000000000,44.707397202,49,1
8.200000000,8.300000000,15300.000000000,15600.000000000,40.678997199,53,1
8.200000000,8.300000000,15600.000000000,15900.000000000,38.361592927,52,1
8.200000000,8.300000000,15900.000000000,16200.000000000,41.596559534,49,1
8.200000000,8.300000000,16200.000000000,16500.000000000,41.505744190,51,1
8.200000000,8.300000000,16500.000000000,16800.000000000,42.123917570,56,1
8.200000000,8.300000000,16800.000000000,17100.000000000,41.416121757,51,1
8.200000000,8.300000000,17100.000000000,17400.000000000,41.313437096,46,1
8.200000000,8.300000000,17400.000000000,17700.000000000,38.008165559,48,1
8.200000000,8.300000000,17700.000000000,18000.000000000,41.588902034,46,1
8.200000000,8.300000000,18000.000000000,18300.000000000,41.246007284,56,1
8.200000000,8.300000000,18300.000000000,18600.000000000,45.165748619,46,1
8.200000000,8.300000000,18600.000000000,18900.000000000,42.257590495,47,1
8.200000000,8.300000000,18900.000000000,19200.000000000,42.968793785,59,1
8.200000000,8.300000000,19200.000000000,19500.000000000,39.491192836,51,1
8.200000000,8.300000000,19500.000000000,19800.000000000,41.916859479,53,1
8.200000000,8.300000000,19800.000000000,20100.000000000,38.304250591,53,1
8.200000000,8.300000000,20100.000000000,20400.000000000,40.565581817,45,1
8.200000000,8.300000000,20400.000000000,20700.000000000,41.884008922,67,1
8.200000000,8.300000000,20700.000000000,21000.000000000,42.629967646,37,1
8.200000000,8.300000000,21000.000000000,21300.000000000,42.812391133,47,1
8.200000000,8.300000000,21300.000000000,21600.000000000,43.660994677,56,1
8.300000000,8.400000000,0.000000000,300.000000000,65.000000000,0,0
8.300000000,8.400000000,300.000000000,600.000000000,56.245803905,2,1
8.300000000,8.400000000,600.000000000,900.000000000,42.707064142,37,1
8.300000000,8.400000000,900.000000000,1200.000000000,41.548431229,45,1
8.300000000,8.400000000,1200.000000000,1500.000000000,38.313451768,48,1
8.300000000,8.400000000,1500.000000000,1800.000000000,38.759728018,60,1
8.300000000,8.400000000,1800.000000000,2100.000000000,41.432468189,40,1
8.300000000,8.400000000,2100.000000000,2400.000000000,42.216688739,56,1
8.300000000,8.400000000,2400.000000000,2700.000000000,46.307150631,55,1
8.300000000,8.400000000,2700.000000000,3000.000000000,44.069597623,53,1
8.300000000,8.400000000,3000.000000000,3300.000000000,43.967357559,45,1
8.300000000,8.400000000,3300.000000000,3600.000000000,42.608911186,47,1
8.300000000,8.400000000,3600.000000000,3900.000000000,42.887672975,47,1
8.300000000,8.400000000,3900.000000000,4200.000000000,41.334505101,64,1
8.300000000,8.400000000,4200.000000000,4500.000000000,39.574148036,48,1
8.300000000,8.400000000,4500.000000000,4800.000000000,41.782373458,47,1
8.300000000,8.400000000,4800.000000000,5100.000000000,41.158377096,59,1
8.300000000,8.400000000,5100.000000000,5400.000000000,41.321540523,60,1
8.300000000,8.400000000,5400.000000000,5700.000000000,44.771495487,48,1
8.300000000,8.400000000,5700.000000000,6000.000000000,45.075032297,48,1
8.300000000,8.400000000,6000.000000000,6300.000000000,42.122073641,59,1
8.300000000,8.400000000,6300.000000000,6600.000000000,43.446277808,52,1
8.300000000,8.400000000,6600.000000000,6900.000000000,43.523409564,47,1
8.300000000,8.400000000,6900.000000000,7200.000000000,45.173964074,53,1
8.300000000,8.400000000,7200.000000000,7500.000000000,41.819439143,43,1
8.300000000,8.400000000,7500.000000000,7800.000000000,43.362410478,54,1
8.300000000,8.400000000,7800.000000000,8100.000000000,42.007005590,60,1
8.300000000,8.400000000,8100.000000000,8400.000000000,42.232339083,55,1
8.300000000,8.400000000,8400.000000000,8700.000000000,41.622348386,54,1
8.300000000,8.400000000,8700.000000000,9000.000000000,42.324182994,44,1
8.300000000,8.400000000,9000.000000000,9300.000000000,43.974942872,53,1
8.300000000,8.400000000,9300.000000000,9600.000000000,41.960425275,50,1
8.300000000,8.400000000,9600.000000000,9900.000000000,40.254451019,69,1
8.300000000,8.400000000,9900.000000000,10200.000000000,44.571716779,48,1
8.300000000,8.400000000,10200.000000000,10500.000000000,44.839203948,43,1
8.300000000,8.400000000,10500.000000000,10800.000000000,41.729571560,58,1
8.300000000,8.400000000,10800.000000000,11100.000000000,45.343242111,49,1
8.300000000,8.400000000,11100.000000000,11400.000000000,41.882817248,49,1
8.300000000,8.400000000,11400.000000000,11700.000000000,40.516369006,45,1
8.300000000,8.400000000,11700.000000000,12000.000000000,41.001765938,52,1
8.300000000,8.400000000,12000.000000000,12300.000000000,39.793988909,50,1
8.300000000,8.400000000,12300.000000000,12600.000000000,43.553687790,57,1
8.300000000,8.400000000,12600.000000000,12900.000000000,42.609758381,51,1
8.300000000,8.400000000,12900.000000000,13200.000000000,43.853625511,46,1
8.300000000,8.400000000,13200.000000000,13500.000000000,45.106509887,54,1
8.300000000,8.400000000,13500.000000000,13800.000000000,44.488696998,47,1
8.300000000,8.400000000,13800.000000000,14100.000000000,44.263608335,54,1
8.300000000,8.400000000,14100.000000000,14400.000000000,43.533921740,42,1
8.300000000,8.400000000,14400.000000000,14700.000000000,40.277695209,59,1
8.300000000,8.400000000,14700.000000000,15000.000000000,42.821717900,49,1
8.300000000,8.400000000,15000.000000000,15300.000000000,45.267032230,46,1
8.300000000,8.400000000,15300.000000000,15600.000000000,40.785592464,53,1
8.300000000,8.400000000,15600.000000000,15900.000000000,38.372681014,52,1
8.300000000,8.400000000,15900.000000000,16200.000000000,41.341559914,49,1
8.300000000,8.400000000,16200.000000000,16500.000000000,41.516573975,48,1
8.300000000,8.400000000,16500.000000000,16800.000000000,42.927125240,52,1
8.300000000,8.400000000,16800.000000000,17100.000000000,41.407206665,54,1
8.300000000,8.400000000,17100.000000000,17400.000000000,41.642552088,48,1
8.300000000,8.400000000,17400.000000000,17700.000000000,37.561960338,48,1
8.300000000,8.400000000,17700.000000000,18000.000000000,41.716039518,46,1
8.300000000,8.400000000,18000.000000000,18300.000000000,40.343333736,55,1
8.300000000,8.400000000,18300.000000000,18600.000000000,45.610120575,44,1
8.300000000,8.400000000,18600.000000000,18900.000000000,42.839604567,45,1
8.300000000,8.400000000,18900.000000000,19200.000000000,42.148152126,56,1
8.300000000,8.400000000,19200.000000000,19500.000000000,39.920520002,49,1
8.300000000,8.400000000,19500.000000000,19800.000000000,43.040907838,52,1
8.300000000,8.400000000,19800.000000000,20100.000000000,37.929854101,54,1
8.300000000,8.400000000,20100.000000000,20400.000000000,41.630558588,43,1
8.300000000,8.400000000,20400.000000000,20700.000000000,40.587711529,66,1
8.300000000,8.400000000,20700.000000000,21000.000000000,43.463606367,37,1
8.300000000,8.400000000,21000.000000000,21300.000000000,43.101579875,50,1
8.300000000,8.400000000,21300.000000000,21600.000000000,44.163476270,55,1
8.400000000,8.500000000,0.000000000,300.000000000,65.000000000,0,0
8.400000000,8.500000000,300.000000000,600.000000000,53.168531000,1,1
8.400000000,8.500000000,600.000000000,900.000000000,42.308738684,35,1
8.400000000,8.500000000,900.000000000,1200.000000000,42.776512600,45,1
8.400000000,8.500000000,1200.000000000,1500.000000000,38.379616358,43,1
8.400000000,8.500000000,1500.000000000,1800.000000000,38.387256202,64,1
8.400000000,8.500000000,1800.000000000,2100.000000000,41.739437483,42,1
8.400000000,8.500000000,2100.000000000,2400.000000000,43.062150552,53,1
8.400000000,8.500000000,2400.000000000,2700.000000000,45.630590360,56,1
8.400000000,8.500000000,2700.000000000,3000.000000000,43.653061233,53,1
8.400000000,8.500000000,3000.000000000,3300.000000000,43.616189549,43,1
8.400000000,8.500000000,3300.000000000,3600.000000000,42.738951624,47,1
8.400000000,8.500000000,3600.000000000,3900.000000000,44.112483104,43,1
8.400000000,8.500000000,3900.000000000,4200.000000000,41.270938043,64,1
8.400000000,8.500000000,4200.000000000,4500.000000000,41.654582937,44,1
8.400000000,8.500000000,4500.000000000,4800.000000000,41.786136566,50,1
8.400000000,8.500000000,4800.000000000,5100.000000000,40.841401454,56,1
8.400000000,8.500000000,5100.000000000,5400.000000000,40.258097586,65,1
8.400000000,8.500000000,5400.000000000,5700.000000000,45.169383960,44,1
8.400000000,8.500000000,5700.000000000,6000.000000000,45.350374359,51,1
8.400000000,8.500000000,6000.000000000,6300.000000000,42.884473519,59,1
8.400000000,8.500000000,6300.000000000,6600.000000000,43.746535401,52,1
8.400000000,8.500000000,6600.000000000,6900.000000000,42.407437053,47,1
8.400000000,8.500000000,6900.000000000,7200.000000000,45.421118716,53,1
8.400000000,8.500000000,7200.000000000,7500.000000000,40.670042175,40,1
8.400000000,8.500000000,7500.000000000,7800.000000000,42.354727119,54,1
8.400000000,8.500000000,7800.000000000,8100.000000000,41.840642269,56,1
8.400000000,8.500000000,8100.000000000,8400.000000000,40.401940265,57,1
8.400000000,8.500000000,8400.000000000,8700.000000000,40.805797945,54,1
8.400000000,8.500000000,8700.000000000,9000.000000000,40.179579354,45,1
8.400000000,8.500000000,9000.000000000,9300.000000000,43.148633701,53,1
8.400000000,8.500000000,9300.000000000,9600.000000000,42.588229721,47,1
8.400000000,8.500000000,9600.000000000,9900.000000000,39.880085670,68,1
8.400000000,8.500000000,9900.000000000,10200.000000000,43.617963620,50,1
8.400000000,8.500000000,10200.000000000,10500.000000000,44.366990531,43,1
8.400000000,8.500000000,10500.000000000,10800.000000000,41.956598008,56,1
8.400000000,8.500000000,10800.000000000,11100.000000000,44.658414632,52,1
8.400000000,8.500000000,11100.000000000,11400.000000000,41.570163963,47,1
8.400000000,8.500000000,11400.000000000,11700.000000000,39.401298541,45,1
8.400000000,8.500000000,11700.000000000,12000.000000000,42.237314239,47,1
8.400000000,8.500000000,12000.000000000,12300.000000000,39.344248522,54,1
8.400000000,8.500000000,12300.000000000,12600.000000000,43.053844179,57,1
8.400000000,8.500000000,12600.000000000,12900.000000000,43.938480339,53,1
8.400000000,8.500000000,12900.000000000,13200.000000000,43.172849250,46,1
8.400000000,8.500000000,13200.000000000,13500.000000000,45.026643366,55,1
8.400000000,8.500000000,13500.000000000,13800.000000000,44.775847731,51,1
8.400000000,8.500000000,13800.000000000,14100.000000000,43.949312373,54,1
8.400000000,8.500000000,14100.000000000,14400.000000000,42.607624750,42,1
8.400000000,8.500000000,14400.000000000,14700.000000000,41.556422407,59,1
8.400000000,8.500000000,14700.000000000,15000.000000000,42.359944824,52,1
8.400000000,8.500000000,15000.000000000,15300.000000000,44.282638874,46,1
8.400000000,8.500000000,15300.000000000,15600.000000000,41.320019122,53,1
8.400000000,8.500000000,15600.000000000,15900.000000000,39.151226822,52,1
8.400000000,8.500000000,15900.000000000,16200.000000000,40.993471416,49,1
8.400000000,8.500000000,16200.000000000,16500.000000000,41.481676224,50,1
8.400000000,8.500000000,16500.000000000,16800.000000000,43.432054516,49,1
8.400000000,8.500000000,16800.000000000,17100.000000000,41.396982946,52,1
8.400000000,8.500000000,17100.000000000,17400.000000000,41.596668264,48,1
8.400000000,8.500000000,17400.000000000,17700.000000000,36.337242049,48,1
8.400000000,8.500000000,17700.000000000,18000.000000000,41.120111125,46,1
8.400000000,8.500000000,18000.000000000,18300.000000000,41.464068096,55,1
8.400000000,8.500000000,18300.000000000,18600.000000000,45.891011679,44,1
8.400000000,8.500000000,18600.000000000,18900.000000000,43.170785406,45,1
8.400000000,8.500000000,18900.000000000,19200.000000000,42.371720349,54,1
8.400000000,8.500000000,19200.000000000,19500.000000000,40.174356586,46,1
8.400000000,8.500000000,19500.000000000,19800.000000000,42.798430625,56,1
8.400000000,8.500000000,19800.000000000,20100.000000000,36.404873539,54,1
8.400000000,8.500000000,20100.000000000,20400.000000000,41.050168978,45,1
8.400000000,8.500000000,20400.000000000,20700.000000000,39.903992836,64,1
8.400000000,8.500000000,20700.000000000,21000.000000000,43.934637425,38,1
8.400000000,8.500000000,21000.000000000,21300.000000000,42.721661233,50,1
8.400000000,8.500000000,21300.000000000,21600.000000000,44.633651745,53,1
8.500000000,8.600000000,0.000000000,300.000000000,65.000000000,0,0
8.500000000,8.600000000,300.000000000,600.000000000,54.459739000,1,1
8.500000000,8.600000000,600.000000000,900.000000000,42.854725723,34,1
8.500000000,8.600000000,900.000000000,1200.000000000,43.449004324,48,1
8.500000000,8.600000000,1200.000000000,1500.000000000,37.601528485,38,1
8.500000000,8.600000000,1500.000000000,1800.000000000,39.016652668,67,1
8.500000000,8.600000000,1800.000000000,2100.000000000,42.080888195,42,1
8.500000000,8.600000000,2100.000000000,2400.000000000,44.015318113,49,1
8.500000000,8.600000000,2400.000000000,2700.000000000,44.921341605,59,1
8.500000000,8.600000000,2700.000000000,3000.000000000,43.733811153,53,1
8.500000000,8.600000000,3000.000000000,3300.000000000,43.954216843,42,1
8.500000000,8.600000000,3300.000000000,3600.000000000,42.160960498,48,1
8.500000000,8.600000000,3600.000000000,3900.000000000,44.635124512,44,1
8.500000000,8.600000000,3900.000000000,4200.000000000,41.894868673,64,1
8.500000000,8.600000000,4200.000000000,4500.000000000,42.027255345,40,1
8.500000000,8.600000000,4500.000000000,4800.000000000,41.068406496,54,1
8.500000000,8.600000000,4800.000000000,5100.000000000,41.420574242,52,1
8.500000000,8.600000000,5100.000000000,5400.000000000,38.983981055,67,1
8.500000000,8.600000000,5400.000000000,5700.000000000,45.197152411,42,1
8.500000000,8.600000000,5700.000000000,6000.000000000,45.764112769,52,1
8.500000000,8.600000000,6000.000000000,6300.000000000,44.106096842,60,1
8.500000000,8.600000000,6300.000000000,6600.000000000,44.059963893,54,1
8.500000000,8.600000000,6600.000000000,6900.000000000,41.913587541,47,1
8.500000000,8.600000000,6900.000000000,7200.000000000,45.222416024,53,1
8.500000000,8.600000000,7200.000000000,7500.000000000,40.512385471,41,1
8.500000000,8.600000000,7500.000000000,7800.000000000,42.354460756,54,1
8.500000000,8.600000000,7800.000000000,8100.000000000,41.003014192,52,1
8.500000000,8.600000000,8100.000000000,8400.000000000,40.854489804,57,1
8.500000000,8.600000000,8400.000000000,8700.000000000,41.759930079,51,1
8.500000000,8.600000000,8700.000000000,9000.000000000,40.956837609,48,1
8.500000000,8.600000000,9000.000000000,9300.000000000,42.243613124,53,1
8.500000000,8.600000000,9300.000000000,9600.000000000,43.423372757,47,1
8.500000000,8.600000000,9600.000000000,9900.000000000,40.293144651,66,1
8.500000000,8.600000000,9900.000000000,10200.000000000,42.919238670,55,1
8.500000000,8.600000000,10200.000000000,10500.000000000,44.446129435,43,1
8.500000000,8.600000000,10500.000000000,10800.000000000,43.688389307,52,1
8.500000000,8.600000000,10800.000000000,11100.000000000,44.549676745,52,1
8.500000000,8.600000000,11100.000000000,11400.000000000,41.874620133,49,1
8.500000000,8.600000000,11400.000000000,11700.000000000,40.384235929,46,1
8.500000000,8.600000000,11700.000000000,12000.000000000,45.000397480,44,1
8.500000000,8.600000000,12000.000000000,12300.000000000,40.197351283,54,1
8.500000000,8.600000000,12300.000000000,12600.000000000,41.900840976,54,1
8.500000000,8.600000000,12600.000000000,12900.000000000,44.316482152,52,1
8.500000000,8.600000000,12900.000000000,13200.000000000,42.458415779,47,1
8.500000000,8.600000000,13200.000000000,13500.000000000,44.313012352,51,1
8.500000000,8.600000000,13500.000000000,13800.000000000,44.771868369,52,1
8.500000000,8.600000000,13800.000000000,14100.000000000,43.322333540,54,1
8.500000000,8.600000000,14100.000000000,14400.000000000,43.457031801,43,1
8.500000000,8.600000000,14400.000000000,14700.000000000,42.299766396,55,1
8.500000000,8.600000000,14700.000000000,15000.000000000,42.465867620,56,1
8.500000000,8.600000000,15000.000000000,15300.000000000,43.531520089,49,1
8.500000000,8.600000000,15300.000000000,15600.000000000,41.262133437,53,1
8.500000000,8.600000000,15600.000000000,15900.000000000,39.979665714,53,1
8.500000000,8.600000000,15900.000000000,16200.000000000,41.509642574,46,1
8.500000000,8.600000000,16200.000000000,16500.000000000,40.721585954,54,1
8.500000000,8.600000000,16500.000000000,16800.000000000,43.867079820,49,1
8.500000000,8.600000000,16800.000000000,17100.000000000,40.789482263,52,1
8.500000000,8.600000000,17100.000000000,17400.000000000,42.283776068,50,1
8.500000000,8.600000000,17400.000000000,17700.000000000,36.029130488,48,1
8.500000000,8.600000000,17700.000000000,18000.000000000,42.686521165,46,1
8.500000000,8.600000000,18000.000000000,18300.000000000,42.173929576,55,1
8.500000000,8.600000000,18300.000000000,18600.000000000,45.515253716,45,1
8.500000000,8.600000000,18600.000000000,18900.000000000,43.467109193,46,1
8.500000000,8.600000000,18900.000000000,19200.000000000,42.497087912,57,1
8.500000000,8.600000000,19200.000000000,19500.000000000,40.283794355,41,1
8.500000000,8.600000000,19500.000000000,19800.000000000,42.431307063,57,1
8.500000000,8.600000000,19800.000000000,20100.000000000,34.756082340,52,1
8.500000000,8.600000000,20100.000000000,20400.000000000,40.141063210,49,1
8.500000000,8.600000000,20400.000000000,20700.000000000,39.643728270,60,1
8.500000000,8.600000000,20700.000000000,21000.000000000,42.597112865,42,1
8.500000000,8.600000000,21000.000000000,21300.000000000,41.828007354,50,1
8.500000000,8.600000000,21300.000000000,21600.000000000,44.790010212,51,1
8.600000000,8.700000000,0.000000000,300.000000000,65.000000000,0,0
8.600000000,8.700000000,300.000000000,600.000000000,56.056043333,1,1
8.600000000,8.700000000,600.000000000,900.000000000,42.888700315,32,1
8.600000000,8.700000000,900.000000000,1200.000000000,43.877593293,51,1
8.600000000,8.700000000,1200.000000000,1500.000000000,39.784312438,36,1
8.600000000,8.700000000,1500.000000000,1800.000000000,40.602968782,69,1
8.600000000,8.700000000,1800.000000000,2100.000000000,42.361405942,45,1
8.600000000,8.700000000,2100.000000000,2400.000000000,44.122138202,47,1
8.600000000,8.700000000,2400.000000000,2700.000000000,44.948048150,61,1
8.600000000,8.700000000,2700.000000000,3000.000000000,43.621949058,50,1
8.600000000,8.700000000,3000.000000000,3300.000000000,43.830043384,41,1
8.600000000,8.700000000,3300.000000000,3600.000000000,40.361936532,51,1
8.600000000,8.700000000,3600.000000000,3900.000000000,44.350975681,44,1
8.600000000,8.700000000,3900.000000000,4200.000000000,41.948996196,64,1
8.600000000,8.700000000,4200.000000000,4500.000000000,41.600838974,36,1
8.600000000,8.700000000,4500.000000000,4800.000000000,41.315916185,56,1
8.600000000,8.700000000,4800.000000000,5100.000000000,41.099387996,50,1
8.600000000,8.700000000,5100.000000000,5400.000000000,37.760065206,67,1
8.600000000,8.700000000,5400.000000000,5700.000000000,45.690422066,41,1
8.600000000,8.700000000,5700.000000000,6000.000000000,45.904801321,50,1
8.600000000,8.700000000,6000.000000000,6300.000000000,44.205238164,62,1
8.600000000,8.700000000,6300.000000000,6600.000000000,44.800539924,57,1
8.600000000,8.700000000,6600.000000000,6900.000000000,41.985974599,51,1
8.600000000,8.700000000,6900.000000000,7200.000000000,44.555164471,53,1
8.600000000,8.700000000,7200.000000000,7500.000000000,40.887104816,41,1
8.600000000,8.700000000,7500.000000000,7800.000000000,43.143213899,54,1
8.600000000,8.700000000,7800.000000000,8100.000000000,40.217090854,48,1
8.600000000,8.700000000,8100.000000000,8400.000000000,41.661522264,56,1
8.600000000,8.700000000,8400.000000000,8700.000000000,42.826190328,47,1
8.600000000,8.700000000,8700.000000000,9000.000000000,41.058999376,49,1
8.600000000,8.700000000,9000.000000000,9300.000000000,42.369876864,53,1
8.600000000,8.700000000,9300.000000000,9600.000000000,43.332049519,47,1
8.600000000,8.700000000,9600.000000000,9900.000000000,41.506194664,61,1
8.600000000,8.700000000,9900.000000000,10200.000000000,43.538053871,58,1
8.600000000,8.700000000,10200.000000000,10500.000000000,44.398138123,43,1
8.600000000,8.700000000,10500.000000000,10800.000000000,43.682305286,52,1
8.600000000,8.700000000,10800.000000000,11100.000000000,44.369918778,51,1
8.600000000,8.700000000,11100.000000000,11400.000000000,42.600090698,47,1
8.600000000,8.700000000,11400.000000000,11700.000000000,41.789980190,50,1
8.600000000,8.700000000,11700.000000000,12000.000000000,45.988623588,44,1
8.600000000,8.700000000,12000.000000000,12300.000000000,41.028406645,54,1
8.600000000,8.700000000,12300.000000000,12600.000000000,42.230845883,51,1
8.600000000,8.700000000,12600.000000000,12900.000000000,44.983628866,48,1
8.600000000,8.700000000,12900.000000000,13200.000000000,42.996958621,51,1
8.600000000,8.700000000,13200.000000000,13500.000000000,45.216730492,51,1
8.600000000,8.700000000,13500.000000000,13800.000000000,44.261401338,52,1
8.600000000,8.700000000,13800.000000000,14100.000000000,43.049752111,53,1
8.600000000,8.700000000,14100.000000000,14400.000000000,44.677174856,44,1
8.600000000,8.700000000,14400.000000000,14700.000000000,42.372096134,52,1
8.600000000,8.700000000,14700.000000000,15000.000000000,42.260496801,57,1
8.600000000,8.700000000,15000.000000000,15300.000000000,44.344522319,49,1
8.600000000,8.700000000,15300.000000000,15600.000000000,40.866637284,52,1
8.600000000,8.700000000,15600.000000000,15900.000000000,39.616019123,55,1
8.600000000,8.700000000,15900.000000000,16200.000000000,41.620520274,42,1
8.600000000,8.700000000,16200.000000000,16500.000000000,40.413108724,58,1
8.600000000,8.700000000,16500.000000000,16800.000000000,43.669929015,49,1
8.600000000,8.700000000,16800.000000000,17100.000000000,41.538927230,49,1
8.600000000,8.700000000,17100.000000000,17400.000000000,42.244178096,51,1
8.600000000,8.700000000,17400.000000000,17700.000000000,37.967648498,48,1
8.600000000,8.700000000,17700.000000000,18000.000000000,44.324870778,46,1
8.600000000,8.700000000,18000.000000000,18300.000000000,42.644364261,53,1
8.600000000,8.700000000,18300.000000000,18600.000000000,45.585360000,47,1
8.600000000,8.700000000,18600.000000000,18900.000000000,44.138820092,44,1
8.600000000,8.700000000,18900.000000000,19200.000000000,42.413304812,59,1
8.600000000,8.700000000,19200.000000000,19500.000000000,40.997540170,41,1
8.600000000,8.700000000,19500.000000000,19800.000000000,41.773963938,59,1
8.600000000,8.700000000,19800.000000000,20100.000000000,34.239536835,49,1
8.600000000,8.700000000,20100.000000000,20400.000000000,39.647397565,51,1
8.600000000,8.700000000,20400.000000000,20700.000000000,39.877009346,56,1
8.600000000,8.700000000,20700.000000000,21000.000000000,41.039142862,45,1
8.600000000,8.700000000,21000.000000000,21300.000000000,41.125234919,50,1
8.600000000,8.700000000,21300.000000000,21600.000000000,44.645799970,52,1
8.700000000,8.800000000,0.000000000,300.000000000,65.000000000,0,0
8.700000000,8.800000000,300.000000000,600.000000000,53.906957143,1,1
8.700000000,8.800000000,600.000000000,900.000000000,43.292254894,29,1
8.700000000,8.800000000,900.000000000,1200.000000000,43.846637153,51,1
8.700000000,8.800000000,1200.000000000,1500.000000000,41.374217047,37,1
8.700000000,8.800000000,1500.000000000,1800.000000000,41.174104805,65,1
8.700000000,8.800000000,1800.000000000,2100.000000000,42.843837481,49,1
8.700000000,8.800000000,2100.000000000,2400.000000000,43.061540423,45,1
8.700000000,8.800000000,2400.000000000,2700.000000000,45.328664664,64,1
8.700000000,8.800000000,2700.000000000,3000.000000000,44.455801200,53,1
8.700000000,8.800000000,3000.000000000,3300.000000000,44.486917594,38,1
8.700000000,8.800000000,3300.000000000,3600.000000000,40.345539997,55,1
8.700000000,8.800000000,3600.000000000,3900.000000000,44.103253133,44,1
8.700000000,8.800000000,3900.000000000,4200.000000000,41.749574060,64,1
8.700000000,8.800000000,4200.000000000,4500.000000000,40.464292315,35,1
8.700000000,8.800000000,4500.000000000,4800.000000000,42.031526728,56,1
8.700000000,8.800000000,4800.000000000,5100.000000000,39.899541058,50,1
8.700000000,8.800000000,5100.000000000,5400.000000000,37.911781585,67,1
8.700000000,8.800000000,5400.000000000,5700.000000000,46.178025850,42,1
8.700000000,8.800000000,5700.000000000,6000.000000000,45.614375958,47,1
8.700000000,8.800000000,6000.000000000,6300.000000000,43.655433751,60,1
8.700000000,8.800000000,6300.000000000,6600.000000000,44.869208524,55,1
8.700000000,8.800000000,6600.000000000,6900.000000000,42.724240411,49,1
8.700000000,8.800000000,6900.000000000,7200.000000000,43.814218704,54,1
8.700000000,8.800000000,7200.000000000,7500.000000000,41.892239837,42,1
8.700000000,8.800000000,7500.000000000,7800.000000000,42.625341519,55,1
8.700000000,8.800000000,7800.000000000,8100.000000000,39.219598788,48,1
8.700000000,8.800000000,8100.000000000,8400.000000000,41.956434198,57,1
8.700000000,8.800000000,8400.000000000,8700.000000000,42.119898013,47,1
8.700000000,8.800000000,8700.000000000,9000.000000000,40.399435182,49,1
8.700000000,8.800000000,9000.000000000,9300.000000000,42.854188459,53,1
8.700000000,8.800000000,9300.000000000,9600.000000000,43.894869086,46,1
8.700000000,8.800000000,9600.000000000,9900.000000000,42.011547840,62,1
8.700000000,8.800000000,9900.000000000,10200.000000000,44.641660346,61,1
8.700000000,8.800000000,10200.000000000,10500.000000000,44.015808285,43,1
8.700000000,8.800000000,10500.000000000,10800.000000000,43.374777129,51,1
8.700000000,8.800000000,10800.000000000,11100.000000000,44.129106043,51,1
8.700000000,8.800000000,11100.000000000,11400.000000000,42.508716081,46,1
8.700000000,8.800000000,11400.000000000,11700.000000000,43.430611879,53,1
8.700000000,8.800000000,11700.000000000,12000.000000000,45.234074762,44,1
8.700000000,8.800000000,12000.000000000,12300.000000000,40.559015820,54,1
8.700000000,8.800000000,12300.000000000,12600.000000000,41.974607565,51,1
8.700000000,8.800000000,12600.000000000,12900.000000000,44.602933449,44,1
8.700000000,8.800000000,12900.000000000,13200.000000000,42.534953782,54,1
8.700000000,8.800000000,13200.000000000,13500.000000000,45.712216266,51,1
8.700000000,8.800000000,13500.000000000,13800.000000000,44.983794073,52,1
8.700000000,8.800000000,13800.000000000,14100.000000000,42.991026217,51,1
8.700000000,8.800000000,14100.000000000,14400.000000000,44.163936561,48,1
8.700000000,8.800000000,14400.000000000,14700.000000000,42.513263952,48,1
8.700000000,8.800000000,14700.000000000,15000.000000000,41.414866839,60,1
8.700000000,8.800000000,15000.000000000,15300.000000000,44.910447480,49,1
8.700000000,8.800000000,15300.000000000,15600.000000000,41.290794554,49,1
8.700000000,8.800000000,15600.000000000,15900.000000000,39.805202202,59,1
8.700000000,8.800000000,15900.000000000,16200.000000000,41.904499827,40,1
8.700000000,8.800000000,16200.000000000,16500.000000000,40.337762814,59,1
8.700000000,8.800000000,16500.000000000,16800.000000000,44.551865786,49,1
8.700000000,8.800000000,16800.000000000,17100.000000000,41.825825690,49,1
8.700000000,8.800000000,17100.000000000,17400.000000000,42.219920610,52,1
8.700000000,8.800000000,17400.000000000,17700.000000000,39.910936585,48,1
8.700000000,8.800000000,17700.000000000,18000.000000000,45.051475587,46,1
8.700000000,8.800000000,18000.000000000,18300.000000000,42.922539848,49,1
8.700000000,8.800000000,18300.000000000,18600.000000000,44.427553409,49,1
8.700000000,8.800000000,18600.000000000,18900.000000000,43.714956464,43,1
8.700000000,8.800000000,18900.000000000,19200.000000000,42.435517993,59,1
8.700000000,8.800000000,19200.000000000,19500.000000000,40.872981334,40,1
8.700000000,8.800000000,19500.000000000,19800.000000000,42.257016362,62,1
8.700000000,8.800000000,19800.000000000,20100.000000000,34.052418758,47,1
8.700000000,8.800000000,20100.000000000,20400.000000000,39.391984835,55,1
8.700000000,8.800000000,20400.000000000,20700.000000000,40.557050424,52,1
8.700000000,8.800000000,20700.000000000,21000.000000000,40.379046411,49,1
8.700000000,8.800000000,21000.000000000,21300.000000000,40.368130379,49,1
8.700000000,8.800000000,21300.000000000,21600.000000000,44.212200485,56,1
8.800000000,8.900000000,0.000000000,300.000000000,65.000000000,0,0
8.800000000,8.900000000,300.000000000,600.000000000,55.486379714,1,1
8.800000000,8.900000000,600.000000000,900.000000000,43.953526206,25,1
8.800000000,8.900000000,900.000000000,1200.000000000,44.809359023,51,1
8.800000000,8.900000000,1200.000000000,1500.000000000,42.088114834,37,1
8.800000000,8.900000000,1500.000000000,1800.000000000,41.281506027,62,1
8.800000000,8.900000000,1800.000000000,2100.000000000,43.220301997,53,1
8.800000000,8.900000000,2100.000000000,2400.000000000,41.071376449,44,1
8.800000000,8.900000000,2400.000000000,2700.000000000,45.517969022,63,1
8.800000000,8.900000000,2700.000000000,3000.000000000,45.320572061,52,1
8.800000000,8.900000000,3000.000000000,3300.000000000,44.358952212,38,1
8.800000000,8.900000000,3300.000000000,3600.000000000,41.467253457,55,1
8.800000000,8.900000000,3600.000000000,3900.000000000,44.087805380,45,1
8.800000000,8.900000000,3900.000000000,4200.000000000,42.065932730,64,1
8.800000000,8.900000000,4200.000000000,4500.000000000,39.928194888,37,1
8.800000000,8.900000000,4500.000000000,4800.000000000,42.293857720,56,1
8.800000000,8.900000000,4800.000000000,5100.000000000,39.903857485,50,1
8.800000000,8.900000000,5100.000000000,5400.000000000,38.304209719,69,1
8.800000000,8.900000000,5400.000000000,5700.000000000,46.428753212,46,1
8.800000000,8.900000000,5700.000000000,6000.000000000,45.714341591,46,1
8.800000000,8.900000000,6000.000000000,6300.000000000,42.519166571,58,1
8.800000000,8.900000000,6300.000000000,6600.000000000,44.626807812,55,1
8.800000000,8.900000000,6600.000000000,6900.000000000,42.794836995,48,1
8.800000000,8.900000000,6900.000000000,7200.000000000,43.579769196,56,1
8.800000000,8.900000000,7200.000000000,7500.000000000,42.344792335,42,1
8.800000000,8.900000000,7500.000000000,7800.000000000,42.379670788,59,1
8.800000000,8.900000000,7800.000000000,8100.000000000,39.189279250,50,1
8.800000000,8.900000000,8100.000000000,8400.000000000,41.836610522,60,1
8.800000000,8.900000000,8400.000000000,8700.000000000,40.206189339,50,1
8.800000000,8.900000000,8700.000000000,9000.000000000,40.116322655,49,1
8.800000000,8.900000000,9000.000000000,9300.000000000,42.717692637,53,1
8.800000000,8.900000000,9300.000000000,9600.000000000,44.862308306,42,1
8.800000000,8.900000000,9600.000000000,9900.000000000,42.219911193,61,1
8.800000000,8.900000000,9900.000000000,10200.000000000,45.080698879,61,1
8.800000000,8.900000000,10200.000000000,10500.000000000,43.456464222,46,1
8.800000000,8.900000000,10500.000000000,10800.000000000,43.655492162,51,1
8.800000000,8.900000000,10800.000000000,11100.000000000,44.073510689,51,1
8.800000000,8.900000000,11100.000000000,11400.000000000,42.578472268,43,1
8.800000000,8.900000000,11400.000000000,11700.000000000,44.058575986,56,1
8.800000000,8.900000000,11700.000000000,12000.000000000,43.951804757,44,1
8.800000000,8.900000000,12000.000000000,12300.000000000,40.219277254,54,1
8.800000000,8.900000000,12300.000000000,12600.000000000,41.568661526,52,1
8.800000000,8.900000000,12600.000000000,12900.000000000,43.568463700,42,1
8.800000000,8.900000000,12900.000000000,13200.000000000,41.953405559,57,1
8.800000000,8.900000000,13200.000000000,13500.000000000,44.153176962,51,1
8.800000000,8.900000000,13500.000000000,13800.000000000,44.424234492,52,1
8.800000000,8.900000000,13800.000000000,14100.000000000,43.356671210,48,1
8.800000000,8.900000000,14100.000000000,14400.000000000,43.585868734,49,1
8.800000000,8.900000000,14400.000000000,14700.000000000,43.188913067,44,1
8.800000000,8.900000000,14700.000000000,15000.000000000,40.508306095,64,1
8.800000000,8.900000000,15000.000000000,15300.000000000,44.634595462,49,1
8.800000000,8.900000000,15300.000000000,15600.000000000,42.221340582,45,1
8.800000000,8.900000000,15600.000000000,15900.000000000,39.550407209,62,1
8.800000000,8.900000000,15900.000000000,16200.000000000,41.934113455,40,1
8.800000000,8.900000000,16200.000000000,16500.000000000,40.561473275,58,1
8.800000000,8.900000000,16500.000000000,16800.000000000,43.669798695,53,1
8.800000000,8.900000000,16800.000000000,17100.000000000,41.350523401,49,1
8.800000000,8.900000000,17100.000000000,17400.000000000,42.166656868,54,1
8.800000000,8.900000000,17400.000000000,17700.000000000,41.065153279,48,1
8.800000000,8.900000000,17700.000000000,18000.000000000,44.500030325,48,1
8.800000000,8.900000000,18000.000000000,18300.000000000,43.169585054,47,1
8.800000000,8.900000000,18300.000000000,18600.000000000,43.316465727,49,1
8.800000000,8.900000000,18600.000000000,18900.000000000,42.520598808,43,1
8.800000000,8.900000000,18900.000000000,19200.000000000,43.109121766,57,1
8.800000000,8.900000000,19200.000000000,19500.000000000,41.219792924,40,1
8.800000000,8.900000000,19500.000000000,19800.000000000,42.843257976,65,1
8.800000000,8.900000000,19800.000000000,20100.000000000,34.523742912,43,1
8.800000000,8.900000000,20100.000000000,20400.000000000,39.912536371,59,1
8.800000000,8.900000000,20400.000000000,20700.000000000,40.421968391,48,1
8.800000000,8.900000000,20700.000000000,21000.000000000,41.003065087,53,1
8.800000000,8.900000000,21000.000000000,21300.000000000,40.266824298,47,1
8.800000000,8.900000000,21300.000000000,21600.000000000,44.019228526,59,1
8.900000000,9.000000000,0.000000000,300.000000000,65.000000000,0,0
8.900000000,9.000000000,300.000000000,600.000000000,58.638114000,1,1
8.900000000,9.000000000,600.000000000,900.000000000,43.707531516,24,1
8.900000000,9.000000000,900.000000000,1200.000000000,45.375596837,53,1
8.900000000,9.000000000,1200.000000000,1500.000000000,41.526457117,37,1
8.900000000,9.000000000,1500.000000000,1800.000000000,42.311567213,58,1
8.900000000,9.000000000,1800.000000000,2100.000000000,42.761103475,54,1
8.900000000,9.000000000,2100.000000000,2400.000000000,40.440945343,43,1
8.900000000,9.000000000,2400.000000000,2700.000000000,44.418194153,68,1
8.900000000,9.000000000,2700.000000000,3000.000000000,45.559361613,48,1
8.900000000,9.000000000,3000.000000000,3300.000000000,43.661360416,41,1
8.900000000,9.000000000,3300.000000000,3600.000000000,41.975035432,54,1
8.900000000,9.000000000,3600.000000000,3900.000000000,43.223085130,49,1
8.900000000,9.000000000,3900.000000000,4200.000000000,42.591043394,61,1
8.900000000,9.000000000,4200.000000000,4500.000000000,40.385949963,41,1
8.900000000,9.000000000,4500.000000000,4800.000000000,43.039009965,57,1
8.900000000,9.000000000,4800.000000000,5100.000000000,40.340263561,46,1
8.900000000,9.000000000,5100.000000000,5400.000000000,38.696673551,66,1
8.900000000,9.000000000,5400.000000000,5700.000000000,45.758623339,50,1
8.900000000,9.000000000,5700.000000000,6000.000000000,45.959169236,46,1
8.900000000,9.000000000,6000.000000000,6300.000000000,42.571351099,57,1
8.900000000,9.000000000,6300.000000000,6600.000000000,44.673015205,54,1
8.900000000,9.000000000,6600.000000000,6900.000000000,42.724074011,46,1
8.900000000,9.000000000,6900.000000000,7200.000000000,42.646690246,58,1
8.900000000,9.000000000,7200.000000000,7500.000000000,42.367577611,43,1
8.900000000,9.000000000,7500.000000000,7800.000000000,42.306459381,58,1
8.900000000,9.000000000,7800.000000000,8100.000000000,39.063686962,49,1
8.900000000,9.000000000,8100.000000000,8400.000000000,42.160638477,57,1
8.900000000,9.000000000,8400.000000000,8700.000000000,40.546899621,53,1
8.900000000,9.000000000,8700.000000000,9000.000000000,40.868338087,49,1
8.900000000,9.000000000,9000.000000000,9300.000000000,43.095902071,53,1
8.900000000,9.000000000,9300.000000000,9600.000000000,45.094593117,41,1
8.900000000,9.000000000,9600.000000000,9900.000000000,42.784445693,60,1
8.900000000,9.000000000,9900.000000000,10200.000000000,44.804976868,59,1
8.900000000,9.000000000,10200.000000000,10500.000000000,42.307178997,46,1
8.900000000,9.000000000,10500.000000000,10800.000000000,44.510715060,49,1
8.900000000,9.000000000,10800.000000000,11100.000000000,44.279635027,55,1
8.900000000,9.000000000,11100.000000000,11400.000000000,42.670965785,39,1
8.900000000,9.000000000,11400.000000000,11700.000000000,44.387759718,59,1
8.900000000,9.000000000,11700.000000000,12000.000000000,44.153507757,45,1
8.900000000,9.000000000,12000.000000000,12300.000000000,39.629178020,52,1
8.900000000,9.000000000,12300.000000000,12600.000000000,42.687127469,54,1
8.900000000,9.000000000,12600.000000000,12900.000000000,43.477557475,43,1
8.900000000,9.000000000,12900.000000000,13200.000000000,41.300765414,57,1
8.900000000,9.000000000,13200.000000000,13500.000000000,41.522958831,52,1
8.900000000,9.000000000,13500.000000000,13800.000000000,44.040903248,52,1
8.900000000,9.000000000,13800.000000000,14100.000000000,43.730056202,50,1
8.900000000,9.000000000,14100.000000000,14400.000000000,42.966424631,52,1
8.900000000,9.000000000,14400.000000000,14700.000000000,42.647262317,41,1
8.900000000,9.000000000,14700.000000000,15000.000000000,39.354644504,69,1
8.900000000,9.000000000,15000.000000000,15300.000000000,44.506080788,49,1
8.900000000,9.000000000,15300.000000000,15600.000000000,42.000392059,41,1
8.900000000,9.000000000,15600.000000000,15900.000000000,39.733841025,64,1
8.900000000,9.000000000,15900.000000000,16200.000000000,41.470457748,40,1
8.900000000,9.000000000,16200.000000000,16500.000000000,40.341730749,54,1
8.900000000,9.000000000,16500.000000000,16800.000000000,42.434405279,55,1
8.900000000,9.000000000,16800.000000000,17100.000000000,41.469223989,51,1
8.900000000,9.000000000,17100.000000000,17400.000000000,42.344581358,55,1
8.900000000,9.000000000,17400.000000000,17700.000000000,41.812107618,46,1
8.900000000,9.000000000,17700.000000000,18000.000000000,44.620276488,49,1
8.900000000,9.000000000,18000.000000000,18300.000000000,42.779473301,47,1
8.900000000,9.000000000,18300.000000000,18600.000000000,42.959838139,49,1
8.900000000,9.000000000,18600.000000000,18900.000000000,42.066853597,43,1
8.900000000,9.000000000,18900.000000000,19200.000000000,44.084139668,54,1
8.900000000,9.000000000,19200.000000000,19500.000000000,41.590428663,39,1
8.900000000,9.000000000,19500.000000000,19800.000000000,42.829351831,65,1
8.900000000,9.000000000,19800.000000000,20100.000000000,35.717097510,38,1
8.900000000,9.000000000,20100.000000000,20400.000000000,39.157149237,64,1
8.900000000,9.000000000,20400.000000000,20700.000000000,40.363573668,45,1
8.900000000,9.000000000,20700.000000000,21000.000000000,40.596291304,53,1
8.900000000,9.000000000,21000.000000000,21300.000000000,40.463277471,47,1
8.900000000,9.000000000,21300.000000000,21600.000000000,44.072656640,62,1
9.000000000,9.100000000,0.000000000,300.000000000,65.000000000,0,0
9.000000000,9.100000000,300.000000000,600.000000000,56.743456500,1,1
9.000000000,9.100000000,600.000000000,900.000000000,42.850540675,22,1
9.000000000,9.100000000,900.000000000,1200.000000000,45.112073465,53,1
9.000000000,9.100000000,1200.000000000,1500.000000000,39.611082052,37,1
9.000000000,9.100000000,1500.000000000,1800.000000000,42.021292020,54,1
9.000000000,9.100000000,1800.000000000,2100.000000000,42.680604134,56,1
9.000000000,9.100000000,2100.000000000,2400.000000000,40.811732843,38,1
9.000000000,9.100000000,2400.000000000,2700.000000000,44.159608973,69,1
9.000000000,9.100000000,2700.000000000,3000.000000000,45.996828859,45,1
9.000000000,9.100000000,3000.000000000,3300.000000000,43.701131072,45,1
9.000000000,9.100000000,3300.000000000,3600.000000000,43.320696732,52,1
9.000000000,9.100000000,3600.000000000,3900.000000000,43.374842598,50,1
9.000000000,9.100000000,3900.000000000,4200.000000000,42.753791721,58,1
9.000000000,9.100000000,4200.000000000,4500.000000000,40.167832769,40,1
9.000000000,9.100000000,4500.000000000,4800.000000000,42.980046063,58,1
9.000000000,9.100000000,4800.000000000,5100.000000000,40.809415961,46,1
9.000000000,9.100000000,5100.000000000,5400.000000000,38.749524692,63,1
9.000000000,9.100000000,5400.000000000,5700.000000000,45.401758212,53,1
9.000000000,9.100000000,5700.000000000,6000.000000000,45.096375655,46,1
9.000000000,9.100000000,6000.000000000,6300.000000000,43.717979801,57,1
9.000000000,9.100000000,6300.000000000,6600.000000000,44.188395673,53,1
9.000000000,9.100000000,6600.000000000,6900.000000000,43.302688794,43,1
9.000000000,9.100000000,6900.000000000,7200.000000000,42.722625454,56,1
9.000000000,9.100000000,7200.000000000,7500.000000000,43.423946681,41,1
9.000000000,9.100000000,7500.000000000,7800.000000000,42.879037362,58,1
9.000000000,9.100000000,7800.000000000,8100.000000000,37.972549412,49,1
9.000000000,9.100000000,8100.000000000,8400.000000000,41.448449982,54,1
9.000000000,9.100000000,8400.000000000,8700.000000000,40.384945744,57,1
9.000000000,9.100000000,8700.000000000,9000.000000000,40.852857542,49,1
9.000000000,9.100000000,9000.000000000,9300.000000000,42.969832642,57,1
9.000000000,9.100000000,9300.000000000,9600.000000000,44.894686050,41,1
9.000000000,9.100000000,9600.000000000,9900.000000000,42.698301299,60,1
9.000000000,9.100000000,9900.000000000,10200.000000000,44.662199398,62,1
9.000000000,9.100000000,10200.000000000,10500.000000000,41.236314515,44,1
9.000000000,9.100000000,10500.000000000,10800.000000000,44.894236746,48,1
9.000000000,9.100000000,10800.000000000,11100.000000000,43.697576708,58,1
9.000000000,9.100000000,11100.000000000,11400.000000000,42.016772743,37,1
9.000000000,9.100000000,11400.000000000,11700.000000000,43.364145261,59,1
9.000000000,9.100000000,11700.000000000,12000.000000000,44.054126931,48,1
9.000000000,9.100000000,12000.000000000,12300.000000000,39.219792514,48,1
9.000000000,9.100000000,12300.000000000,12600.000000000,42.725848661,55,1
9.000000000,9.100000000,12600.000000000,12900.000000000,42.896515102,47,1
9.000000000,9.100000000,12900.000000000,13200.000000000,41.978476014,56,1
9.000000000,9.100000000,13200.000000000,13500.000000000,41.282823369,54,1
9.000000000,9.100000000,13500.000000000,13800.000000000,44.662886523,49,1
9.000000000,9.100000000,13800.000000000,14100.000000000,43.668329599,49,1
9.000000000,9.100000000,14100.000000000,14400.000000000,43.508642191,51,1
9.000000000,9.100000000,14400.000000000,14700.000000000,42.050098392,38,1
9.000000000,9.100000000,14700.000000000,15000.000000000,39.436442813,69,1
9.000000000,9.100000000,15000.000000000,15300.000000000,43.451781752,49,1
9.000000000,9.100000000,15300.000000000,15600.000000000,41.618478555,39,1
9.000000000,9.100000000,15600.000000000,15900.000000000,39.948227929,67,1
9.000000000,9.100000000,15900.000000000,16200.000000000,41.221848941,40,1
9.000000000,9.100000000,16200.000000000,16500.000000000,40.597859947,51,1
9.000000000,9.100000000,16500.000000000,16800.000000000,42.277108251,56,1
9.000000000,9.100000000,16800.000000000,17100.000000000,41.825305519,52,1
9.000000000,9.100000000,17100.000000000,17400.000000000,42.399574528,57,1
9.000000000,9.100000000,17400.000000000,17700.000000000,42.472986178,46,1
9.000000000,9.100000000,17700.000000000,18000.000000000,44.366694071,52,1
9.000000000,9.100000000,18000.000000000,18300.000000000,42.157692840,50,1
9.000000000,9.100000000,18300.000000000,18600.000000000,42.746790163,48,1
9.000000000,9.100000000,18600.000000000,18900.000000000,42.017117213,43,1
9.000000000,9.100000000,18900.000000000,19200.000000000,43.397956711,53,1
9.000000000,9.100000000,19200.000000000,19500.000000000,41.882922761,43,1
9.000000000,9.100000000,19500.000000000,19800.000000000,41.697438032,65,1
9.000000000,9.100000000,19800.000000000,20100.000000000,36.091048870,34,1
9.000000000,9.100000000,20100.000000000,20400.000000000,39.037543328,68,1
9.000000000,9.100000000,20400.000000000,20700.000000000,41.189560962,42,1
9.000000000,9.100000000,20700.000000000,21000.000000000,40.770029658,53,1
9.000000000,9.100000000,21000.000000000,21300.000000000,40.215506212,44,1
9.000000000,9.100000000,21300.000000000,21600.000000000,44.273785823,60,1
9.100000000,9.200000000,0.000000000,300.000000000,65.000000000,0,0
9.100000000,9.200000000,300.000000000,600.000000000,53.129572571,1,1
9.100000000,9.200000000,600.000000000,900.000000000,40.780447615,22,1
9.100000000,9.200000000,900.000000000,1200.000000000,45.128600737,54,1
9.100000000,9.200000000,1200.000000000,1500.000000000,39.848996435,37,1
9.100000000,9.200000000,1500.000000000,1800.000000000,41.547701198,50,1
9.100000000,9.200000000,1800.000000000,2100.000000000,42.338742228,60,1
9.100000000,9.200000000,2100.000000000,2400.000000000,41.592331194,38,1
9.100000000,9.200000000,2400.000000000,2700.000000000,43.490280057,69,1
9.100000000,9.200000000,2700.000000000,3000.000000000,46.075525882,43,1
9.100000000,9.200000000,3000.000000000,3300.000000000,44.785785639,46,1
9.100000000,9.200000000,3300.000000000,3600.000000000,43.795215156,51,1
9.100000000,9.200000000,3600.000000000,3900.000000000,42.746409860,53,1
9.100000000,9.200000000,3900.000000000,4200.000000000,43.414315321,57,1
9.100000000,9.200000000,4200.000000000,4500.000000000,40.821299442,40,1
9.100000000,9.200000000,4500.000000000,4800.000000000,42.224794484,58,1
9.100000000,9.200000000,4800.000000000,5100.000000000,41.349687664,45,1
9.100000000,9.200000000,5100.000000000,5400.000000000,38.882625301,59,1
9.100000000,9.200000000,5400.000000000,5700.000000000,45.950075455,54,1
9.100000000,9.200000000,5700.000000000,6000.000000000,45.301752464,46,1
9.100000000,9.200000000,6000.000000000,6300.000000000,44.295800542,58,1
9.100000000,9.200000000,6300.000000000,6600.000000000,42.995070452,54,1
9.100000000,9.200000000,6600.000000000,6900.000000000,43.743131718,45,1
9.100000000,9.200000000,6900.000000000,7200.000000000,43.060171544,55,1
9.100000000,9.200000000,7200.000000000,7500.000000000,44.463829412,42,1
9.100000000,9.200000000,7500.000000000,7800.000000000,43.368455711,58,1
9.100000000,9.200000000,7800.000000000,8100.000000000,37.290973638,49,1
9.100000000,9.200000000,8100.000000000,8400.000000000,40.924583921,50,1
9.100000000,9.200000000,8400.000000000,8700.000000000,40.395544763,57,1
9.100000000,9.200000000,8700.000000000,9000.000000000,41.157777383,45,1
9.100000000,9.200000000,9000.000000000,9300.000000000,42.872107620,60,1
9.100000000,9.200000000,9300.000000000,9600.000000000,44.529966485,45,1
9.100000000,9.200000000,9600.000000000,9900.000000000,41.544731320,56,1
9.100000000,9.200000000,9900.000000000,10200.000000000,44.747832965,63,1
9.100000000,9.200000000,10200.000000000,10500.000000000,41.373951281,44,1
9.100000000,9.200000000,10500.000000000,10800.000000000,44.222124269,46,1
9.100000000,9.200000000,10800.000000000,11100.000000000,43.670747403,58,1
9.100000000,9.200000000,11100.000000000,11400.000000000,40.759232531,36,1
9.100000000,9.200000000,11400.000000000,11700.000000000,42.411294132,58,1
9.100000000,9.200000000,11700.000000000,12000.000000000,44.149708201,48,1
9.100000000,9.200000000,12000.000000000,12300.000000000,40.144568529,44,1
9.100000000,9.200000000,12300.000000000,12600.000000000,43.188805564,54,1
9.100000000,9.200000000,12600.000000000,12900.000000000,42.535350803,51,1
9.100000000,9.200000000,12900.000000000,13200.000000000,41.060801399,55,1
9.100000000,9.200000000,13200.000000000,13500.000000000,41.922029416,55,1
9.100000000,9.200000000,13500.000000000,13800.000000000,44.365369525,49,1
9.100000000,9.200000000,13800.000000000,14100.000000000,43.070017927,49,1
9.100000000,9.200000000,14100.000000000,14400.000000000,43.960991672,50,1
9.100000000,9.200000000,14400.000000000,14700.000000000,40.970579085,39,1
9.100000000,9.200000000,14700.000000000,15000.000000000,39.793384007,68,1
9.100000000,9.200000000,15000.000000000,15300.000000000,42.743991884,53,1
9.100000000,9.200000000,15300.000000000,15600.000000000,42.025601759,36,1
9.100000000,9.200000000,15600.000000000,15900.000000000,39.130150465,71,1
9.100000000,9.200000000,15900.000000000,16200.000000000,41.683910815,43,1
9.100000000,9.200000000,16200.000000000,16500.000000000,40.905900700,47,1
9.100000000,9.200000000,16500.000000000,16800.000000000,40.877961635,57,1
9.100000000,9.200000000,16800.000000000,17100.000000000,41.977528453,52,1
9.100000000,9.200000000,17100.000000000,17400.000000000,42.112806250,59,1
9.100000000,9.200000000,17400.000000000,17700.000000000,42.944181768,44,1
9.100000000,9.200000000,17700.000000000,18000.000000000,43.362014293,52,1
9.100000000,9.200000000,18000.000000000,18300.000000000,41.938784062,52,1
9.100000000,9.200000000,18300.000000000,18600.000000000,43.303641554,47,1
9.100000000,9.200000000,18600.000000000,18900.000000000,42.989381899,44,1
9.100000000,9.200000000,18900.000000000,19200.000000000,42.457256450,54,1
9.100000000,9.200000000,19200.000000000,19500.000000000,43.316952741,45,1
9.100000000,9.200000000,19500.000000000,19800.000000000,42.235148126,65,1
9.100000000,9.200000000,19800.000000000,20100.000000000,36.456078920,29,1
9.100000000,9.200000000,20100.000000000,20400.000000000,39.288242835,73,1
9.100000000,9.200000000,20400.000000000,20700.000000000,41.007896085,39,1
9.100000000,9.200000000,20700.000000000,21000.000000000,40.632794481,52,1
9.100000000,9.200000000,21000.000000000,21300.000000000,40.526412272,46,1
9.100000000,9.200000000,21300.000000000,21600.000000000,44.664359223,60,1
9.200000000,9.300000000,0.000000000,300.000000000,65.000000000,0,0
9.200000000,9.300000000,300.000000000,600.000000000,50.115402857,1,1
9.200000000,9.300000000,600.000000000,900.000000000,42.021041641,21,1
9.200000000,9.300000000,900.000000000,1200.000000000,44.812940060,58,1
9.200000000,9.300000000,1200.000000000,1500.000000000,39.315276407,37,1
9.200000000,9.300000000,1500.000000000,1800.000000000,42.101080346,46,1
9.200000000,9.300000000,1800.000000000,2100.000000000,41.528927489,63,1
9.200000000,9.300000000,2100.000000000,2400.000000000,42.330085191,40,1
9.200000000,9.300000000,2400.000000000,2700.000000000,42.499759677,68,1
9.200000000,9.300000000,2700.000000000,3000.000000000,45.620084387,41,1
9.200000000,9.300000000,3000.000000000,3300.000000000,45.910192545,50,1
9.200000000,9.300000000,3300.000000000,3600.000000000,44.213484947,48,1
9.200000000,9.300000000,3600.000000000,3900.000000000,43.228256859,56,1
9.200000000,9.300000000,3900.000000000,4200.000000000,44.105445298,57,1
9.200000000,9.300000000,4200.000000000,4500.000000000,41.132919132,40,1
9.200000000,9.300000000,4500.000000000,4800.000000000,41.643268489,58,1
9.200000000,9.300000000,4800.000000000,5100.000000000,41.445694111,46,1
9.200000000,9.300000000,5100.000000000,5400.000000000,38.744199382,59,1
9.200000000,9.300000000,5400.000000000,5700.000000000,45.920087750,54,1
9.200000000,9.300000000,5700.000000000,6000.000000000,44.428090587,45,1
9.200000000,9.300000000,6000.000000000,6300.000000000,44.684695444,57,1
9.200000000,9.300000000,6300.000000000,6600.000000000,42.620478918,54,1
9.200000000,9.300000000,6600.000000000,6900.000000000,44.411739866,45,1
9.200000000,9.300000000,6900.000000000,7200.000000000,43.231323088,52,1
9.200000000,9.300000000,7200.000000000,7500.000000000,44.042133685,46,1
9.200000000,9.300000000,7500.000000000,7800.000000000,42.502408269,59,1
9.200000000,9.300000000,7800.000000000,8100.000000000,39.075920917,49,1
9.200000000,9.300000000,8100.000000000,8400.000000000,41.335070363,50,1
9.200000000,9.300000000,8400.000000000,8700.000000000,40.854522184,57,1
9.200000000,9.300000000,8700.000000000,9000.000000000,42.228368142,41,1
9.200000000,9.300000000,9000.000000000,9300.000000000,42.917793187,61,1
9.200000000,9.300000000,9300.000000000,9600.000000000,44.049418877,48,1
9.200000000,9.300000000,9600.000000000,9900.000000000,42.095153627,56,1
9.200000000,9.300000000,9900.000000000,10200.000000000,44.529566076,61,1
9.200000000,9.300000000,10200.000000000,10500.000000000,40.794388483,47,1
9.200000000,9.300000000,10500.000000000,10800.000000000,44.130755148,46,1
9.200000000,9.300000000,10800.000000000,11100.000000000,44.069447566,58,1
9.200000000,9.300000000,11100.000000000,11400.000000000,41.270068345,35,1
9.200000000,9.300000000,11400.000000000,11700.000000000,41.364504106,57,1
9.200000000,9.300000000,11700.000000000,12000.000000000,43.779230435,51,1
9.200000000,9.300000000,12000.000000000,12300.000000000,40.915861721,42,1
9.200000000,9.300000000,12300.000000000,12600.000000000,43.118790795,51,1
9.200000000,9.300000000,12600.000000000,12900.000000000,42.745528601,51,1
9.200000000,9.300000000,12900.000000000,13200.000000000,40.674585124,55,1
9.200000000,9.300000000,13200.000000000,13500.000000000,43.097498378,58,1
9.200000000,9.300000000,13500.000000000,13800.000000000,43.997285894,49,1
9.200000000,9.300000000,13800.000000000,14100.000000000,42.727611364,49,1
9.200000000,9.300000000,14100.000000000,14400.000000000,44.410815163,49,1
9.200000000,9.300000000,14400.000000000,14700.000000000,43.235000821,42,1
9.200000000,9.300000000,14700.000000000,15000.000000000,41.265121469,65,1
9.200000000,9.300000000,15000.000000000,15300.000000000,42.501222943,52,1
9.200000000,9.300000000,15300.000000000,15600.000000000,42.132896755,34,1
9.200000000,9.300000000,15600.000000000,15900.000000000,38.552245765,68,1
9.200000000,9.300000000,15900.000000000,16200.000000000,40.450714411,47,1
9.200000000,9.300000000,16200.000000000,16500.000000000,41.199744990,45,1
9.200000000,9.300000000,16500.000000000,16800.000000000,39.210624343,59,1
9.200000000,9.300000000,16800.000000000,17100.000000000,42.519116817,52,1
9.200000000,9.300000000,17100.000000000,17400.000000000,41.699851287,59,1
9.200000000,9.300000000,17400.000000000,17700.000000000,42.809840403,46,1
9.200000000,9.300000000,17700.000000000,18000.000000000,43.719855264,53,1
9.200000000,9.300000000,18000.000000000,18300.000000000,41.230720294,53,1
9.200000000,9.300000000,18300.000000000,18600.000000000,44.311932286,49,1
9.200000000,9.300000000,18600.000000000,18900.000000000,43.634372453,43,1
9.200000000,9.300000000,18900.000000000,19200.000000000,42.267527513,53,1
9.200000000,9.300000000,19200.000000000,19500.000000000,43.795546115,48,1
9.200000000,9.300000000,19500.000000000,19800.000000000,42.434331583,64,1
9.200000000,9.300000000,19800.000000000,20100.000000000,37.408883668,29,1
9.200000000,9.300000000,20100.000000000,20400.000000000,39.521123622,78,1
9.200000000,9.300000000,20400.000000000,20700.000000000,40.154882703,41,1
9.200000000,9.300000000,20700.000000000,21000.000000000,40.336387565,51,1
9.200000000,9.300000000,21000.000000000,21300.000000000,40.967897542,46,1
9.200000000,9.300000000,21300.000000000,21600.000000000,44.367518067,60,1
9.300000000,9.400000000,0.000000000,300.000000000,65.000000000,0,0
9.300000000,9.400000000,300.000000000,600.000000000,51.141823857,1,1
9.300000000,9.400000000,600.000000000,900.000000000,43.833202710,17,1
9.300000000,9.400000000,900.000000000,1200.000000000,44.401597464,62,1
9.300000000,9.400000000,1200.000000000,1500.000000000,39.150693220,37,1
9.300000000,9.400000000,1500.000000000,1800.000000000,43.238577495,43,1
9.300000000,9.400000000,1800.000000000,2100.000000000,41.896002632,62,1
9.300000000,9.400000000,2100.000000000,2400.000000000,42.657227761,42,1
9.300000000,9.400000000,2400.000000000,2700.000000000,42.351857435,65,1
9.300000000,9.400000000,2700.000000000,3000.000000000,44.132058707,42,1
9.300000000,9.400000000,3000.000000000,3300.000000000,44.503666467,53,1
9.300000000,9.400000000,3300.000000000,3600.000000000,43.137491825,45,1
9.300000000,9.400000000,3600.000000000,3900.000000000,43.149104796,58,1
9.300000000,9.400000000,3900.000000000,4200.000000000,43.578076233,57,1
9.300000000,9.400000000,4200.000000000,4500.000000000,41.552224918,42,1
9.300000000,9.400000000,4500.000000000,4800.000000000,41.487171201,57,1
9.300000000,9.400000000,4800.000000000,5100.000000000,41.358338204,48,1
9.300000000,9.400000000,5100.000000000,5400.000000000,38.046447206,59,1
9.300000000,9.400000000,5400.000000000,5700.000000000,46.129745364,55,1
9.300000000,9.400000000,5700.000000000,6000.000000000,44.191587939,43,1
9.300000000,9.400000000,6000.000000000,6300.000000000,43.478399213,55,1
9.300000000,9.400000000,6300.000000000,6600.000000000,42.815046201,54,1
9.300000000,9.400000000,6600.000000000,6900.000000000,43.189292438,45,1
9.300000000,9.400000000,6900.000000000,7200.000000000,42.791301089,48,1
9.300000000,9.400000000,7200.000000000,7500.000000000,42.480530742,48,1
9.300000000,9.400000000,7500.000000000,7800.000000000,41.744401709,62,1
9.300000000,9.400000000,7800.000000000,8100.000000000,39.299557801,49,1
9.300000000,9.400000000,8100.000000000,8400.000000000,41.491598599,50,1
9.300000000,9.400000000,8400.000000000,8700.000000000,40.044816074,57,1
9.300000000,9.400000000,8700.000000000,9000.000000000,42.026669624,37,1
9.300000000,9.400000000,9000.000000000,9300.000000000,42.515496319,60,1
9.300000000,9.400000000,9300.000000000,9600.000000000,43.599178534,52,1
9.300000000,9.400000000,9600.000000000,9900.000000000,42.456858615,56,1
9.300000000,9.400000000,9900.000000000,10200.000000000,43.683364827,59,1
9.300000000,9.400000000,10200.000000000,10500.000000000,42.380672652,51,1
9.300000000,9.400000000,10500.000000000,10800.000000000,45.056024432,46,1
9.300000000,9.400000000,10800.000000000,11100.000000000,44.351484878,57,1
9.300000000,9.400000000,11100.000000000,11400.000000000,41.296529321,39,1
9.300000000,9.400000000,11400.000000000,11700.000000000,40.589085188,55,1
9.300000000,9.400000000,11700.000000000,12000.000000000,42.310044564,49,1
9.300000000,9.400000000,12000.000000000,12300.000000000,42.647015871,46,1
9.300000000,9.400000000,12300.000000000,12600.000000000,42.635227943,50,1
9.300000000,9.400000000,12600.000000000,12900.000000000,43.555032062,49,1
9.300000000,9.400000000,12900.000000000,13200.000000000,40.690506125,51,1
9.300000000,9.400000000,13200.000000000,13500.000000000,43.161684567,62,1
9.300000000,9.400000000,13500.000000000,13800.000000000,44.999673377,49,1
9.300000000,9.400000000,13800.000000000,14100.000000000,43.067098628,50,1
9.300000000,9.400000000,14100.000000000,14400.000000000,44.537440958,49,1
9.300000000,9.400000000,14400.000000000,14700.000000000,43.626509658,46,1
9.300000000,9.400000000,14700.000000000,15000.000000000,41.546318294,65,1
9.300000000,9.400000000,15000.000000000,15300.000000000,42.907516156,50,1
9.300000000,9.400000000,15300.000000000,15600.000000000,42.339217515,37,1
9.300000000,9.400000000,15600.000000000,15900.000000000,38.806156734,65,1
9.300000000,9.400000000,15900.000000000,16200.000000000,38.585341086,49,1
9.300000000,9.400000000,16200.000000000,16500.000000000,40.768446249,46,1
9.300000000,9.400000000,16500.000000000,16800.000000000,39.258789689,56,1
9.300000000,9.400000000,16800.000000000,17100.000000000,42.451279166,54,1
9.300000000,9.400000000,17100.000000000,17400.000000000,41.090208951,58,1
9.300000000,9.400000000,17400.000000000,17700.000000000,42.694026304,47,1
9.300000000,9.400000000,17700.000000000,18000.000000000,43.970552029,51,1
9.300000000,9.400000000,18000.000000000,18300.000000000,41.460717554,52,1
9.300000000,9.400000000,18300.000000000,18600.000000000,45.645648798,50,1
9.300000000,9.400000000,18600.000000000,18900.000000000,43.111213819,42,1
9.300000000,9.400000000,18900.000000000,19200.000000000,42.090927416,51,1
9.300000000,9.400000000,19200.000000000,19500.000000000,43.000360301,49,1
9.300000000,9.400000000,19500.000000000,19800.000000000,41.697379817,61,1
9.300000000,9.400000000,19800.000000000,20100.000000000,38.808120362,27,1
9.300000000,9.400000000,20100.000000000,20400.000000000,39.104999518,80,1
9.300000000,9.400000000,20400.000000000,20700.000000000,40.400426503,43,1
9.300000000,9.400000000,20700.000000000,21000.000000000,40.130329203,53,1
9.300000000,9.400000000,21000.000000000,21300.000000000,41.798953170,46,1
9.300000000,9.400000000,21300.000000000,21600.000000000,42.732014872,58,1
9.400000000,9.500000000,0.000000000,300.000000000,65.000000000,0,0
9.400000000,9.500000000,300.000000000,600.000000000,55.547776833,1,1
9.400000000,9.500000000,600.000000000,900.000000000,44.137793794,12,1
9.400000000,9.500000000,900.000000000,1200.000000000,43.664728531,64,1
9.400000000,9.500000000,1200.000000000,1500.000000000,39.284674192,37,1
9.400000000,9.500000000,1500.000000000,1800.000000000,42.930138291,43,1
9.400000000,9.500000000,1800.000000000,2100.000000000,41.178438991,59,1
9.400000000,9.500000000,2100.000000000,2400.000000000,42.121586453,46,1
9.400000000,9.500000000,2400.000000000,2700.000000000,42.401291583,61,1
9.400000000,9.500000000,2700.000000000,3000.000000000,43.803229554,43,1
9.400000000,9.500000000,3000.000000000,3300.000000000,43.587109603,53,1
9.400000000,9.500000000,3300.000000000,3600.000000000,43.000648520,43,1
9.400000000,9.500000000,3600.000000000,3900.000000000,42.228407064,59,1
9.400000000,9.500000000,3900.000000000,4200.000000000,43.511126405,56,1
9.400000000,9.500000000,4200.000000000,4500.000000000,42.092148829,46,1
9.400000000,9.500000000,4500.000000000,4800.000000000,41.405633562,57,1
9.400000000,9.500000000,4800.000000000,5100.000000000,41.706195980,48,1
9.400000000,9.500000000,5100.000000000,5400.000000000,38.084133469,57,1
9.400000000,9.500000000,5400.000000000,5700.000000000,45.780297287,60,1
9.400000000,9.500000000,5700.000000000,6000.000000000,45.491116363,45,1
9.400000000,9.500000000,6000.000000000,6300.000000000,43.288129517,55,1
9.400000000,9.500000000,6300.000000000,6600.000000000,42.359302598,54,1
9.400000000,9.500000000,6600.000000000,6900.000000000,42.800976479,45,1
9.400000000,9.500000000,6900.000000000,7200.000000000,41.201393712,46,1
9.400000000,9.500000000,7200.000000000,7500.000000000,43.034114934,45,1
9.400000000,9.500000000,7500.000000000,7800.000000000,41.190119209,64,1
9.400000000,9.500000000,7800.000000000,8100.000000000,38.279942926,49,1
9.400000000,9.500000000,8100.000000000,8400.000000000,41.402377033,50,1
9.400000000,9.500000000,8400.000000000,8700.000000000,40.510318287,57,1
9.400000000,9.500000000,8700.000000000,9000.000000000,43.239363671,35,1
9.400000000,9.500000000,9000.000000000,9300.000000000,42.540859428,56,1
9.400000000,9.500000000,9300.000000000,9600.000000000,43.156358056,54,1
9.400000000,9.500000000,9600.000000000,9900.000000000,41.960347061,55,1
9.400000000,9.500000000,9900.000000000,10200.000000000,43.049783490,59,1
9.400000000,9.500000000,10200.000000000,10500.000000000,43.499550345,52,1
9.400000000,9.500000000,10500.000000000,10800.000000000,44.766117030,46,1
9.400000000,9.500000000,10800.000000000,11100.000000000,44.084178157,53,1
9.400000000,9.500000000,11100.000000000,11400.000000000,41.254482920,41,1
9.400000000,9.500000000,11400.000000000,11700.000000000,40.823233038,55,1
9.400000000,9.500000000,11700.000000000,12000.000000000,40.961561995,47,1
9.400000000,9.500000000,12000.000000000,12300.000000000,43.762208114,47,1
9.400000000,9.500000000,12300.000000000,12600.000000000,42.791654849,50,1
9.400000000,9.500000000,12600.000000000,12900.000000000,44.223144736,49,1
9.400000000,9.500000000,12900.000000000,13200.000000000,42.176469374,47,1
9.400000000,9.500000000,13200.000000000,13500.000000000,43.403390320,66,1
9.400000000,9.500000000,13500.000000000,13800.000000000,44.550203005,46,1
9.400000000,9.500000000,13800.000000000,14100.000000000,43.679815591,51,1
9.400000000,9.500000000,14100.000000000,14400.000000000,43.963112089,46,1
9.400000000,9.500000000,14400.000000000,14700.000000000,44.432261649,47,1
9.400000000,9.500000000,14700.000000000,15000.000000000,41.355357852,65,1
9.400000000,9.500000000,15000.000000000,15300.000000000,42.591324252,47,1
9.400000000,9.500000000,15300.000000000,15600.000000000,42.911886255,37,1
9.400000000,9.500000000,15600.000000000,15900.000000000,39.100632376,60,1
9.400000000,9.500000000,15900.000000000,16200.000000000,38.840089498,50,1
9.400000000,9.500000000,16200.000000000,16500.000000000,40.261946014,47,1
9.400000000,9.500000000,16500.000000000,16800.000000000,39.448071913,52,1
9.400000000,9.500000000,16800.000000000,17100.000000000,41.773996355,53,1
9.400000000,9.500000000,17100.000000000,17400.000000000,42.024653155,59,1
9.400000000,9.500000000,17400.000000000,17700.000000000,43.110911222,51,1
9.400000000,9.500000000,17700.000000000,18000.000000000,44.110023558,48,1
9.400000000,9.500000000,18000.000000000,18300.000000000,41.699307780,49,1
9.400000000,9.500000000,18300.000000000,18600.000000000,46.978996086,53,1
9.400000000,9.500000000,18600.000000000,18900.000000000,43.872288421,42,1
9.400000000,9.500000000,18900.000000000,19200.000000000,42.321778487,52,1
9.400000000,9.500000000,19200.000000000,19500.000000000,41.716360602,49,1
9.400000000,9.500000000,19500.000000000,19800.000000000,41.692843075,57,1
9.400000000,9.500000000,19800.000000000,20100.000000000,41.204776224,26,1
9.400000000,9.500000000,20100.000000000,20400.000000000,39.136655054,81,1
9.400000000,9.500000000,20400.000000000,20700.000000000,40.317685593,41,1
9.400000000,9.500000000,20700.000000000,21000.000000000,40.424650710,55,1
9.400000000,9.500000000,21000.000000000,21300.000000000,42.517313409,46,1
9.400000000,9.500000000,21300.000000000,21600.000000000,42.504411403,58,1
9.500000000,9.600000000,0.000000000,300.000000000,65.000000000,0,0
9.500000000,9.600000000,300.000000000,600.000000000,58.632428000,1,1
9.500000000,9.600000000,600.000000000,900.000000000,45.316907265,11,1
9.500000000,9.600000000,900.000000000,1200.000000000,43.928482809,66,1
9.500000000,9.600000000,1200.000000000,1500.000000000,39.386459067,37,1
9.500000000,9.600000000,1500.000000000,1800.000000000,42.488609588,43,1
9.500000000,9.600000000,1800.000000000,2100.000000000,41.830225176,58,1
9.500000000,9.600000000,2100.000000000,2400.000000000,42.295600321,49,1
9.500000000,9.600000000,2400.000000000,2700.000000000,42.487160301,58,1
9.500000000,9.600000000,2700.000000000,3000.000000000,43.235614042,47,1
9.500000000,9.600000000,3000.000000000,3300.000000000,44.245755381,53,1
9.500000000,9.600000000,3300.000000000,3600.000000000,43.093774522,42,1
9.500000000,9.600000000,3600.000000000,3900.000000000,42.313706835,57,1
9.500000000,9.600000000,3900.000000000,4200.000000000,43.866072121,57,1
9.500000000,9.600000000,4200.000000000,4500.000000000,41.138344968,45,1
9.500000000,9.600000000,4500.000000000,4800.000000000,42.027363017,58,1
9.500000000,9.600000000,4800.000000000,5100.000000000,42.314496803,49,1
9.500000000,9.600000000,5100.000000000,5400.000000000,37.620708440,53,1
9.500000000,9.600000000,5400.000000000,5700.000000000,44.712154382,62,1
9.500000000,9.600000000,5700.000000000,6000.000000000,44.366611838,47,1
9.500000000,9.600000000,6000.000000000,6300.000000000,43.696672175,55,1
9.500000000,9.600000000,6300.000000000,6600.000000000,42.906456631,54,1
9.500000000,9.600000000,6600.000000000,6900.000000000,42.094727050,44,1
9.500000000,9.600000000,6900.000000000,7200.000000000,39.825728788,49,1
9.500000000,9.600000000,7200.000000000,7500.000000000,42.809686702,45,1
9.500000000,9.600000000,7500.000000000,7800.000000000,41.324661303,64,1
9.500000000,9.600000000,7800.000000000,8100.000000000,37.198208914,49,1
9.500000000,9.600000000,8100.000000000,8400.000000000,41.676412857,50,1
9.500000000,9.600000000,8400.000000000,8700.000000000,40.940546132,56,1
9.500000000,9.600000000,8700.000000000,9000.000000000,42.914707582,39,1
9.500000000,9.600000000,9000.000000000,9300.000000000,42.103937136,58,1
9.500000000,9.600000000,9300.000000000,9600.000000000,43.415817716,54,1
9.500000000,9.600000000,9600.000000000,9900.000000000,41.520866548,51,1
9.500000000,9.600000000,9900.000000000,10200.000000000,42.963961640,58,1
9.500000000,9.600000000,10200.000000000,10500.000000000,43.565760768,55,1
9.500000000,9.600000000,10500.000000000,10800.000000000,43.486141941,46,1
9.500000000,9.600000000,10800.000000000,11100.000000000,43.638270977,51,1
9.500000000,9.600000000,11100.000000000,11400.000000000,40.525320328,43,1
9.500000000,9.600000000,11400.000000000,11700.000000000,40.620163925,53,1
9.500000000,9.600000000,11700.000000000,12000.000000000,41.433126083,48,1
9.500000000,9.600000000,12000.000000000,12300.000000000,42.375985359,47,1
9.500000000,9.600000000,12300.000000000,12600.000000000,43.229961918,50,1
9.500000000,9.600000000,12600.000000000,12900.000000000,44.246816147,49,1
9.500000000,9.600000000,12900.000000000,13200.000000000,41.655556053,43,1
9.500000000,9.600000000,13200.000000000,13500.000000000,43.454123234,65,1
9.500000000,9.600000000,13500.000000000,13800.000000000,42.744935227,44,1
9.500000000,9.600000000,13800.000000000,14100.000000000,44.550640623,54,1
9.500000000,9.600000000,14100.000000000,14400.000000000,42.855631601,45,1
9.500000000,9.600000000,14400.000000000,14700.000000000,44.612948293,47,1
9.500000000,9.600000000,14700.000000000,15000.000000000,40.714771147,65,1
9.500000000,9.600000000,15000.000000000,15300.000000000,43.210017332,50,1
9.500000000,9.600000000,15300.000000000,15600.000000000,42.653385525,38,1
9.500000000,9.600000000,15600.000000000,15900.000000000,38.824274158,56,1
9.500000000,9.600000000,15900.000000000,16200.000000000,39.571834997,52,1
9.500000000,9.600000000,16200.000000000,16500.000000000,40.871372200,47,1
9.500000000,9.600000000,16500.000000000,16800.000000000,40.437101275,49,1
9.500000000,9.600000000,16800.000000000,17100.000000000,41.510023700,50,1
9.500000000,9.600000000,17100.000000000,17400.000000000,42.064921277,59,1
9.500000000,9.600000000,17400.000000000,17700.000000000,43.742527184,52,1
9.500000000,9.600000000,17700.000000000,18000.000000000,44.424945802,48,1
9.500000000,9.600000000,18000.000000000,18300.000000000,42.144069830,47,1
9.500000000,9.600000000,18300.000000000,18600.000000000,48.115384877,55,1
9.500000000,9.600000000,18600.000000000,18900.000000000,45.305636436,40,1
9.500000000,9.600000000,18900.000000000,19200.000000000,41.906594221,52,1
9.500000000,9.600000000,19200.000000000,19500.000000000,40.493572973,49,1
9.500000000,9.600000000,19500.000000000,19800.000000000,40.576247404,54,1
9.500000000,9.600000000,19800.000000000,20100.000000000,41.701805277,25,1
9.500000000,9.600000000,20100.000000000,20400.000000000,39.616839134,81,1
9.500000000,9.600000000,20400.000000000,20700.000000000,40.174009093,39,1
9.500000000,9.600000000,20700.000000000,21000.000000000,41.381459098,58,1
9.500000000,9.600000000,21000.000000000,21300.000000000,42.623755299,47,1
9.500000000,9.600000000,21300.000000000,21600.000000000,42.223150059,58,1
9.600000000,9.700000000,0.000000000,300.000000000,65.000000000,0,0
9.600000000,9.700000000,300.000000000,600.000000000,65.000000000,0,0
9.600000000,9.700000000,600.000000000,900.000000000,45.413208156,10,1
9.600000000,9.700000000,900.000000000,1200.000000000,43.643275459,66,1
9.600000000,9.700000000,1200.000000000,1500.000000000,39.838169561,37,1
9.600000000,9.700000000,1500.000000000,1800.000000000,42.560482593,41,1
9.600000000,9.700000000,1800.000000000,2100.000000000,42.978099258,57,1
9.600000000,9.700000000,2100.000000000,2400.000000000,42.028861176,51,1
9.600000000,9.700000000,2400.000000000,2700.000000000,41.036013582,54,1
9.600000000,9.700000000,2700.000000000,3000.000000000,43.448518212,51,1
9.600000000,9.700000000,3000.000000000,3300.000000000,44.743712949,53,1
9.600000000,9.700000000,3300.000000000,3600.000000000,44.246055380,42,1
9.600000000,9.700000000,3600.000000000,3900.000000000,42.654656062,53,1
9.600000000,9.700000000,3900.000000000,4200.000000000,43.845369546,59,1
9.600000000,9.700000000,4200.000000000,4500.000000000,41.254219996,43,1
9.600000000,9.700000000,4500.000000000,4800.000000000,41.627157239,61,1
9.600000000,9.700000000,4800.000000000,5100.000000000,43.258770258,51,1
9.600000000,9.700000000,5100.000000000,5400.000000000,38.684446112,50,1
9.600000000,9.700000000,5400.000000000,5700.000000000,43.858990770,63,1
9.600000000,9.700000000,5700.000000000,6000.000000000,43.578264815,51,1
9.600000000,9.700000000,6000.000000000,6300.000000000,42.935184910,55,1
9.600000000,9.700000000,6300.000000000,6600.000000000,43.942791161,56,1
9.600000000,9.700000000,6600.000000000,6900.000000000,42.419775428,43,1
9.600000000,9.700000000,6900.000000000,7200.000000000,40.578697622,49,1
9.600000000,9.700000000,7200.000000000,7500.000000000,42.830983539,45,1
9.600000000,9.700000000,7500.000000000,7800.000000000,41.591477510,64,1
9.600000000,9.700000000,7800.000000000,8100.000000000,37.885732074,52,1
9.600000000,9.700000000,8100.000000000,8400.000000000,41.203462085,49,1
9.600000000,9.700000000,8400.000000000,8700.000000000,40.647008598,56,1
9.600000000,9.700000000,8700.000000000,9000.000000000,42.508869140,39,1
9.600000000,9.700000000,9000.000000000,9300.000000000,42.012415961,62,1
9.600000000,9.700000000,9300.000000000,9600.000000000,43.450285773,54,1
9.600000000,9.700000000,9600.000000000,9900.000000000,40.937828650,54,1
9.600000000,9.700000000,9900.000000000,10200.000000000,42.985387827,55,1
9.600000000,9.700000000,10200.000000000,10500.000000000,43.461977679,57,1
9.600000000,9.700000000,10500.000000000,10800.000000000,43.629429305,48,1
9.600000000,9.700000000,10800.000000000,11100.000000000,44.094875781,50,1
9.600000000,9.700000000,11100.000000000,11400.000000000,40.634822307,46,1
9.600000000,9.700000000,11400.000000000,11700.000000000,40.873877961,51,1
9.600000000,9.700000000,11700.000000000,12000.000000000,41.905140305,53,1
9.600000000,9.700000000,12000.000000000,12300.000000000,39.382506653,47,1
9.600000000,9.700000000,12300.000000000,12600.000000000,43.920374518,51,1
9.600000000,9.700000000,12600.000000000,12900.000000000,44.303673495,49,1
9.600000000,9.700000000,12900.000000000,13200.000000000,42.201817392,43,1
9.600000000,9.700000000,13200.000000000,13500.000000000,43.820817904,65,1
9.600000000,9.700000000,13500.000000000,13800.000000000,40.126491768,41,1
9.600000000,9.700000000,13800.000000000,14100.000000000,44.731974467,54,1
9.600000000,9.700000000,14100.000000000,14400.000000000,42.753706696,46,1
9.600000000,9.700000000,14400.000000000,14700.000000000,44.270748861,47,1
9.600000000,9.700000000,14700.000000000,15000.000000000,40.900677328,61,1
9.600000000,9.700000000,15000.000000000,15300.000000000,42.895196149,53,1
9.600000000,9.700000000,15300.000000000,15600.000000000,42.062931318,42,1
9.600000000,9.700000000,15600.000000000,15900.000000000,38.743234393,52,1
9.600000000,9.700000000,15900.000000000,16200.000000000,40.351234760,56,1
9.600000000,9.700000000,16200.000000000,16500.000000000,41.271461081,49,1
9.600000000,9.700000000,16500.000000000,16800.000000000,41.168789287,49,1
9.600000000,9.700000000,16800.000000000,17100.000000000,41.243568070,45,1
9.600000000,9.700000000,17100.000000000,17400.000000000,42.004256847,61,1
9.600000000,9.700000000,17400.000000000,17700.000000000,43.053165298,50,1
9.600000000,9.700000000,17700.000000000,18000.000000000,43.571408361,52,1
9.600000000,9.700000000,18000.000000000,18300.000000000,42.085968024,45,1
9.600000000,9.700000000,18300.000000000,18600.000000000,47.572402548,54,1
9.600000000,9.700000000,18600.000000000,18900.000000000,45.716068757,44,1
9.600000000,9.700000000,18900.000000000,19200.000000000,42.023392999,52,1
9.600000000,9.700000000,19200.000000000,19500.000000000,40.600380104,52,1
9.600000000,9.700000000,19500.000000000,19800.000000000,40.718105403,53,1
9.600000000,9.700000000,19800.000000000,20100.000000000,40.208263416,26,1
9.600000000,9.700000000,20100.000000000,20400.000000000,40.867734055,80,1
9.600000000,9.700000000,20400.000000000,20700.000000000,41.410692282,40,1
9.600000000,9.700000000,20700.000000000,21000.000000000,41.663972971,60,1
9.600000000,9.700000000,21000.000000000,21300.000000000,43.585832832,50,1
9.600000000,9.700000000,21300.000000000,21600.000000000,42.201402026,57,1
9.700000000,9.800000000,0.000000000,300.000000000,65.000000000,0,0
9.700000000,9.800000000,300.000000000,600.000000000,65.000000000,0,0
9.700000000,9.800000000,600.000000000,900.000000000,45.206913527,10,1
9.700000000,9.800000000,900.000000000,1200.000000000,43.049907719,66,1
9.700000000,9.800000000,1200.000000000,1500.000000000,38.868062371,37,1
9.700000000,9.800000000,1500.000000000,1800.000000000,43.693476433,39,1
9.700000000,9.800000000,1800.000000000,2100.000000000,43.394847481,55,1
9.700000000,9.800000000,2100.000000000,2400.000000000,42.393755810,53,1
9.700000000,9.800000000,2400.000000000,2700.000000000,40.007402821,50,1
9.700000000,9.800000000,2700.000000000,3000.000000000,42.861256300,51,1
9.700000000,9.800000000,3000.000000000,3300.000000000,45.239662540,55,1
9.700000000,9.800000000,3300.000000000,3600.000000000,43.830464958,45,1
9.700000000,9.800000000,3600.000000000,3900.000000000,42.892544882,49,1
9.700000000,9.800000000,3900.000000000,4200.000000000,43.835943652,63,1
9.700000000,9.800000000,4200.000000000,4500.000000000,42.205697957,39,1
9.700000000,9.800000000,4500.000000000,4800.000000000,41.617958021,63,1
9.700000000,9.800000000,4800.000000000,5100.000000000,43.737344924,49,1
9.700000000,9.800000000,5100.000000000,5400.000000000,39.366399444,46,1
9.700000000,9.800000000,5400.000000000,5700.000000000,43.044765697,64,1
9.700000000,9.800000000,5700.000000000,6000.000000000,42.750408491,52,1
9.700000000,9.800000000,6000.000000000,6300.000000000,40.470242741,54,1
9.700000000,9.800000000,6300.000000000,6600.000000000,44.399652025,55,1
9.700000000,9.800000000,6600.000000000,6900.000000000,42.740951654,45,1
9.700000000,9.800000000,6900.000000000,7200.000000000,41.491717815,49,1
9.700000000,9.800000000,7200.000000000,7500.000000000,42.626343708,45,1
9.700000000,9.800000000,7500.000000000,7800.000000000,40.572939637,61,1
9.700000000,9.800000000,7800.000000000,8100.000000000,39.241212854,55,1
9.700000000,9.800000000,8100.000000000,8400.000000000,42.379805289,50,1
9.700000000,9.800000000,8400.000000000,8700.000000000,40.767582508,55,1
9.700000000,9.800000000,8700.000000000,9000.000000000,42.801906780,40,1
9.700000000,9.800000000,9000.000000000,9300.000000000,42.601134034,62,1
9.700000000,9.800000000,9300.000000000,9600.000000000,43.672586887,50,1
9.700000000,9.800000000,9600.000000000,9900.000000000,40.289111956,57,1
9.700000000,9.800000000,9900.000000000,10200.000000000,43.448062158,58,1
9.700000000,9.800000000,10200.000000000,10500.000000000,42.941848677,58,1
9.700000000,9.800000000,10500.000000000,10800.000000000,43.331588266,50,1
9.700000000,9.800000000,10800.000000000,11100.000000000,43.957337628,50,1
9.700000000,9.800000000,11100.000000000,11400.000000000,41.219990628,50,1
9.700000000,9.800000000,11400.000000000,11700.000000000,41.454580962,48,1
9.700000000,9.800000000,11700.000000000,12000.000000000,42.264596165,54,1
9.700000000,9.800000000,12000.000000000,12300.000000000,38.617735384,46,1
9.700000000,9.800000000,12300.000000000,12600.000000000,43.099935151,55,1
9.700000000,9.800000000,12600.000000000,12900.000000000,44.825090965,49,1
9.700000000,9.800000000,12900.000000000,13200.000000000,41.047443194,43,1
9.700000000,9.800000000,13200.000000000,13500.000000000,44.278219579,65,1
9.700000000,9.800000000,13500.000000000,13800.000000000,38.726017625,41,1
9.700000000,9.800000000,13800.000000000,14100.000000000,44.990666090,53,1
9.700000000,9.800000000,14100.000000000,14400.000000000,42.987497265,49,1
9.700000000,9.800000000,14400.000000000,14700.000000000,43.929761674,47,1
9.700000000,9.800000000,14700.000000000,15000.000000000,41.300551090,61,1
9.700000000,9.800000000,15000.000000000,15300.000000000,42.424464523,50,1
9.700000000,9.800000000,15300.000000000,15600.000000000,41.449605454,46,1
9.700000000,9.800000000,15600.000000000,15900.000000000,39.067760931,48,1
9.700000000,9.800000000,15900.000000000,16200.000000000,41.087188621,57,1
9.700000000,9.800000000,16200.000000000,16500.000000000,41.183413364,53,1
9.700000000,9.800000000,16500.000000000,16800.000000000,41.976267661,50,1
9.700000000,9.800000000,16800.000000000,17100.000000000,41.492383456,43,1
9.700000000,9.800000000,17100.000000000,17400.000000000,41.386685802,62,1
9.700000000,9.800000000,17400.000000000,17700.000000000,43.153298616,47,1
9.700000000,9.800000000,17700.000000000,18000.000000000,42.676231993,55,1
9.700000000,9.800000000,18000.000000000,18300.000000000,42.888730906,45,1
9.700000000,9.800000000,18300.000000000,18600.000000000,46.565087545,50,1
9.700000000,9.800000000,18600.000000000,18900.000000000,44.745883327,49,1
9.700000000,9.800000000,18900.000000000,19200.000000000,42.245756501,52,1
9.700000000,9.800000000,19200.000000000,19500.000000000,41.308457218,55,1
9.700000000,9.800000000,19500.000000000,19800.000000000,41.085143496,55,1
9.700000000,9.800000000,19800.000000000,20100.000000000,40.525464609,27,1
9.700000000,9.800000000,20100.000000000,20400.000000000,41.282511638,76,1
9.700000000,9.800000000,20400.000000000,20700.000000000,41.488723548,40,1
9.700000000,9.800000000,20700.000000000,21000.000000000,42.511388775,62,1
9.700000000,9.800000000,21000.000000000,21300.000000000,44.323424648,50,1
9.700000000,9.800000000,21300.000000000,21600.000000000,42.635989299,56,1
9.800000000,9.900000000,0.000000000,300.000000000,65.000000000,0,0
9.800000000,9.900000000,300.000000000,600.000000000,65.000000000,0,0
9.800000000,9.900000000,600.000000000,900.000000000,47.284037074,10,1
9.800000000,9.900000000,900.000000000,1200.000000000,43.072222974,69,1
9.800000000,9.900000000,1200.000000000,1500.000000000,40.318433155,39,1
9.800000000,9.900000000,1500.000000000,1800.000000000,42.380865849,39,1
9.800000000,9.900000000,1800.000000000,2100.000000000,43.805174804,52,1
9.800000000,9.900000000,2100.000000000,2400.000000000,43.920000935,57,1
9.800000000,9.900000000,2400.000000000,2700.000000000,40.875861947,50,1
9.800000000,9.900000000,2700.000000000,3000.000000000,41.735535806,51,1
9.800000000,9.900000000,3000.000000000,3300.000000000,43.741410149,53,1
9.800000000,9.900000000,3300.000000000,3600.000000000,43.734895197,48,1
9.800000000,9.900000000,3600.000000000,3900.000000000,44.140547935,45,1
9.800000000,9.900000000,3900.000000000,4200.000000000,43.666169685,64,1
9.800000000,9.900000000,4200.000000000,4500.000000000,41.953979407,35,1
9.800000000,9.900000000,4500.000000000,4800.000000000,41.724783676,67,1
9.800000000,9.900000000,4800.000000000,5100.000000000,43.772230752,49,1
9.800000000,9.900000000,5100.000000000,5400.000000000,38.607275670,43,1
9.800000000,9.900000000,5400.000000000,5700.000000000,43.584499886,67,1
9.800000000,9.900000000,5700.000000000,6000.000000000,41.852805481,53,1
9.800000000,9.900000000,6000.000000000,6300.000000000,39.001336966,51,1
9.800000000,9.900000000,6300.000000000,6600.000000000,44.996475129,57,1
9.800000000,9.900000000,6600.000000000,6900.000000000,43.493001308,47,1
9.800000000,9.900000000,6900.000000000,7200.000000000,41.625378586,49,1
9.800000000,9.900000000,7200.000000000,7500.000000000,42.979762744,46,1
9.800000000,9.900000000,7500.000000000,7800.000000000,40.902741099,57,1
9.800000000,9.900000000,7800.000000000,8100.000000000,40.851990478,55,1
9.800000000,9.900000000,8100.000000000,8400.000000000,43.502261162,49,1
9.800000000,9.900000000,8400.000000000,8700.000000000,40.799481662,55,1
9.800000000,9.900000000,8700.000000000,9000.000000000,43.265136903,42,1
9.800000000,9.900000000,9000.000000000,9300.000000000,44.190572986,62,1
9.800000000,9.900000000,9300.000000000,9600.000000000,44.410079420,46,1
9.800000000,9.900000000,9600.000000000,9900.000000000,39.450838680,55,1
9.800000000,9.900000000,9900.000000000,10200.000000000,43.178159046,54,1
9.800000000,9.900000000,10200.000000000,10500.000000000,43.668865355,58,1
9.800000000,9.900000000,10500.000000000,10800.000000000,43.402409052,50,1
9.800000000,9.900000000,10800.000000000,11100.000000000,44.546727058,48,1
9.800000000,9.900000000,11100.000000000,11400.000000000,42.175456647,53,1
9.800000000,9.900000000,11400.000000000,11700.000000000,41.750306926,48,1
9.800000000,9.900000000,11700.000000000,12000.000000000,42.434143702,54,1
9.800000000,9.900000000,12000.000000000,12300.000000000,38.684511827,42,1
9.800000000,9.900000000,12300.000000000,12600.000000000,42.430982917,58,1
9.800000000,9.900000000,12600.000000000,12900.000000000,44.596968737,49,1
9.800000000,9.900000000,12900.000000000,13200.000000000,39.851119131,43,1
9.800000000,9.900000000,13200.000000000,13500.000000000,44.122620060,65,1
9.800000000,9.900000000,13500.000000000,13800.000000000,38.504387213,40,1
9.800000000,9.900000000,13800.000000000,14100.000000000,45.536689816,51,1
9.800000000,9.900000000,14100.000000000,14400.000000000,43.424015847,52,1
9.800000000,9.900000000,14400.000000000,14700.000000000,43.627944026,46,1
9.800000000,9.900000000,14700.000000000,15000.000000000,41.597296631,59,1
9.800000000,9.900000000,15000.000000000,15300.000000000,42.738715653,46,1
9.800000000,9.900000000,15300.000000000,15600.000000000,41.317915572,50,1
9.800000000,9.900000000,15600.000000000,15900.000000000,38.420088546,44,1
9.800000000,9.900000000,15900.000000000,16200.000000000,41.640364836,57,1
9.800000000,9.900000000,16200.000000000,16500.000000000,41.547878951,52,1
9.800000000,9.900000000,16500.000000000,16800.000000000,42.466756444,54,1
9.800000000,9.900000000,16800.000000000,17100.000000000,42.792469449,42,1
9.800000000,9.900000000,17100.000000000,17400.000000000,42.082896281,61,1
9.800000000,9.900000000,17400.000000000,17700.000000000,43.347265703,48,1
9.800000000,9.900000000,17700.000000000,18000.000000000,42.816778013,59,1
9.800000000,9.900000000,18000.000000000,18300.000000000,42.332232337,45,1
9.800000000,9.900000000,18300.000000000,18600.000000000,45.035114147,48,1
9.800000000,9.900000000,18600.000000000,18900.000000000,44.914300816,47,1
9.800000000,9.900000000,18900.000000000,19200.000000000,41.953008307,50,1
9.800000000,9.900000000,19200.000000000,19500.000000000,42.995069123,55,1
9.800000000,9.900000000,19500.000000000,19800.000000000,41.282120482,57,1
9.800000000,9.900000000,19800.000000000,20100.000000000,40.332463129,28,1
9.800000000,9.900000000,20100.000000000,20400.000000000,41.027697061,72,1
9.800000000,9.900000000,20400.000000000,20700.000000000,41.620782558,40,1
9.800000000,9.900000000,20700.000000000,21000.000000000,42.830351975,63,1
9.800000000,9.900000000,21000.000000000,21300.000000000,44.589682375,47,1
9.800000000,9.900000000,21300.000000000,21600.000000000,43.399259000,55,1
9.900000000,10.000000000,0.000000000,300.000000000,65.000000000,0,0
9.900000000,10.000000000,300.000000000,600.000000000,65.000000000,0,0
9.900000000,10.000000000,600.000000000,900.000000000,51.014491286,6,1
9.900000000,10.000000000,900.000000000,1200.000000000,43.967294231,68,1
9.900000000,10.000000000,1200.000000000,1500.000000000,43.366560363,40,1
9.900000000,10.000000000,1500.000000000,1800.000000000,43.107426660,41,1
9.900000000,10.000000000,1800.000000000,2100.000000000,44.865562391,49,1
9.900000000,10.000000000,2100.000000000,2400.000000000,44.739092144,58,1
9.900000000,10.000000000,2400.000000000,2700.000000000,44.128369719,48,1
9.900000000,10.000000000,2700.000000000,3000.000000000,43.572207149,50,1
9.900000000,10.000000000,3000.000000000,3300.000000000,44.185821439,50,1
9.900000000,10.000000000,3300.000000000,3600.000000000,45.523186224,48,1
9.900000000,10.000000000,3600.000000000,3900.000000000,44.268956556,45,1
9.900000000,10.000000000,3900.000000000,4200.000000000,43.958241603,66,1
9.900000000,10.000000000,4200.000000000,4500.000000000,43.808434770,34,1
9.900000000,10.000000000,4500.000000000,4800.000000000,42.873043780,67,1
9.900000000,10.000000000,4800.000000000,5100.000000000,45.151148947,50,1
9.900000000,10.000000000,5100.000000000,5400.000000000,40.773302739,39,1
9.900000000,10.000000000,5400.000000000,5700.000000000,45.308555945,69,1
9.900000000,10.000000000,5700.000000000,6000.000000000,43.858939814,54,1
9.900000000,10.000000000,6000.000000000,6300.000000000,40.720049114,48,1
9.900000000,10.000000000,6300.000000000,6600.000000000,45.971471123,57,1
9.900000000,10.000000000,6600.000000000,6900.000000000,45.016337438,48,1
9.900000000,10.000000000,6900.000000000,7200.000000000,43.288769556,49,1
9.900000000,10.000000000,7200.000000000,7500.000000000,44.091603924,48,1
9.900000000,10.000000000,7500.000000000,7800.000000000,42.170892006,52,1
9.900000000,10.000000000,7800.000000000,8100.000000000,43.420627247,55,1
9.900000000,10.000000000,8100.000000000,8400.000000000,45.505941979,50,1
9.900000000,10.000000000,8400.000000000,8700.000000000,42.659770753,54,1
9.900000000,10.000000000,8700.000000000,9000.000000000,45.399299509,45,1
9.900000000,10.000000000,9000.000000000,9300.000000000,46.102661435,62,1
9.900000000,10.000000000,9300.000000000,9600.000000000,45.193901014,44,1
9.900000000,10.000000000,9600.000000000,9900.000000000,40.951790402,58,1
9.900000000,10.000000000,9900.000000000,10200.000000000,43.937576496,51,1
9.900000000,10.000000000,10200.000000000,10500.000000000,45.005798830,58,1
9.900000000,10.000000000,10500.000000000,10800.000000000,45.084356504,51,1
9.900000000,10.000000000,10800.000000000,11100.000000000,46.552115516,46,1
9.900000000,10.000000000,11100.000000000,11400.000000000,43.769016622,55,1
9.900000000,10.000000000,11400.000000000,11700.000000000,43.357849570,48,1
9.900000000,10.000000000,11700.000000000,12000.000000000,43.344445773,57,1
9.900000000,10.000000000,12000.000000000,12300.000000000,41.033674147,39,1
9.900000000,10.000000000,12300.000000000,12600.000000000,43.538357763,58,1
9.900000000,10.000000000,12600.000000000,12900.000000000,45.807933842,50,1
9.900000000,10.000000000,12900.000000000,13200.000000000,41.599759548,43,1
9.900000000,10.000000000,13200.000000000,13500.000000000,45.758304407,65,1
9.900000000,10.000000000,13500.000000000,13800.000000000,42.588179931,43,1
9.900000000,10.000000000,13800.000000000,14100.000000000,46.751629899,48,1
9.900000000,10.000000000,14100.000000000,14400.000000000,45.448227717,49,1
9.900000000,10.000000000,14400.000000000,14700.000000000,44.452287360,47,1
9.900000000,10.000000000,14700.000000000,15000.000000000,44.693986455,59,1
9.900000000,10.000000000,15000.000000000,15300.000000000,44.591004247,44,1
9.900000000,10.000000000,15300.000000000,15600.000000000,43.495033398,51,1
9.900000000,10.000000000,15600.000000000,15900.000000000,40.167197817,40,1
9.900000000,10.000000000,15900.000000000,16200.000000000,43.260442476,61,1
9.900000000,10.000000000,16200.000000000,16500.000000000,43.774266597,49,1
9.900000000,10.000000000,16500.000000000,16800.000000000,44.629476588,58,1
9.900000000,10.000000000,16800.000000000,17100.000000000,44.627439475,42,1
9.900000000,10.000000000,17100.000000000,17400.000000000,43.953401653,57,1
9.900000000,10.000000000,17400.000000000,17700.000000000,44.636016397,47,1
9.900000000,10.000000000,17700.000000000,18000.000000000,44.839931945,63,1
9.900000000,10.000000000,18000.000000000,18300.000000000,44.129573242,42,1
9.900000000,10.000000000,18300.000000000,18600.000000000,45.654584366,50,1
9.900000000,10.000000000,18600.000000000,18900.000000000,46.067704198,46,1
9.900000000,10.000000000,18900.000000000,19200.000000000,42.989352488,48,1
9.900000000,10.000000000,19200.000000000,19500.000000000,45.059634937,51,1
9.900000000,10.000000000,19500.000000000,19800.000000000,42.651478043,61,1
9.900000000,10.000000000,19800.000000000,20100.000000000,41.993433169,32,1
9.900000000,10.000000000,20100.000000000,20400.000000000,42.183886925,68,1
9.900000000,10.000000000,20400.000000000,20700.000000000,44.138641798,41,1
9.900000000,10.000000000,20700.000000000,21000.000000000,43.365764260,62,1
9.900000000,10.000000000,21000.000000000,21300.000000000,45.793236859,48,1
9.900000000,10.000000000,21300.000000000,21600.000000000,44.195481308,51,1
