vehicle_id,status,scheduled_depart_s,sampled_headway_s,actual_depart_s,depart_delay_s,actual_entry_headway_s,arrival_s,duration_s,route_length_m,waiting_time_s,time_loss_s,preferred_speed_mps,trajectory_samples,min_gap_m,preferred_tau_s
veh_000000,completed,5.783865,5.783865,6.000000,0.216135,,629.000,623.000,16093.440000,0.000,68.521,25.701690,623,2.881091,2.143868
veh_000001,completed,11.524509,5.740645,12.000000,0.475491,6.000000,706.000,694.000,16093.440000,0.000,140.067,23.179641,694,3.593831,1.934261
veh_000002,completed,17.357535,5.833026,18.000000,0.642465,6.000000,723.000,705.000,16093.440000,0.000,150.969,23.891782,705,3.100393,1.819621
veh_000003,completed,24.410511,7.052976,25.000000,0.589489,7.000000,728.000,703.000,16093.440000,0.000,148.501,24.309835,703,2.920769,1.946755
veh_000004,completed,30.219128,5.808618,31.000000,0.780872,6.000000,806.000,775.000,16093.440000,0.000,220.471,20.477031,775,2.537075,2.258917
veh_000005,completed,33.973098,3.753970,34.000000,0.026902,3.000000,895.000,861.000,16093.440000,0.000,307.030,18.856248,861,4.023960,1.893597
veh_000006,completed,40.471576,6.498478,41.000000,0.528424,7.000000,909.000,868.000,16093.440000,0.000,313.739,19.839542,868,3.883030,2.200697
veh_000007,completed,46.070570,5.598994,47.000000,0.929430,6.000000,911.000,864.000,16093.440000,0.000,309.594,23.113039,864,2.957765,1.594148
veh_000008,completed,51.745132,5.674562,52.000000,0.254868,5.000000,912.000,860.000,16093.440000,0.000,306.032,24.713610,860,3.689040,1.410843
veh_000009,completed,57.918959,6.173827,58.000000,0.081041,6.000000,915.000,857.000,16093.440000,0.000,302.510,22.637642,857,3.684519,1.939406
veh_000010,completed,64.267405,6.348447,65.000000,0.732595,7.000000,942.000,877.000,16093.440000,0.000,322.732,19.312283,877,2.479812,1.153380
veh_000011,completed,72.012743,7.745338,73.000000,0.987257,8.000000,944.000,871.000,16093.440000,0.000,316.594,25.493691,871,3.268267,2.001781
veh_000012,completed,78.997698,6.984955,79.000000,0.002302,6.000000,946.000,867.000,16093.440000,0.000,312.699,18.763647,867,3.301978,1.040228
veh_000013,completed,85.163459,6.165761,86.000000,0.836541,7.000000,949.000,863.000,16093.440000,0.000,308.997,21.260803,863,3.270558,1.872317
veh_000014,completed,90.055977,4.892518,91.000000,0.944023,5.000000,952.000,861.000,16093.440000,0.000,306.583,21.078086,861,3.004853,1.538045
veh_000015,completed,94.533983,4.478006,95.000000,0.466017,4.000000,954.000,859.000,16093.440000,0.000,304.894,22.912150,859,1.838506,2.200471
veh_000016,completed,100.903496,6.369513,101.000000,0.096504,6.000000,956.000,855.000,16093.440000,0.000,300.517,24.804335,855,2.970899,1.359058
veh_000017,completed,108.870118,7.966621,109.000000,0.129882,8.000000,960.000,851.000,16093.440000,0.000,297.008,19.015393,851,3.820043,1.440205
veh_000018,completed,114.932603,6.062485,115.000000,0.067397,6.000000,962.000,847.000,16093.440000,0.000,293.015,21.639089,847,3.397973,1.399764
veh_000019,completed,120.773118,5.840515,121.000000,0.226882,6.000000,964.000,843.000,16093.440000,0.000,289.053,23.057263,843,2.780340,1.741762
veh_000020,completed,127.570782,6.797664,128.000000,0.429218,7.000000,966.000,838.000,16093.440000,0.000,283.889,19.743486,838,4.393203,1.444428
veh_000021,completed,131.390464,3.819682,132.000000,0.609536,4.000000,968.000,836.000,16093.440000,0.000,282.074,22.147854,836,2.374268,2.138453
veh_000022,completed,136.922048,5.531584,137.000000,0.077952,5.000000,971.000,834.000,16093.440000,0.000,279.519,22.772999,834,3.878045,1.837433
veh_000023,completed,143.657592,6.735544,144.000000,0.342408,7.000000,982.000,838.000,16093.440000,0.000,283.997,19.367159,838,2.553171,1.624885
veh_000024,completed,150.967699,7.310107,151.000000,0.032301,7.000000,991.000,840.000,16093.440000,0.000,285.715,19.429892,840,1.775913,2.091662
veh_000025,completed,156.606754,5.639055,157.000000,0.393246,6.000000,993.000,836.000,16093.440000,0.000,281.928,22.229355,836,3.513235,2.059351
veh_000026,completed,163.171654,6.564900,164.000000,0.828346,7.000000,996.000,832.000,16093.440000,0.000,277.759,21.845392,832,3.632656,1.952621
veh_000027,completed,169.543974,6.372320,170.000000,0.456026,6.000000,998.000,828.000,16093.440000,0.000,273.694,22.846497,828,3.763898,1.522047
veh_000028,completed,176.717464,7.173490,177.000000,0.282536,7.000000,1000.000,823.000,16093.440000,0.000,268.844,24.352643,823,4.459032,1.907543
veh_000029,completed,181.047631,4.330167,182.000000,0.952369,5.000000,1002.000,820.000,16093.440000,0.000,265.713,23.346795,820,2.504573,1.494960
veh_000030,completed,187.900007,6.852376,188.000000,0.099993,6.000000,1004.000,816.000,16093.440000,0.000,262.115,20.764645,816,2.848141,2.046433
veh_000031,completed,191.628226,3.728219,192.000000,0.371774,4.000000,1007.000,815.000,16093.440000,0.000,260.572,24.431690,815,3.428388,2.181872
veh_000032,completed,193.698308,2.070082,194.000000,0.301692,2.000000,1009.000,815.000,16093.440000,0.000,261.157,20.603889,815,4.717791,2.022121
veh_000033,completed,198.787972,5.089664,199.000000,0.212028,5.000000,1012.000,813.000,16093.440000,0.000,258.720,25.860053,813,3.838001,2.052483
veh_000034,completed,203.414257,4.626285,204.000000,0.585743,5.000000,1014.000,810.000,16093.440000,0.000,255.526,25.004605,810,2.368028,1.669365
veh_000035,completed,210.728276,7.314018,211.000000,0.271724,7.000000,1021.000,810.000,16093.440000,0.000,256.102,19.725541,810,2.857053,2.117517
veh_000036,completed,217.724674,6.996399,218.000000,0.275326,7.000000,1024.000,806.000,16093.440000,0.000,251.903,21.924671,806,2.042882,2.503157
veh_000037,completed,221.896062,4.171388,222.000000,0.103938,4.000000,1031.000,809.000,16093.440000,0.000,254.582,21.454853,809,2.444021,1.513408
veh_000038,completed,229.167104,7.271042,230.000000,0.832896,8.000000,1066.000,836.000,16093.440000,0.000,281.592,19.533805,836,2.546321,1.500647
veh_000039,completed,233.663800,4.496696,234.000000,0.336200,4.000000,1105.000,871.000,16093.440000,0.000,316.866,19.612463,871,3.095547,1.851697
veh_000040,completed,239.534434,5.870634,240.000000,0.465566,6.000000,1107.000,867.000,16093.440000,0.000,312.865,23.966130,867,4.420945,1.691725
veh_000041,completed,245.093585,5.559150,246.000000,0.906415,6.000000,1109.000,863.000,16093.440000,0.000,309.131,21.162342,863,3.851729,2.031798
veh_000042,completed,251.265215,6.171630,252.000000,0.734785,6.000000,1121.000,869.000,16093.440000,0.000,314.701,18.935046,869,3.347555,1.179442
veh_000043,completed,258.493169,7.227954,259.000000,0.506831,7.000000,1123.000,864.000,16093.440000,0.000,310.062,21.724816,864,3.366989,1.863161
veh_000044,completed,265.450790,6.957621,266.000000,0.549210,7.000000,1126.000,860.000,16093.440000,0.000,305.511,24.519119,860,2.205757,2.055457
veh_000045,completed,271.975617,6.524828,272.000000,0.024383,6.000000,1128.000,856.000,16093.440000,0.000,301.830,26.113834,856,4.004264,2.029820
veh_000046,completed,278.950539,6.974922,279.000000,0.049461,7.000000,1130.000,851.000,16093.440000,0.000,296.691,22.490108,851,3.023987,1.473704
veh_000047,completed,285.668278,6.717738,286.000000,0.331722,7.000000,1133.000,847.000,16093.440000,0.000,293.142,21.648805,847,3.433816,1.558059
veh_000048,completed,290.727799,5.059522,291.000000,0.272201,5.000000,1135.000,844.000,16093.440000,0.000,290.070,20.554116,844,3.368327,1.545104
veh_000049,completed,295.651743,4.923943,296.000000,0.348257,5.000000,1137.000,841.000,16093.440000,0.000,287.144,21.188585,841,2.403575,1.968264
veh_000050,completed,300.946790,5.295048,301.000000,0.053210,5.000000,1139.000,838.000,16093.440000,0.000,283.810,23.543356,838,2.612327,1.198271
veh_000051,completed,307.695780,6.748990,308.000000,0.304220,7.000000,1141.000,833.000,16093.440000,0.000,279.130,25.153610,833,3.900133,1.975655
veh_000052,completed,313.320607,5.624827,314.000000,0.679393,6.000000,1143.000,829.000,16093.440000,0.000,274.866,25.131479,829,3.589270,1.404501
veh_000053,completed,322.824238,9.503631,323.000000,0.175762,9.000000,1145.000,822.000,16093.440000,0.000,268.135,21.806829,822,3.071422,2.084174
veh_000054,completed,327.595299,4.771061,328.000000,0.404701,5.000000,1147.000,819.000,16093.440000,0.000,265.090,24.330000,819,3.394891,1.662871
veh_000055,completed,331.946987,4.351688,332.000000,0.053013,4.000000,1150.000,818.000,16093.440000,0.000,263.414,24.058681,818,3.716787,1.714609
veh_000056,completed,339.099697,7.152710,340.000000,0.900303,8.000000,1152.000,812.000,16093.440000,0.000,257.598,23.366084,812,1.832555,1.740180
veh_000057,completed,347.232472,8.132775,348.000000,0.767528,8.000000,1154.000,806.000,16093.440000,0.000,251.399,22.211018,806,2.579938,1.436050
veh_000058,completed,353.991011,6.758539,354.000000,0.008989,6.000000,1156.000,802.000,16093.440000,0.000,247.828,21.717953,802,3.722207,1.482764
veh_000059,completed,361.244737,7.253726,362.000000,0.755263,8.000000,1158.000,796.000,16093.440000,0.000,241.717,25.318812,796,3.941775,1.581166
veh_000060,completed,369.384255,8.139517,370.000000,0.615745,8.000000,1160.000,790.000,16093.440000,0.000,235.462,21.719208,790,2.781726,1.746239
veh_000061,completed,375.243214,5.858959,376.000000,0.756786,6.000000,1162.000,786.000,16093.440000,0.000,231.613,23.360401,786,3.454492,1.682489
veh_000062,completed,379.108775,3.865562,380.000000,0.891225,4.000000,1164.000,784.000,16093.440000,0.000,229.747,22.936863,784,3.036443,1.894204
veh_000063,completed,384.310660,5.201885,385.000000,0.689340,5.000000,1165.000,780.000,16093.440000,0.000,226.130,25.183544,780,2.478090,1.600813
veh_000064,completed,391.740004,7.429344,392.000000,0.259996,7.000000,1167.000,775.000,16093.440000,0.000,221.134,24.056190,775,2.209954,1.350158
veh_000065,completed,395.574487,3.834482,396.000000,0.425513,4.000000,1169.000,773.000,16093.440000,0.000,219.028,24.651422,773,4.262629,1.606519
veh_000066,completed,401.624783,6.050297,402.000000,0.375217,6.000000,1171.000,769.000,16093.440000,0.000,214.935,25.694882,769,3.387765,1.550431
veh_000067,completed,408.004640,6.379856,409.000000,0.995360,7.000000,1173.000,764.000,16093.440000,0.000,210.074,24.495562,764,4.213647,1.968510
veh_000068,completed,413.531251,5.526612,414.000000,0.468749,5.000000,1175.000,761.000,16093.440000,0.000,207.050,24.101410,761,3.835866,1.789741
veh_000069,completed,420.616699,7.085448,421.000000,0.383301,7.000000,1178.000,757.000,16093.440000,0.000,202.688,21.769396,757,3.781189,1.570880
veh_000070,completed,427.487869,6.871170,428.000000,0.512131,7.000000,1180.000,752.000,16093.440000,0.000,198.050,22.569739,752,1.935786,2.174047
veh_000071,completed,436.969982,9.482113,437.000000,0.030018,9.000000,1183.000,746.000,16093.440000,0.000,191.539,22.428520,746,3.657921,1.908741
veh_000072,completed,443.899933,6.929952,444.000000,0.100067,7.000000,1184.000,740.000,16093.440000,0.000,186.121,23.491326,740,2.896643,1.683219
veh_000073,completed,448.985828,5.085895,449.000000,0.014172,5.000000,1201.000,752.000,16093.440000,0.000,197.760,22.183327,752,2.297971,1.701319
veh_000074,completed,454.143132,5.157304,455.000000,0.856868,6.000000,1213.000,758.000,16093.440000,0.000,203.480,21.701867,758,3.142589,2.100980
veh_000075,completed,458.895760,4.752628,459.000000,0.104240,4.000000,1214.000,755.000,16093.440000,0.000,200.939,26.177730,755,2.954152,1.353499
veh_000076,completed,466.324170,7.428410,467.000000,0.675830,8.000000,1313.000,846.000,16093.440000,0.000,291.828,19.710292,846,1.910897,1.518017
veh_000077,completed,471.473921,5.149751,472.000000,0.526079,5.000000,1315.000,843.000,16093.440000,0.000,288.867,20.492928,843,2.167411,2.013111
veh_000078,completed,477.368530,5.894609,478.000000,0.631470,6.000000,1318.000,840.000,16093.440000,0.000,285.484,25.379704,840,3.893757,2.057640
veh_000079,completed,484.492484,7.123954,485.000000,0.507516,7.000000,1319.000,834.000,16093.440000,0.000,280.000,22.414431,834,2.477102,1.434753
veh_000080,completed,489.407289,4.914806,490.000000,0.592711,5.000000,1321.000,831.000,16093.440000,0.000,277.133,21.099208,831,3.646055,1.663386
veh_000081,completed,494.966802,5.559513,495.000000,0.033198,5.000000,1394.000,899.000,16093.440000,0.000,344.905,18.231937,899,2.657748,1.600420
veh_000082,completed,498.204873,3.238071,499.000000,0.795127,4.000000,1396.000,897.000,16093.440000,0.000,342.751,23.728273,897,3.743783,1.467255
veh_000083,completed,502.581155,4.376282,503.000000,0.418845,4.000000,1398.000,895.000,16093.440000,0.000,340.683,20.627732,895,2.706027,1.679402
veh_000084,completed,507.729551,5.148395,508.000000,0.270449,5.000000,1400.000,892.000,16093.440000,0.000,337.629,22.120690,892,2.372885,1.691163
veh_000085,completed,514.353192,6.623641,515.000000,0.646808,7.000000,1401.000,886.000,16093.440000,0.000,332.095,21.392131,886,1.491031,1.485941
veh_000086,completed,522.143432,7.790240,523.000000,0.856568,8.000000,1403.000,880.000,16093.440000,0.000,326.087,23.781879,880,2.890405,1.840346
veh_000087,completed,528.115732,5.972300,529.000000,0.884268,6.000000,1406.000,877.000,16093.440000,0.000,322.976,19.545913,877,3.671921,2.058799
veh_000088,completed,534.507778,6.392046,535.000000,0.492222,6.000000,1408.000,873.000,16093.440000,0.000,318.884,24.267784,873,3.131222,1.720912
veh_000089,completed,540.759732,6.251954,541.000000,0.240268,6.000000,1410.000,869.000,16093.440000,0.000,315.078,20.808515,869,2.419767,1.943638
veh_000090,completed,548.386844,7.627112,549.000000,0.613156,8.000000,1413.000,864.000,16093.440000,0.000,309.484,21.557833,864,2.017043,1.951905
veh_000091,completed,555.726877,7.340033,556.000000,0.273123,7.000000,1458.000,902.000,16093.440000,0.000,347.657,18.126777,902,2.403091,1.795900
veh_000092,completed,562.137417,6.410540,563.000000,0.862583,7.000000,1460.000,897.000,16093.440000,0.000,343.098,19.805538,897,3.931280,1.400061
veh_000093,completed,566.621000,4.483584,567.000000,0.379000,4.000000,1462.000,895.000,16093.440000,0.000,341.093,21.388103,895,3.310926,1.706507
veh_000094,completed,573.976078,7.355078,574.000000,0.023922,7.000000,1464.000,890.000,16093.440000,0.000,335.902,24.176645,890,2.462851,1.751947
veh_000095,completed,580.547649,6.571571,581.000000,0.452351,7.000000,1467.000,886.000,16093.440000,0.000,331.362,22.901024,886,4.409718,2.191510
veh_000096,completed,588.388061,7.840412,589.000000,0.611939,8.000000,1468.000,879.000,16093.440000,0.000,325.128,23.638522,879,2.554235,1.520879
veh_000097,completed,594.343201,5.955140,595.000000,0.656799,6.000000,1470.000,875.000,16093.440000,0.000,320.698,23.986467,875,3.146819,1.220000
veh_000098,completed,603.272853,8.929651,604.000000,0.727147,9.000000,1473.000,869.000,16093.440000,0.000,314.498,19.258792,869,2.650525,1.830530
veh_000099,completed,608.734538,5.461685,609.000000,0.265462,5.000000,1474.000,865.000,16093.440000,0.000,310.949,25.598656,865,3.726465,1.593017
veh_000100,completed,617.124129,8.389591,618.000000,0.875871,9.000000,1477.000,859.000,16093.440000,0.000,304.454,21.626245,859,2.571444,1.896930
veh_000101,completed,623.296807,6.172678,624.000000,0.703193,6.000000,1478.000,854.000,16093.440000,0.000,300.031,23.882800,854,1.503574,1.723819
veh_000102,completed,628.522404,5.225596,629.000000,0.477596,5.000000,1481.000,852.000,16093.440000,0.000,297.854,21.946835,852,3.376254,1.731269
veh_000103,completed,632.829732,4.307328,633.000000,0.170268,4.000000,1484.000,851.000,16093.440000,0.000,296.543,22.946974,851,4.694259,2.431744
veh_000104,completed,638.603186,5.773454,639.000000,0.396814,6.000000,1485.000,846.000,16093.440000,0.000,292.039,23.795692,846,1.948098,1.737613
veh_000105,completed,646.738168,8.134982,647.000000,0.261832,8.000000,1487.000,840.000,16093.440000,0.000,285.765,22.741277,840,2.736994,1.508939
veh_000106,completed,653.962729,7.224562,654.000000,0.037271,7.000000,1490.000,836.000,16093.440000,0.000,281.463,24.796271,836,1.803303,2.173583
veh_000107,completed,660.996055,7.033326,661.000000,0.003945,7.000000,1492.000,831.000,16093.440000,0.000,276.671,22.838624,831,2.884922,1.754723
veh_000108,completed,663.432246,2.436191,664.000000,0.567754,3.000000,1494.000,830.000,16093.440000,0.000,275.798,22.548999,830,4.390195,1.935985
veh_000109,completed,670.498693,7.066446,671.000000,0.501307,7.000000,1497.000,826.000,16093.440000,0.000,271.697,19.397791,826,1.967392,1.524623
veh_000110,completed,677.332471,6.833779,678.000000,0.667529,7.000000,1499.000,821.000,16093.440000,0.000,266.576,21.477345,821,1.818883,1.801216
veh_000111,completed,682.507582,5.175111,683.000000,0.492418,5.000000,1501.000,818.000,16093.440000,0.000,263.946,22.014587,818,2.589520,2.034683
veh_000112,completed,687.566505,5.058923,688.000000,0.433495,5.000000,1504.000,816.000,16093.440000,0.000,261.772,25.878955,816,2.657597,2.009367
veh_000113,completed,693.563040,5.996534,694.000000,0.436960,6.000000,1614.000,920.000,16093.440000,0.000,365.772,18.142363,920,4.453415,1.605194
veh_000114,completed,702.150354,8.587314,703.000000,0.849646,9.000000,1616.000,913.000,16093.440000,0.000,358.816,20.814514,913,2.788298,1.775296
veh_000115,completed,706.567703,4.417349,707.000000,0.432297,4.000000,1618.000,911.000,16093.440000,0.000,356.828,21.520061,911,4.221267,1.556027
veh_000116,completed,711.925995,5.358292,712.000000,0.074005,5.000000,1620.000,908.000,16093.440000,0.000,353.629,24.954015,908,1.750372,1.209298
veh_000117,completed,719.968672,8.042677,720.000000,0.031328,8.000000,1622.000,902.000,16093.440000,0.000,347.533,25.120894,902,3.032515,1.390170
veh_000118,completed,725.299446,5.330774,726.000000,0.700554,6.000000,1624.000,898.000,16093.440000,0.000,343.858,22.491663,898,2.452390,2.157133
veh_000119,completed,730.753069,5.453623,731.000000,0.246931,5.000000,1626.000,895.000,16093.440000,0.000,341.020,22.556428,895,2.590451,1.887328
veh_000120,completed,736.899734,6.146665,737.000000,0.100266,6.000000,1629.000,892.000,16093.440000,0.000,337.728,21.990626,892,3.187053,1.921351
veh_000121,completed,741.037800,4.138066,742.000000,0.962200,5.000000,1631.000,889.000,16093.440000,0.000,334.548,21.257389,889,2.706704,1.533736
veh_000122,completed,747.367718,6.329918,748.000000,0.632282,6.000000,1633.000,885.000,16093.440000,0.000,330.740,21.276278,885,4.665769,1.749769
veh_000123,completed,751.553291,4.185574,752.000000,0.446709,4.000000,1637.000,885.000,16093.440000,0.000,331.110,21.310267,885,2.925267,1.935627
veh_000124,completed,758.881089,7.327797,759.000000,0.118911,7.000000,1639.000,880.000,16093.440000,0.000,325.792,22.008706,880,3.721812,1.292616
veh_000125,completed,764.885860,6.004771,765.000000,0.114140,6.000000,1641.000,876.000,16093.440000,0.000,322.031,22.526652,876,2.136769,2.173521
veh_000126,completed,774.311007,9.425147,775.000000,0.688993,10.000000,1643.000,868.000,16093.440000,0.000,313.964,20.931731,868,3.755285,1.676992
veh_000127,completed,780.732268,6.421261,781.000000,0.267732,6.000000,1646.000,865.000,16093.440000,0.000,310.699,23.752141,865,2.026719,1.946039
veh_000128,completed,788.780802,8.048534,789.000000,0.219198,8.000000,1648.000,859.000,16093.440000,0.000,304.769,22.268203,859,3.658182,1.413527
veh_000129,completed,792.825906,4.045104,793.000000,0.174094,4.000000,1650.000,857.000,16093.440000,0.000,302.898,23.547400,857,3.416469,1.787270
veh_000130,completed,798.642697,5.816791,799.000000,0.357303,6.000000,1662.000,863.000,16093.440000,0.000,308.662,19.299482,863,3.314507,1.885311
veh_000131,completed,805.127416,6.484718,806.000000,0.872584,7.000000,1664.000,858.000,16093.440000,0.000,303.642,20.781019,858,3.586374,1.707640
veh_000132,completed,813.745997,8.618581,814.000000,0.254003,8.000000,1666.000,852.000,16093.440000,0.000,297.735,22.560076,852,3.383607,1.876360
veh_000133,completed,817.224623,3.478626,818.000000,0.775377,4.000000,1668.000,850.000,16093.440000,0.000,295.976,22.988205,850,3.916111,1.851248
veh_000134,completed,824.710553,7.485930,825.000000,0.289447,7.000000,1670.000,845.000,16093.440000,0.000,290.880,21.955851,845,2.595463,1.615738
veh_000135,completed,831.597584,6.887031,832.000000,0.402416,7.000000,1672.000,840.000,16093.440000,0.000,286.019,25.794630,840,3.207476,1.810137
veh_000136,completed,839.897903,8.300319,840.000000,0.102097,8.000000,1674.000,834.000,16093.440000,0.000,280.069,21.881496,834,2.986866,1.787165
veh_000137,completed,846.966481,7.068578,847.000000,0.033519,7.000000,1677.000,830.000,16093.440000,0.000,275.747,25.545432,830,3.058549,2.126396
veh_000138,completed,853.044588,6.078107,854.000000,0.955412,7.000000,1679.000,825.000,16093.440000,0.000,270.963,25.470998,825,1.525798,2.167872
veh_000139,completed,858.262114,5.217526,859.000000,0.737886,5.000000,1681.000,822.000,16093.440000,0.000,267.829,23.905720,822,3.806688,1.654468
veh_000140,completed,862.389844,4.127730,863.000000,0.610156,4.000000,1683.000,820.000,16093.440000,0.000,265.684,23.347708,820,2.468889,1.614543
veh_000141,completed,868.682978,6.293134,869.000000,0.317022,6.000000,1685.000,816.000,16093.440000,0.000,261.371,23.590333,816,2.840391,1.719889
veh_000142,completed,874.395433,5.712455,875.000000,0.604567,6.000000,1688.000,813.000,16093.440000,0.000,258.430,22.027772,813,3.532244,2.318069
veh_000143,completed,883.425834,9.030401,884.000000,0.574166,9.000000,1692.000,808.000,16093.440000,0.000,253.961,19.835174,808,2.154383,1.890383
veh_000144,completed,888.509297,5.083463,889.000000,0.490703,5.000000,1700.000,811.000,16093.440000,0.000,256.484,21.185680,811,3.540812,1.421266
veh_000145,completed,894.989885,6.480588,895.000000,0.010115,6.000000,1703.000,808.000,16093.440000,0.000,254.021,20.935397,808,3.400352,2.095173
veh_000146,completed,898.636382,3.646498,899.000000,0.363618,4.000000,1705.000,806.000,16093.440000,0.000,251.875,21.428294,806,3.426307,1.579954
veh_000147,completed,904.043189,5.406806,905.000000,0.956811,6.000000,1708.000,803.000,16093.440000,0.000,248.661,20.709785,803,3.470699,1.741564
veh_000148,completed,910.434910,6.391722,911.000000,0.565090,6.000000,1729.000,818.000,16093.440000,0.000,263.826,19.947295,818,2.614163,1.919086
veh_000149,completed,917.670850,7.235940,918.000000,0.329150,7.000000,1732.000,814.000,16093.440000,0.000,259.509,22.641344,814,2.892944,2.007020
veh_000150,completed,925.843003,8.172153,926.000000,0.156997,8.000000,1733.000,807.000,16093.440000,0.000,252.977,25.532279,807,2.282728,1.391659
veh_000151,completed,931.776781,5.933778,932.000000,0.223219,6.000000,1743.000,811.000,16093.440000,0.000,256.791,20.395675,811,3.292613,1.684907
veh_000152,completed,936.100913,4.324133,937.000000,0.899087,5.000000,1827.000,890.000,16093.440000,0.000,335.563,18.232177,890,4.143097,1.787636
veh_000153,completed,942.787689,6.686776,943.000000,0.212311,6.000000,1833.000,890.000,16093.440000,0.000,335.546,21.055890,890,2.858896,2.245032
veh_000154,completed,949.563170,6.775481,950.000000,0.436830,7.000000,1836.000,886.000,16093.440000,0.000,331.463,19.590091,886,2.469290,1.617477
veh_000155,completed,956.300657,6.737488,957.000000,0.699343,7.000000,1839.000,882.000,16093.440000,0.000,327.666,20.065464,882,2.952395,1.925534
veh_000156,completed,961.250226,4.949568,962.000000,0.749774,5.000000,1859.000,897.000,16093.440000,0.000,343.123,19.446321,897,3.315877,2.378897
veh_000157,completed,968.950302,7.700077,969.000000,0.049698,7.000000,1863.000,894.000,16093.440000,0.000,339.894,22.021258,894,2.241684,2.113730
veh_000158,completed,975.082146,6.131844,976.000000,0.917854,7.000000,1865.000,889.000,16093.440000,0.000,335.023,23.519847,889,2.479839,1.870294
veh_000159,completed,982.131883,7.049737,983.000000,0.868117,7.000000,1868.000,885.000,16093.440000,0.000,330.511,19.699840,885,2.514826,1.889616
veh_000160,completed,990.042993,7.911110,991.000000,0.957007,8.000000,1870.000,879.000,16093.440000,0.000,324.820,19.177516,879,2.557369,1.884706
veh_000161,completed,996.956901,6.913908,997.000000,0.043099,6.000000,1872.000,875.000,16093.440000,0.000,321.022,21.958687,875,3.912097,2.189356
veh_000162,completed,1003.386675,6.429774,1004.000000,0.613325,7.000000,1875.000,871.000,16093.440000,0.000,316.692,22.041458,871,2.569730,2.222055
veh_000163,completed,1012.615868,9.229193,1013.000000,0.384132,9.000000,1877.000,864.000,16093.440000,0.000,309.581,25.944765,864,4.491176,1.502723
veh_000164,completed,1018.981423,6.365555,1019.000000,0.018577,6.000000,1879.000,860.000,16093.440000,0.000,305.407,25.255197,860,3.446605,1.496889
veh_000165,completed,1024.537476,5.556054,1025.000000,0.462524,6.000000,1882.000,857.000,16093.440000,0.000,302.934,20.845089,857,2.859071,1.794289
veh_000166,completed,1030.705427,6.167951,1031.000000,0.294573,6.000000,1884.000,853.000,16093.440000,0.000,298.633,23.623848,853,2.601377,1.482623
veh_000167,completed,1038.929580,8.224153,1039.000000,0.070420,8.000000,1886.000,847.000,16093.440000,0.000,293.084,21.346117,847,2.200421,2.293595
veh_000168,completed,1045.107649,6.178069,1046.000000,0.892351,7.000000,1888.000,842.000,16093.440000,0.000,287.835,25.408934,842,3.018394,1.272790
veh_000169,completed,1051.886715,6.779066,1052.000000,0.113285,6.000000,1891.000,839.000,16093.440000,0.000,285.140,22.066255,839,2.515476,2.101999
veh_000170,completed,1059.680312,7.793597,1060.000000,0.319688,8.000000,1893.000,833.000,16093.440000,0.000,278.763,22.014809,833,3.280694,1.155274
veh_000171,completed,1064.911024,5.230712,1065.000000,0.088976,5.000000,1895.000,830.000,16093.440000,0.000,275.879,19.678137,830,1.812716,1.838408
veh_000172,completed,1068.321170,3.410145,1069.000000,0.678830,4.000000,1897.000,828.000,16093.440000,0.000,274.106,22.251014,828,2.505661,1.715061
veh_000173,completed,1074.770304,6.449135,1075.000000,0.229696,6.000000,1899.000,824.000,16093.440000,0.000,269.798,24.928912,824,3.650214,1.531538
veh_000174,completed,1081.114907,6.344602,1082.000000,0.885093,7.000000,1902.000,820.000,16093.440000,0.000,265.478,20.527738,820,3.457377,2.150613
veh_000175,completed,1086.202891,5.087985,1087.000000,0.797109,5.000000,1904.000,817.000,16093.440000,0.000,262.508,22.795297,817,3.279273,1.662566
veh_000176,completed,1093.509521,7.306630,1094.000000,0.490479,7.000000,1906.000,812.000,16093.440000,0.000,258.049,21.033448,812,3.539285,2.167177
veh_000177,completed,1100.420872,6.911351,1101.000000,0.579128,7.000000,1909.000,808.000,16093.440000,0.000,253.694,24.378268,808,3.826708,2.187566
veh_000178,completed,1104.928383,4.507511,1105.000000,0.071617,4.000000,1911.000,806.000,16093.440000,0.000,251.487,22.223519,806,2.340286,1.584286
veh_000179,completed,1111.705711,6.777328,1112.000000,0.294289,7.000000,1913.000,801.000,16093.440000,0.000,246.635,23.569760,801,1.063373,2.036699
veh_000180,completed,1117.411554,5.705843,1118.000000,0.588446,6.000000,1915.000,797.000,16093.440000,0.000,242.998,23.056936,797,2.676959,2.165907
veh_000181,completed,1121.187016,3.775462,1122.000000,0.812984,4.000000,1918.000,796.000,16093.440000,0.000,241.745,20.368582,796,1.276942,2.113129
veh_000182,completed,1127.866441,6.679425,1128.000000,0.133559,6.000000,1923.000,795.000,16093.440000,0.000,240.806,19.769634,795,2.948143,1.819153
veh_000183,completed,1133.798619,5.932178,1134.000000,0.201381,6.000000,1925.000,791.000,16093.440000,0.000,236.852,25.287570,791,2.116790,1.928691
veh_000184,completed,1138.680695,4.882076,1139.000000,0.319305,5.000000,1936.000,797.000,16093.440000,0.000,242.635,21.574228,797,2.984338,1.373345
veh_000185,completed,1145.465113,6.784418,1146.000000,0.534887,7.000000,1977.000,831.000,16093.440000,0.000,276.978,20.044782,831,3.425146,1.654314
veh_000186,completed,1152.197253,6.732140,1153.000000,0.802747,7.000000,1979.000,826.000,16093.440000,0.000,271.623,20.893353,826,2.048271,1.378501
veh_000187,completed,1157.330947,5.133694,1158.000000,0.669053,5.000000,1981.000,823.000,16093.440000,0.000,268.520,26.060924,823,4.036043,1.449918
veh_000188,completed,1163.931476,6.600528,1164.000000,0.068524,6.000000,1987.000,823.000,16093.440000,0.000,268.725,22.561158,823,2.580684,1.535782
veh_000189,completed,1171.454073,7.522597,1172.000000,0.545927,8.000000,1989.000,817.000,16093.440000,0.000,262.677,24.835803,817,4.094643,1.570237
veh_000190,completed,1176.385073,4.931000,1177.000000,0.614927,5.000000,1991.000,814.000,16093.440000,0.000,259.701,22.541989,814,1.382576,2.097277
veh_000191,completed,1182.956408,6.571335,1183.000000,0.043592,6.000000,1992.000,809.000,16093.440000,0.000,255.143,25.344839,809,4.464478,1.262959
veh_000192,completed,1188.960542,6.004134,1189.000000,0.039458,6.000000,1994.000,805.000,16093.440000,0.000,251.109,21.656419,805,4.726515,1.572753
veh_000193,completed,1198.359557,9.399015,1199.000000,0.640443,10.000000,1996.000,797.000,16093.440000,0.000,243.121,22.232171,797,2.342263,1.952938
veh_000194,completed,1201.566103,3.206546,1202.000000,0.433897,3.000000,1998.000,796.000,16093.440000,0.000,241.910,24.294754,796,3.176436,1.788949
veh_000195,completed,1208.609029,7.042926,1209.000000,0.390971,7.000000,2000.000,791.000,16093.440000,0.000,236.980,26.584892,791,4.323995,1.616968
veh_000196,completed,1214.149661,5.540632,1215.000000,0.850339,6.000000,2003.000,788.000,16093.440000,0.000,233.508,22.725094,788,3.389652,2.192766
veh_000197,completed,1219.999365,5.849704,1220.000000,0.000635,5.000000,2006.000,786.000,16093.440000,0.000,231.441,20.848346,786,2.095403,2.140266
veh_000198,completed,1228.851748,8.852383,1229.000000,0.148252,9.000000,2008.000,779.000,16093.440000,0.000,224.385,24.641754,779,4.088323,1.551351
veh_000199,completed,1234.838888,5.987140,1235.000000,0.161112,6.000000,2087.000,852.000,16093.440000,0.000,297.630,19.340248,852,3.330884,1.593675
veh_000200,completed,1244.200304,9.361416,1245.000000,0.799696,10.000000,2106.000,861.000,16093.440000,0.000,306.489,20.475674,861,2.155365,1.799206
veh_000201,completed,1249.537082,5.336778,1250.000000,0.462918,5.000000,2108.000,858.000,16093.440000,0.000,303.728,23.802451,858,3.482641,1.721716
veh_000202,completed,1256.062850,6.525768,1257.000000,0.937150,7.000000,2111.000,854.000,16093.440000,0.000,299.536,21.394055,854,2.787515,1.353330
veh_000203,completed,1261.326579,5.263729,1262.000000,0.673421,5.000000,2113.000,851.000,16093.440000,0.000,297.003,22.357919,851,1.976868,2.368800
veh_000204,completed,1266.290547,4.963968,1267.000000,0.709453,5.000000,2116.000,849.000,16093.440000,0.000,294.391,23.020454,849,3.468993,1.664892
veh_000205,completed,1272.384272,6.093725,1273.000000,0.615728,6.000000,2118.000,845.000,16093.440000,0.000,290.652,23.930118,845,2.517895,2.183027
veh_000206,completed,1277.960414,5.576143,1278.000000,0.039586,5.000000,2120.000,842.000,16093.440000,0.000,287.660,25.510518,842,3.419100,1.979629
veh_000207,completed,1284.264152,6.303737,1285.000000,0.735848,7.000000,2128.000,843.000,16093.440000,0.000,288.530,19.447545,843,3.878357,2.113133
veh_000208,completed,1287.106610,2.842458,1288.000000,0.893390,3.000000,2130.000,842.000,16093.440000,0.000,287.691,21.159941,842,2.656471,1.808590
veh_000209,completed,1296.110311,9.003702,1297.000000,0.889689,9.000000,2132.000,835.000,16093.440000,0.000,280.528,22.236319,835,3.489968,1.480075
veh_000210,completed,1301.859816,5.749505,1302.000000,0.140184,5.000000,2134.000,832.000,16093.440000,0.000,277.537,23.310879,832,2.692390,1.614387
veh_000211,completed,1310.474174,8.614358,1311.000000,0.525826,9.000000,2140.000,829.000,16093.440000,0.000,274.537,20.689377,829,2.714441,1.553350
veh_000212,completed,1314.963506,4.489332,1315.000000,0.036494,4.000000,2142.000,827.000,16093.440000,0.000,272.627,22.431484,827,3.277561,1.786287
veh_000213,completed,1321.402310,6.438804,1322.000000,0.597690,7.000000,2145.000,823.000,16093.440000,0.000,268.737,20.639464,823,3.713166,1.886221
veh_000214,completed,1332.149723,10.747413,1333.000000,0.850277,11.000000,2147.000,814.000,16093.440000,0.000,259.904,24.299535,814,3.270074,1.921114
veh_000215,completed,1336.845129,4.695406,1337.000000,0.154871,4.000000,2149.000,812.000,16093.440000,0.000,257.473,25.182590,812,3.040330,1.422219
veh_000216,completed,1340.602179,3.757050,1341.000000,0.397821,4.000000,2151.000,810.000,16093.440000,0.000,255.425,20.652281,810,2.843393,1.625105
veh_000217,completed,1345.782415,5.180236,1346.000000,0.217585,5.000000,2152.000,806.000,16093.440000,0.000,251.844,23.702594,806,2.185092,1.401344
veh_000218,completed,1352.491148,6.708733,1353.000000,0.508852,7.000000,2163.000,810.000,16093.440000,0.000,255.595,20.052012,810,3.400902,1.895204
veh_000219,completed,1359.531158,7.040010,1360.000000,0.468842,7.000000,2165.000,805.000,16093.440000,0.000,250.496,23.274766,805,2.355373,1.868246
veh_000220,completed,1367.466708,7.935550,1368.000000,0.533292,8.000000,2189.000,821.000,16093.440000,0.000,266.916,19.174986,821,3.544392,1.483911
veh_000221,completed,1373.081189,5.614481,1374.000000,0.918811,6.000000,2191.000,817.000,16093.440000,0.000,263.003,22.941773,817,2.268021,1.857906
veh_000222,completed,1376.677813,3.596624,1377.000000,0.322187,3.000000,2194.000,817.000,16093.440000,0.000,262.497,24.981028,817,3.239673,1.967600
veh_000223,completed,1382.025268,5.347455,1383.000000,0.974732,6.000000,2196.000,813.000,16093.440000,0.000,258.650,24.432803,813,2.982642,1.847369
veh_000224,completed,1389.885602,7.860334,1390.000000,0.114398,7.000000,2263.000,873.000,16093.440000,0.000,319.047,18.238399,873,3.504361,2.144736
veh_000225,completed,1396.584096,6.698494,1397.000000,0.415904,7.000000,2266.000,869.000,16093.440000,0.000,315.054,22.697789,869,2.120588,1.787549
veh_000226,completed,1399.648688,3.064592,1400.000000,0.351312,3.000000,2268.000,868.000,16093.440000,0.000,313.890,21.583484,868,2.054936,1.692592
veh_000227,completed,1405.596111,5.947423,1406.000000,0.403889,6.000000,2270.000,864.000,16093.440000,0.000,309.942,25.575936,864,3.910433,1.799256
veh_000228,completed,1413.693363,8.097252,1414.000000,0.306637,8.000000,2272.000,858.000,16093.440000,0.000,303.689,23.306127,858,3.081654,1.547511
veh_000229,completed,1422.883185,9.189822,1423.000000,0.116815,9.000000,2273.000,850.000,16093.440000,0.000,296.156,25.681770,850,3.317788,1.451528
veh_000230,completed,1429.725715,6.842530,1430.000000,0.274285,7.000000,2276.000,846.000,16093.440000,0.000,291.577,21.172513,846,4.196773,1.216633
veh_000231,completed,1436.189669,6.463953,1437.000000,0.810331,7.000000,2278.000,841.000,16093.440000,0.000,286.939,19.811828,841,3.515406,2.398412
veh_000232,completed,1440.329360,4.139691,1441.000000,0.670640,4.000000,2280.000,839.000,16093.440000,0.000,284.664,23.056784,839,1.942328,1.325353
veh_000233,completed,1445.064496,4.735136,1446.000000,0.935504,5.000000,2282.000,836.000,16093.440000,0.000,282.137,21.767303,836,4.371833,1.968476
veh_000234,completed,1451.134870,6.070374,1452.000000,0.865130,6.000000,2284.000,832.000,16093.440000,0.000,277.776,23.070571,832,2.963098,1.210993
veh_000235,completed,1457.889666,6.754797,1458.000000,0.110334,6.000000,2286.000,828.000,16093.440000,0.000,273.761,22.029297,828,2.861081,2.059801
veh_000236,completed,1464.759943,6.870276,1465.000000,0.240057,7.000000,2288.000,823.000,16093.440000,0.000,268.651,22.930013,823,2.591521,1.572410
veh_000237,completed,1470.042630,5.282687,1471.000000,0.957370,6.000000,2290.000,819.000,16093.440000,0.000,264.555,25.641570,819,1.636407,1.636848
veh_000238,completed,1474.314716,4.272087,1475.000000,0.685284,4.000000,2318.000,843.000,16093.440000,0.000,289.135,19.671405,843,1.252662,2.481007
veh_000239,completed,1479.148044,4.833327,1480.000000,0.851956,5.000000,2320.000,840.000,16093.440000,0.000,286.089,23.598209,840,3.945616,1.490867
veh_000240,completed,1483.412582,4.264538,1484.000000,0.587418,4.000000,2322.000,838.000,16093.440000,0.000,283.982,25.240806,838,3.086026,1.755427
veh_000241,completed,1490.377696,6.965114,1491.000000,0.622304,7.000000,2324.000,833.000,16093.440000,0.000,278.596,23.576617,833,1.829184,1.345367
veh_000242,completed,1492.909274,2.531578,1493.000000,0.090726,2.000000,2326.000,833.000,16093.440000,0.000,278.839,26.570860,833,2.447775,2.144255
veh_000243,completed,1498.409357,5.500083,1499.000000,0.590643,6.000000,2329.000,830.000,16093.440000,0.000,275.680,21.682204,830,4.034736,2.092208
veh_000244,completed,1505.084175,6.674817,1506.000000,0.915825,7.000000,2332.000,826.000,16093.440000,0.000,271.799,22.751207,826,3.385192,2.633721
veh_000245,completed,1513.367194,8.283019,1514.000000,0.632806,8.000000,2334.000,820.000,16093.440000,0.000,265.671,21.733948,820,2.813314,1.738276
veh_000246,completed,1519.474143,6.106950,1520.000000,0.525857,6.000000,2336.000,816.000,16093.440000,0.000,262.075,21.653562,816,2.620166,1.767392
veh_000247,completed,1526.976069,7.501926,1527.000000,0.023931,7.000000,2338.000,811.000,16093.440000,0.000,256.994,26.392871,811,2.496458,2.198154
veh_000248,completed,1532.377563,5.401494,1533.000000,0.622437,6.000000,2370.000,837.000,16093.440000,0.000,282.605,19.188227,837,4.220496,2.083473
veh_000249,completed,1537.260957,4.883394,1538.000000,0.739043,5.000000,2372.000,834.000,16093.440000,0.000,280.135,21.089347,834,2.578119,1.383572
veh_000250,completed,1542.249367,4.988410,1543.000000,0.750633,5.000000,2375.000,832.000,16093.440000,0.000,278.149,21.252695,832,2.840782,1.929303
veh_000251,completed,1550.540371,8.291004,1551.000000,0.459629,8.000000,2377.000,826.000,16093.440000,0.000,272.038,22.449617,826,1.908071,1.709815
veh_000252,completed,1558.031703,7.491332,1559.000000,0.968297,8.000000,2379.000,820.000,16093.440000,0.000,266.008,21.726327,820,4.034687,1.650063
veh_000253,completed,1564.762800,6.731097,1565.000000,0.237200,6.000000,2381.000,816.000,16093.440000,0.000,261.719,23.811590,816,2.982119,1.465565
veh_000254,completed,1575.758203,10.995403,1576.000000,0.241797,11.000000,2383.000,807.000,16093.440000,0.000,253.071,23.573950,807,3.116679,2.170140
veh_000255,completed,1581.709691,5.951488,1582.000000,0.290309,6.000000,2385.000,803.000,16093.440000,0.000,249.081,26.438218,803,3.867595,1.644510
veh_000256,completed,1588.640215,6.930524,1589.000000,0.359785,7.000000,2388.000,799.000,16093.440000,0.000,244.463,24.345058,799,4.000103,1.945340
veh_000257,completed,1595.101603,6.461387,1596.000000,0.898397,7.000000,2393.000,797.000,16093.440000,0.000,242.806,20.356938,797,3.534484,1.527462
veh_000258,completed,1600.768774,5.667171,1601.000000,0.231226,5.000000,2486.000,885.000,16093.440000,0.000,330.712,18.814252,885,2.821696,1.636715
veh_000259,completed,1610.243031,9.474257,1611.000000,0.756969,10.000000,2488.000,877.000,16093.440000,0.000,322.421,21.474169,877,2.575436,1.469142
veh_000260,completed,1618.502939,8.259907,1619.000000,0.497061,8.000000,2490.000,871.000,16093.440000,0.000,316.945,21.021634,871,3.259177,1.464352
veh_000261,completed,1622.403719,3.900781,1623.000000,0.596281,4.000000,2492.000,869.000,16093.440000,0.000,314.986,21.812575,869,2.236183,1.908357
veh_000262,completed,1627.803950,5.400231,1628.000000,0.196050,5.000000,2494.000,866.000,16093.440000,0.000,311.669,25.363066,866,4.760687,1.202159
veh_000263,completed,1634.446454,6.642505,1635.000000,0.553546,7.000000,2496.000,861.000,16093.440000,0.000,306.515,23.154915,861,2.445224,1.765672
veh_000264,completed,1641.621229,7.174775,1642.000000,0.378771,7.000000,2499.000,857.000,16093.440000,0.000,302.878,19.325345,857,2.945128,1.571037
veh_000265,completed,1645.598559,3.977329,1646.000000,0.401441,4.000000,2501.000,855.000,16093.440000,0.000,300.773,20.618912,855,3.267344,1.710157
veh_000266,completed,1648.215216,2.616658,1649.000000,0.784784,3.000000,2503.000,854.000,16093.440000,0.000,300.023,25.966550,854,1.665530,2.195667
veh_000267,completed,1651.355666,3.140450,1652.000000,0.644334,3.000000,2508.000,856.000,16093.440000,0.000,301.941,19.694320,856,4.382452,1.923961
veh_000268,completed,1657.248999,5.893333,1658.000000,0.751001,6.000000,2510.000,852.000,16093.440000,0.000,297.694,24.029664,852,2.060865,1.514682
veh_000269,completed,1663.094194,5.845195,1664.000000,0.905806,6.000000,2513.000,849.000,16093.440000,0.000,294.370,24.287123,849,4.132741,1.989054
veh_000270,completed,1669.612023,6.517829,1670.000000,0.387977,6.000000,2515.000,845.000,16093.440000,0.000,290.575,19.679328,845,3.142200,1.779821
veh_000271,completed,1674.457511,4.845488,1675.000000,0.542489,5.000000,2519.000,844.000,16093.440000,0.000,289.825,19.460680,844,3.143891,2.358453
veh_000272,completed,1678.621154,4.163643,1679.000000,0.378846,4.000000,2521.000,842.000,16093.440000,0.000,287.695,23.103742,842,3.284924,1.417200
veh_000273,completed,1681.586587,2.965432,1682.000000,0.413413,3.000000,2523.000,841.000,16093.440000,0.000,286.579,23.035143,841,3.905109,1.652582
veh_000274,completed,1688.080368,6.493781,1689.000000,0.919632,7.000000,2525.000,836.000,16093.440000,0.000,282.056,24.647830,836,3.187601,2.331684
veh_000275,completed,1694.635449,6.555081,1695.000000,0.364551,6.000000,2527.000,832.000,16093.440000,0.000,278.023,23.631921,832,2.856081,2.005503
veh_000276,completed,1702.124939,7.489491,1703.000000,0.875061,8.000000,2530.000,827.000,16093.440000,0.000,272.558,20.118068,827,2.933696,1.975485
veh_000277,completed,1709.311133,7.186194,1710.000000,0.688867,7.000000,2532.000,822.000,16093.440000,0.000,267.826,26.431821,822,3.401821,2.302338
veh_000278,completed,1715.025059,5.713927,1716.000000,0.974941,6.000000,2534.000,818.000,16093.440000,0.000,264.050,22.784583,818,2.966314,1.804696
veh_000279,completed,1723.048951,8.023891,1724.000000,0.951049,8.000000,2536.000,812.000,16093.440000,0.000,257.979,22.676497,812,3.410883,1.742320
veh_000280,completed,1728.844400,5.795450,1729.000000,0.155600,5.000000,2538.000,809.000,16093.440000,0.000,255.095,22.826774,809,2.936576,2.154621
veh_000281,completed,1733.853146,5.008745,1734.000000,0.146854,5.000000,2577.000,843.000,16093.440000,0.000,288.800,18.987169,843,1.943188,2.337699
veh_000282,completed,1739.072278,5.219132,1740.000000,0.927722,6.000000,2580.000,840.000,16093.440000,0.000,285.761,20.541062,840,3.625418,1.236689
veh_000283,completed,1744.195061,5.122783,1745.000000,0.804939,5.000000,2582.000,837.000,16093.440000,0.000,282.925,24.194610,837,2.722128,1.814525
veh_000284,completed,1746.946456,2.751395,1747.000000,0.053544,2.000000,2585.000,838.000,16093.440000,0.000,283.431,23.922253,838,2.988306,1.971630
veh_000285,completed,1753.180945,6.234489,1754.000000,0.819055,7.000000,2587.000,833.000,16093.440000,0.000,278.599,21.240483,833,3.752691,1.886142
veh_000286,completed,1759.555773,6.374828,1760.000000,0.444227,6.000000,2589.000,829.000,16093.440000,0.000,274.776,22.626208,829,2.963886,2.009679
veh_000287,completed,1765.012374,5.456601,1766.000000,0.987626,6.000000,2591.000,825.000,16093.440000,0.000,271.133,21.180789,825,3.509974,1.851168
veh_000288,completed,1769.941612,4.929238,1770.000000,0.058388,4.000000,2594.000,824.000,16093.440000,0.000,269.875,21.118370,824,3.671395,1.761979
veh_000289,completed,1776.499318,6.557706,1777.000000,0.500682,7.000000,2596.000,819.000,16093.440000,0.000,264.648,21.400943,819,2.790079,1.507803
veh_000290,completed,1785.074624,8.575306,1786.000000,0.925376,9.000000,2599.000,813.000,16093.440000,0.000,258.574,19.887115,813,2.627618,2.069220
veh_000291,completed,1791.132006,6.057383,1792.000000,0.867994,6.000000,2601.000,809.000,16093.440000,0.000,254.631,20.750236,809,2.241917,1.868338
veh_000292,completed,1796.370556,5.238550,1797.000000,0.629444,5.000000,2603.000,806.000,16093.440000,0.000,251.697,22.104423,806,3.290880,1.743342
veh_000293,completed,1801.483385,5.112829,1802.000000,0.516615,5.000000,2605.000,803.000,16093.440000,0.000,248.549,22.379690,803,3.585661,1.386289
veh_000294,completed,1807.378751,5.895365,1808.000000,0.621249,6.000000,2606.000,798.000,16093.440000,0.000,244.033,22.020189,798,3.688969,1.349927
veh_000295,completed,1811.481602,4.102852,1812.000000,0.518398,4.000000,2609.000,797.000,16093.440000,0.000,242.483,21.950708,797,3.206772,1.705856
veh_000296,completed,1817.293711,5.812109,1818.000000,0.706289,6.000000,2611.000,793.000,16093.440000,0.000,238.977,23.310062,793,2.418537,2.143385
veh_000297,completed,1823.385485,6.091773,1824.000000,0.614515,6.000000,2613.000,789.000,16093.440000,0.000,234.918,22.635419,789,3.072238,1.767446
veh_000298,completed,1832.152503,8.767018,1833.000000,0.847497,9.000000,2615.000,782.000,16093.440000,0.000,227.851,22.522134,782,2.705352,1.958938
veh_000299,completed,1839.567713,7.415211,1840.000000,0.432287,7.000000,2617.000,777.000,16093.440000,0.000,222.971,21.496530,777,2.806753,2.320251
veh_000300,completed,1847.118757,7.551044,1848.000000,0.881243,8.000000,2619.000,771.000,16093.440000,0.000,216.657,22.227592,771,1.528112,1.253053
veh_000301,completed,1852.049334,4.930577,1853.000000,0.950666,5.000000,2621.000,768.000,16093.440000,0.000,213.706,24.145497,768,2.779354,1.752111
veh_000302,completed,1859.054217,7.004882,1860.000000,0.945783,7.000000,2623.000,763.000,16093.440000,0.000,208.883,23.915253,763,2.985804,2.079894
veh_000303,completed,1863.345143,4.290926,1864.000000,0.654857,4.000000,2642.000,778.000,16093.440000,0.000,223.410,21.711339,778,4.047583,2.115654
veh_000304,completed,1869.813084,6.467941,1870.000000,0.186916,6.000000,2650.000,780.000,16093.440000,0.000,225.671,20.992056,780,4.607661,1.729989
veh_000305,completed,1876.441190,6.628106,1877.000000,0.558810,7.000000,2667.000,790.000,16093.440000,0.000,236.138,20.774613,790,4.380349,1.848395
veh_000306,completed,1881.291576,4.850386,1882.000000,0.708424,5.000000,2711.000,829.000,16093.440000,0.000,274.587,19.970596,829,3.501974,1.732423
veh_000307,completed,1890.290645,8.999070,1891.000000,0.709355,9.000000,2713.000,822.000,16093.440000,0.000,267.566,25.976303,822,3.029015,1.997821
veh_000308,completed,1897.141706,6.851060,1898.000000,0.858294,7.000000,2726.000,828.000,16093.440000,0.000,273.814,20.488280,828,1.721035,2.123717
veh_000309,completed,1900.287613,3.145908,1901.000000,0.712387,3.000000,2728.000,827.000,16093.440000,0.000,272.942,24.450610,827,3.174640,1.664887
veh_000310,completed,1907.116903,6.829290,1908.000000,0.883097,7.000000,2731.000,823.000,16093.440000,0.000,268.689,22.239932,823,3.965784,2.170415
veh_000311,completed,1912.505786,5.388882,1913.000000,0.494214,5.000000,2732.000,819.000,16093.440000,0.000,265.145,23.829184,819,3.904630,1.411207
veh_000312,completed,1918.507850,6.002064,1919.000000,0.492150,6.000000,2735.000,816.000,16093.440000,0.000,261.573,21.054586,816,2.720734,2.141844
veh_000313,completed,1925.206497,6.698647,1926.000000,0.793503,7.000000,2736.000,810.000,16093.440000,0.000,255.990,21.868216,810,4.218614,1.108850
veh_000314,completed,1931.792296,6.585799,1932.000000,0.207704,6.000000,2739.000,807.000,16093.440000,0.000,252.747,24.655234,807,2.133735,2.013902
veh_000315,completed,1934.733569,2.941273,1935.000000,0.266431,3.000000,2740.000,805.000,16093.440000,0.000,251.111,25.897303,805,3.659571,1.127482
veh_000316,completed,1938.996089,4.262520,1939.000000,0.003911,4.000000,2743.000,804.000,16093.440000,0.000,249.596,22.868310,804,3.304277,1.893769
veh_000317,completed,1946.155026,7.158936,1947.000000,0.844974,8.000000,2745.000,798.000,16093.440000,0.000,243.817,24.966471,798,2.736000,1.971790
veh_000318,completed,1954.106832,7.951806,1955.000000,0.893168,8.000000,2747.000,792.000,16093.440000,0.000,237.942,23.976797,792,3.457566,1.733160
veh_000319,completed,1962.961561,8.854729,1963.000000,0.038439,8.000000,2749.000,786.000,16093.440000,0.000,232.094,24.551926,786,2.561290,1.969027
veh_000320,completed,1971.666314,8.704752,1972.000000,0.333686,9.000000,2751.000,779.000,16093.440000,0.000,225.155,23.205446,779,3.207854,1.368080
veh_000321,completed,1974.583009,2.916695,1975.000000,0.416991,3.000000,2754.000,779.000,16093.440000,0.000,224.491,22.260613,779,2.604675,1.962324
veh_000322,completed,1981.737232,7.154223,1982.000000,0.262768,7.000000,2756.000,774.000,16093.440000,0.000,219.501,21.722811,774,3.041278,1.656694
veh_000323,completed,1984.862797,3.125565,1985.000000,0.137203,3.000000,2758.000,773.000,16093.440000,0.000,218.557,24.354042,773,3.310732,1.703796
veh_000324,completed,1993.283198,8.420401,1994.000000,0.716802,9.000000,2760.000,766.000,16093.440000,0.000,211.761,21.947299,766,3.125933,1.780178
veh_000325,completed,1999.663222,6.380024,2000.000000,0.336778,6.000000,2762.000,762.000,16093.440000,0.000,207.806,23.433626,762,3.536742,1.619759
veh_000326,completed,2003.951469,4.288247,2004.000000,0.048531,4.000000,2772.000,768.000,16093.440000,0.000,214.058,21.180640,768,4.795574,1.916095
veh_000327,completed,2012.966320,9.014851,2013.000000,0.033680,9.000000,2802.000,789.000,16093.440000,0.000,234.633,20.858640,789,2.361653,1.682588
veh_000328,completed,2019.932276,6.965956,2020.000000,0.067724,7.000000,2804.000,784.000,16093.440000,0.000,230.072,22.096168,784,3.869134,2.218477
veh_000329,completed,2023.095553,3.163277,2024.000000,0.904447,4.000000,2807.000,783.000,16093.440000,0.000,228.584,24.270359,783,2.586989,1.806916
veh_000330,completed,2029.535755,6.440202,2030.000000,0.464245,6.000000,2833.000,803.000,16093.440000,0.000,248.931,19.957595,803,3.249964,2.198388
veh_000331,completed,2034.439045,4.903290,2035.000000,0.560955,5.000000,2835.000,800.000,16093.440000,0.000,246.067,25.518742,800,2.188950,1.708514
veh_000332,completed,2040.605989,6.166943,2041.000000,0.394011,6.000000,2838.000,797.000,16093.440000,0.000,242.612,22.592838,797,3.548225,1.541138
veh_000333,completed,2045.908197,5.302208,2046.000000,0.091803,5.000000,2840.000,794.000,16093.440000,0.000,239.883,23.475979,794,3.703106,1.980772
veh_000334,completed,2053.968438,8.060241,2054.000000,0.031562,8.000000,2843.000,789.000,16093.440000,0.000,234.652,20.943449,789,3.223325,1.733020
veh_000335,completed,2057.833508,3.865070,2058.000000,0.166492,4.000000,2845.000,787.000,16093.440000,0.000,233.019,24.891133,787,3.025610,2.125706
veh_000336,completed,2064.309616,6.476108,2065.000000,0.690384,7.000000,2848.000,783.000,16093.440000,0.000,228.506,22.133863,783,3.865978,2.119736
veh_000337,completed,2073.030898,8.721283,2074.000000,0.969102,9.000000,2849.000,775.000,16093.440000,0.000,221.016,23.406801,775,2.606016,1.412715
veh_000338,completed,2077.790458,4.759560,2078.000000,0.209542,4.000000,2915.000,837.000,16093.440000,0.000,282.608,18.801275,837,3.677744,2.541151
veh_000339,completed,2084.106431,6.315973,2085.000000,0.893569,7.000000,2917.000,832.000,16093.440000,0.000,277.645,26.794883,832,3.212586,1.619529
veh_000340,completed,2090.409433,6.303002,2091.000000,0.590567,6.000000,2919.000,828.000,16093.440000,0.000,273.663,24.275571,828,2.195671,1.817310
veh_000341,completed,2095.374880,4.965447,2096.000000,0.625120,5.000000,2921.000,825.000,16093.440000,0.000,270.955,20.876813,825,3.148985,1.873849
veh_000342,completed,2102.346720,6.971840,2103.000000,0.653280,7.000000,2924.000,821.000,16093.440000,0.000,266.485,21.092698,821,3.460210,1.900325
veh_000343,completed,2108.492296,6.145575,2109.000000,0.507704,6.000000,2925.000,816.000,16093.440000,0.000,262.005,22.916348,816,4.338322,1.699859
veh_000344,completed,2113.076645,4.584349,2114.000000,0.923355,5.000000,2927.000,813.000,16093.440000,0.000,259.127,20.652319,813,3.219353,1.848293
veh_000345,completed,2121.719669,8.643024,2122.000000,0.280331,8.000000,2972.000,850.000,16093.440000,0.000,295.851,19.208904,850,3.208582,2.155062
veh_000346,completed,2128.907091,7.187422,2129.000000,0.092909,7.000000,2975.000,846.000,16093.440000,0.000,291.669,22.185111,846,2.983944,2.592047
veh_000347,completed,2134.656431,5.749340,2135.000000,0.343569,6.000000,2977.000,842.000,16093.440000,0.000,287.693,25.481812,842,4.058119,1.568277
veh_000348,completed,2139.701419,5.044988,2140.000000,0.298581,5.000000,2979.000,839.000,16093.440000,0.000,284.743,23.909753,839,3.535943,2.045167
veh_000349,completed,2144.524875,4.823456,2145.000000,0.475125,5.000000,2981.000,836.000,16093.440000,0.000,282.092,23.514334,836,2.813594,1.973198
veh_000350,completed,2152.371286,7.846411,2153.000000,0.628714,8.000000,2984.000,831.000,16093.440000,0.000,276.652,21.390089,831,2.473673,2.019816
veh_000351,completed,2158.151569,5.780283,2159.000000,0.848431,6.000000,2986.000,827.000,16093.440000,0.000,273.011,26.224567,827,3.309419,2.035088
veh_000352,completed,2164.840726,6.689157,2165.000000,0.159274,6.000000,2989.000,824.000,16093.440000,0.000,269.881,20.383519,824,2.892691,2.209720
veh_000353,completed,2170.564041,5.723315,2171.000000,0.435959,6.000000,2993.000,822.000,16093.440000,0.000,268.078,20.541963,822,2.672835,1.738965
veh_000354,completed,2177.488655,6.924614,2178.000000,0.511345,7.000000,2996.000,818.000,16093.440000,0.000,263.966,19.734790,818,2.894124,2.079144
veh_000355,completed,2183.314687,5.826031,2184.000000,0.685313,6.000000,2998.000,814.000,16093.440000,0.000,259.871,23.434255,814,3.566155,1.829009
veh_000356,completed,2190.460467,7.145781,2191.000000,0.539533,7.000000,3013.000,822.000,16093.440000,0.000,267.938,20.637851,822,3.353044,2.055267
veh_000357,completed,2196.185651,5.725184,2197.000000,0.814349,6.000000,3016.000,819.000,16093.440000,0.000,264.668,22.549348,819,3.274763,1.766351
veh_000358,completed,2203.430032,7.244381,2204.000000,0.569968,7.000000,3018.000,814.000,16093.440000,0.000,259.758,24.292495,814,3.185903,2.008812
veh_000359,completed,2210.438608,7.008576,2211.000000,0.561392,7.000000,3050.000,839.000,16093.440000,0.000,284.953,18.864400,839,2.748525,2.284467
veh_000360,completed,2216.263693,5.825085,2217.000000,0.736307,6.000000,3052.000,835.000,16093.440000,0.000,281.024,20.635334,835,2.800515,1.851190
veh_000361,completed,2220.974028,4.710334,2221.000000,0.025972,4.000000,3054.000,833.000,16093.440000,0.000,279.095,23.835720,833,3.701988,1.643992
veh_000362,completed,2225.563848,4.589820,2226.000000,0.436152,5.000000,3056.000,830.000,16093.440000,0.000,275.827,22.759880,830,2.583005,1.332352
veh_000363,completed,2230.452742,4.888895,2231.000000,0.547258,5.000000,3059.000,828.000,16093.440000,0.000,273.645,22.148218,828,4.023084,2.192329
veh_000364,completed,2234.976011,4.523269,2235.000000,0.023989,4.000000,3060.000,825.000,16093.440000,0.000,271.084,22.487127,825,3.300401,1.472085
veh_000365,completed,2242.274706,7.298695,2243.000000,0.725294,8.000000,3062.000,819.000,16093.440000,0.000,264.901,20.998806,819,2.778104,1.535369
veh_000366,completed,2248.204802,5.930097,2249.000000,0.795198,6.000000,3064.000,815.000,16093.440000,0.000,260.710,23.112861,815,2.854447,1.476601
veh_000367,completed,2256.559954,8.355151,2257.000000,0.440046,8.000000,3066.000,809.000,16093.440000,0.000,254.957,24.281418,809,2.707854,1.779454
veh_000368,completed,2265.978948,9.418995,2266.000000,0.021052,9.000000,3072.000,806.000,16093.440000,0.000,251.686,20.954004,806,3.770816,1.738108
veh_000369,completed,2272.015282,6.036334,2273.000000,0.984718,7.000000,3075.000,802.000,16093.440000,0.000,247.871,20.973838,802,3.777403,1.536074
veh_000370,completed,2275.693256,3.677974,2276.000000,0.306744,3.000000,3087.000,811.000,16093.440000,0.000,256.588,19.688366,811,4.299868,2.348629
veh_000371,completed,2281.121076,5.427820,2282.000000,0.878924,6.000000,3088.000,806.000,16093.440000,0.000,251.983,22.055208,806,3.391367,1.135689
veh_000372,completed,2287.008053,5.886977,2288.000000,0.991947,6.000000,3090.000,802.000,16093.440000,0.000,248.119,24.930469,802,2.191772,1.894401
veh_000373,completed,2290.775390,3.767336,2291.000000,0.224610,3.000000,3092.000,801.000,16093.440000,0.000,246.896,20.936329,801,2.549360,1.473948
veh_000374,completed,2296.399650,5.624260,2297.000000,0.600350,6.000000,3094.000,797.000,16093.440000,0.000,243.068,21.947964,797,2.691175,2.224276
veh_000375,completed,2302.830069,6.430419,2303.000000,0.169931,6.000000,3096.000,793.000,16093.440000,0.000,239.074,25.491136,793,2.898022,1.904431
veh_000376,completed,2308.140928,5.310858,2309.000000,0.859072,6.000000,3099.000,790.000,16093.440000,0.000,235.684,20.569010,790,4.147401,2.121531
veh_000377,completed,2312.988289,4.847361,2313.000000,0.011711,4.000000,3102.000,789.000,16093.440000,0.000,234.464,21.695066,789,3.692254,2.325678
veh_000378,completed,2317.850153,4.861865,2318.000000,0.149847,5.000000,3104.000,786.000,16093.440000,0.000,231.536,22.303676,786,3.684095,1.485134
veh_000379,completed,2326.530179,8.680026,2327.000000,0.469821,9.000000,3106.000,779.000,16093.440000,0.000,224.834,22.054339,779,4.408657,1.929737
veh_000380,completed,2332.290710,5.760531,2333.000000,0.709290,6.000000,3108.000,775.000,16093.440000,0.000,221.070,21.962496,775,3.554428,2.144964
veh_000381,completed,2337.045815,4.755105,2338.000000,0.954185,5.000000,3110.000,772.000,16093.440000,0.000,217.871,25.622600,772,4.222373,1.643892
veh_000382,completed,2342.486467,5.440652,2343.000000,0.513533,5.000000,3113.000,770.000,16093.440000,0.000,215.468,23.661794,770,3.341937,1.898720
veh_000383,completed,2349.917983,7.431516,2350.000000,0.082017,7.000000,3185.000,835.000,16093.440000,0.000,280.914,18.816484,835,3.890461,1.718363
veh_000384,completed,2354.890951,4.972968,2355.000000,0.109049,5.000000,3187.000,832.000,16093.440000,0.000,277.389,23.440869,832,3.303907,1.174145
veh_000385,completed,2361.613722,6.722771,2362.000000,0.386278,7.000000,3188.000,826.000,16093.440000,0.000,271.912,22.233405,826,2.547580,1.677167
veh_000386,completed,2368.705549,7.091827,2369.000000,0.294451,7.000000,3190.000,821.000,16093.440000,0.000,266.632,25.608103,821,2.772984,1.497243
veh_000387,completed,2375.829226,7.123677,2376.000000,0.170774,7.000000,3192.000,816.000,16093.440000,0.000,261.758,26.291210,816,3.225710,1.481437
veh_000388,completed,2383.928768,8.099542,2384.000000,0.071232,8.000000,3194.000,810.000,16093.440000,0.000,255.972,23.072432,810,2.637339,2.204165
veh_000389,completed,2389.103045,5.174277,2390.000000,0.896955,6.000000,3199.000,809.000,16093.440000,0.000,254.828,22.212626,809,2.335514,1.568952
veh_000390,completed,2396.802144,7.699099,2397.000000,0.197856,7.000000,3201.000,804.000,16093.440000,0.000,249.455,23.719092,804,2.833723,1.230438
veh_000391,completed,2401.612864,4.810720,2402.000000,0.387136,5.000000,3227.000,825.000,16093.440000,0.000,270.722,19.891687,825,3.255563,1.377729
veh_000392,completed,2407.018054,5.405190,2408.000000,0.981946,6.000000,3229.000,821.000,16093.440000,0.000,266.635,23.304780,821,3.494933,1.415470
veh_000393,completed,2414.812185,7.794131,2415.000000,0.187815,7.000000,3231.000,816.000,16093.440000,0.000,261.646,23.646625,816,2.524712,1.785566
veh_000394,completed,2422.045748,7.233563,2423.000000,0.954252,8.000000,3233.000,810.000,16093.440000,0.000,255.611,22.737472,810,1.993497,1.824417
veh_000395,completed,2428.048894,6.003146,2429.000000,0.951106,6.000000,3235.000,806.000,16093.440000,0.000,251.672,20.291929,806,3.118674,1.785192
veh_000396,completed,2432.261773,4.212879,2433.000000,0.738227,4.000000,3237.000,804.000,16093.440000,0.000,249.473,24.251502,804,3.390824,1.626041
veh_000397,completed,2439.104263,6.842490,2440.000000,0.895737,7.000000,3239.000,799.000,16093.440000,0.000,244.927,21.978259,799,2.837793,2.338040
veh_000398,completed,2444.158704,5.054441,2445.000000,0.841296,5.000000,3242.000,797.000,16093.440000,0.000,243.144,21.205929,797,3.084409,1.923263
veh_000399,completed,2448.772877,4.614173,2449.000000,0.227123,4.000000,3245.000,796.000,16093.440000,0.000,241.481,23.278339,796,2.462845,1.903892
veh_000400,completed,2453.800675,5.027799,2454.000000,0.199325,5.000000,3253.000,799.000,16093.440000,0.000,245.011,20.456651,799,2.913257,1.802182
veh_000401,completed,2460.170417,6.369741,2461.000000,0.829583,7.000000,3257.000,796.000,16093.440000,0.000,242.070,24.501739,796,1.786539,2.300925
veh_000402,completed,2462.988868,2.818452,2463.000000,0.011132,2.000000,3262.000,799.000,16093.440000,0.000,244.458,22.229163,799,2.064417,1.883146
veh_000403,completed,2469.530013,6.541145,2470.000000,0.469987,7.000000,3264.000,794.000,16093.440000,0.000,239.804,20.355845,794,4.417364,1.944850
veh_000404,completed,2475.790878,6.260864,2476.000000,0.209122,6.000000,3266.000,790.000,16093.440000,0.000,235.593,23.034935,790,2.611974,1.551111
veh_000405,completed,2480.914088,5.123210,2481.000000,0.085912,5.000000,3268.000,787.000,16093.440000,0.000,232.707,24.835037,787,3.401977,1.692926
veh_000406,completed,2488.469479,7.555391,2489.000000,0.530521,8.000000,3309.000,820.000,16093.440000,0.000,265.662,19.195075,820,3.373210,2.039544
veh_000407,completed,2495.386640,6.917161,2496.000000,0.613360,7.000000,3312.000,816.000,16093.440000,0.000,261.707,20.311866,816,2.510008,1.880360
veh_000408,completed,2500.477213,5.090574,2501.000000,0.522787,5.000000,3314.000,813.000,16093.440000,0.000,258.919,23.814031,813,3.254976,2.115993
veh_000409,completed,2505.472188,4.994975,2506.000000,0.527812,5.000000,3316.000,810.000,16093.440000,0.000,256.017,24.475281,810,4.234941,1.764495
veh_000410,completed,2512.514916,7.042727,2513.000000,0.485084,7.000000,3318.000,805.000,16093.440000,0.000,250.662,21.962515,805,1.532131,1.108330
veh_000411,completed,2516.240805,3.725890,2517.000000,0.759195,4.000000,3320.000,803.000,16093.440000,0.000,248.712,24.088685,803,2.534526,1.585386
veh_000412,completed,2521.741872,5.501066,2522.000000,0.258128,5.000000,3376.000,854.000,16093.440000,0.000,299.955,19.877559,854,2.598521,1.515630
veh_000413,completed,2526.795302,5.053430,2527.000000,0.204698,5.000000,3378.000,851.000,16093.440000,0.000,296.843,24.276930,851,2.932043,1.812004
veh_000414,completed,2532.900118,6.104816,2533.000000,0.099882,6.000000,3404.000,871.000,16093.440000,0.000,316.896,19.014506,871,3.888809,1.746187
veh_000415,completed,2539.216808,6.316690,2540.000000,0.783192,7.000000,3406.000,866.000,16093.440000,0.000,312.049,23.266381,866,2.896327,1.843527
veh_000416,completed,2545.271990,6.055182,2546.000000,0.728010,6.000000,3408.000,862.000,16093.440000,0.000,307.892,25.329007,862,2.741659,1.664303
veh_000417,completed,2552.974262,7.702272,2553.000000,0.025738,7.000000,3410.000,857.000,16093.440000,0.000,302.637,22.136597,857,2.933553,1.445303
veh_000418,completed,2559.316356,6.342095,2560.000000,0.683644,7.000000,3412.000,852.000,16093.440000,0.000,297.690,24.031995,852,3.339184,1.599695
veh_000419,completed,2564.843868,5.527512,2565.000000,0.156132,5.000000,3414.000,849.000,16093.440000,0.000,294.966,24.385815,849,1.898171,2.399166
veh_000420,completed,2569.027586,4.183718,2570.000000,0.972414,5.000000,3416.000,846.000,16093.440000,0.000,292.084,21.977937,846,2.669132,1.782674
veh_000421,completed,2576.110360,7.082775,2577.000000,0.889640,7.000000,3418.000,841.000,16093.440000,0.000,286.956,24.159460,841,3.246386,1.565101
veh_000422,completed,2582.902580,6.792220,2583.000000,0.097420,6.000000,3424.000,841.000,16093.440000,0.000,286.709,19.405898,841,2.860256,1.967649
veh_000423,completed,2591.078794,8.176214,2592.000000,0.921206,9.000000,3426.000,834.000,16093.440000,0.000,279.696,26.458353,834,3.416968,1.854949
veh_000424,completed,2595.957612,4.878818,2596.000000,0.042388,4.000000,3428.000,832.000,16093.440000,0.000,277.540,22.854883,832,4.337083,1.268607
veh_000425,completed,2601.997239,6.039627,2602.000000,0.002761,6.000000,3429.000,827.000,16093.440000,0.000,273.007,26.157017,827,2.795474,1.244663
veh_000426,completed,2607.909200,5.911961,2608.000000,0.090800,6.000000,3442.000,834.000,16093.440000,0.000,279.657,19.494916,834,3.169307,1.405750
veh_000427,completed,2613.777784,5.868584,2614.000000,0.222216,6.000000,3444.000,830.000,16093.440000,0.000,275.834,20.479419,830,3.980722,1.951067
veh_000428,completed,2619.793369,6.015585,2620.000000,0.206631,6.000000,3446.000,826.000,16093.440000,0.000,271.556,25.423327,826,3.707580,1.387394
veh_000429,completed,2623.221560,3.428191,2624.000000,0.778440,4.000000,3448.000,824.000,16093.440000,0.000,269.392,23.488419,824,3.213676,1.569591
veh_000430,completed,2630.459038,7.237478,2631.000000,0.540962,7.000000,3451.000,820.000,16093.440000,0.000,265.715,20.210811,820,2.120685,1.794406
veh_000431,completed,2637.438847,6.979809,2638.000000,0.561153,7.000000,3454.000,816.000,16093.440000,0.000,261.446,20.930868,816,3.258654,1.348345
veh_000432,completed,2645.134557,7.695710,2646.000000,0.865443,8.000000,3458.000,812.000,16093.440000,0.000,257.878,20.684837,812,1.863173,1.661679
veh_000433,completed,2654.508919,9.374362,2655.000000,0.491081,9.000000,3460.000,805.000,16093.440000,0.000,251.037,24.747195,805,2.429411,1.868163
veh_000434,completed,2660.030468,5.521549,2661.000000,0.969532,6.000000,3468.000,807.000,16093.440000,0.000,252.978,21.054248,807,2.355500,1.763392
veh_000435,completed,2665.976253,5.945785,2666.000000,0.023747,5.000000,3470.000,804.000,16093.440000,0.000,250.026,22.474049,804,1.403007,1.844539
veh_000436,completed,2671.990929,6.014675,2672.000000,0.009071,6.000000,3472.000,800.000,16093.440000,0.000,245.924,24.712189,800,3.342177,1.287969
veh_000437,completed,2680.904207,8.913278,2681.000000,0.095793,9.000000,3474.000,793.000,16093.440000,0.000,238.784,20.497502,793,2.312333,1.389213
veh_000438,completed,2684.307377,3.403170,2685.000000,0.692623,4.000000,3476.000,791.000,16093.440000,0.000,236.595,21.221689,791,3.422136,1.413288
veh_000439,completed,2691.036029,6.728652,2692.000000,0.963971,7.000000,3499.000,807.000,16093.440000,0.000,252.473,20.862920,807,3.258927,1.493753
veh_000440,completed,2694.829782,3.793753,2695.000000,0.170218,3.000000,3501.000,806.000,16093.440000,0.000,251.504,25.127328,806,3.206791,1.683247
veh_000441,completed,2696.957426,2.127644,2697.000000,0.042574,2.000000,3503.000,806.000,16093.440000,0.000,252.013,21.263018,806,3.322638,1.922898
veh_000442,completed,2699.926177,2.968751,2700.000000,0.073823,3.000000,3505.000,805.000,16093.440000,0.000,250.554,24.696863,805,3.441080,1.557701
veh_000443,completed,2703.853524,3.927347,2704.000000,0.146476,4.000000,3507.000,803.000,16093.440000,0.000,248.710,24.043239,803,3.367562,2.163355
veh_000444,completed,2711.457062,7.603538,2712.000000,0.542938,8.000000,3510.000,798.000,16093.440000,0.000,243.461,23.336996,798,3.030012,2.504214
veh_000445,completed,2716.154521,4.697459,2717.000000,0.845479,5.000000,3512.000,795.000,16093.440000,0.000,240.591,24.288365,795,3.413736,1.863658
veh_000446,completed,2721.813335,5.658814,2722.000000,0.186665,5.000000,3514.000,792.000,16093.440000,0.000,237.626,24.032203,792,3.567023,1.909673
veh_000447,completed,2726.068066,4.254731,2727.000000,0.931934,5.000000,3516.000,789.000,16093.440000,0.000,234.742,21.329095,789,2.397583,1.715329
veh_000448,completed,2732.984491,6.916426,2733.000000,0.015509,6.000000,3518.000,785.000,16093.440000,0.000,230.335,24.271990,785,3.826366,1.146231
veh_000449,completed,2737.331549,4.347058,2738.000000,0.668451,5.000000,3520.000,782.000,16093.440000,0.000,227.679,23.635996,782,3.110793,1.960846
veh_000450,completed,2745.308027,7.976478,2746.000000,0.691973,8.000000,3524.000,778.000,16093.440000,0.000,223.732,22.429341,778,3.993737,2.128556
veh_000451,completed,2749.818369,4.510342,2750.000000,0.181631,4.000000,3526.000,776.000,16093.440000,0.000,221.823,22.661584,776,3.268050,1.814212
veh_000452,completed,2754.671128,4.852759,2755.000000,0.328872,5.000000,3529.000,774.000,16093.440000,0.000,219.372,21.810806,774,2.000453,2.023291
veh_000453,completed,2760.855240,6.184112,2761.000000,0.144760,6.000000,3530.000,769.000,16093.440000,0.000,214.915,22.034632,769,3.086673,1.268124
veh_000454,completed,2766.892307,6.037067,2767.000000,0.107693,6.000000,3648.000,881.000,16093.440000,0.000,326.742,17.896786,881,4.722104,2.050259
veh_000455,completed,2775.029342,8.137035,2776.000000,0.970658,9.000000,3651.000,875.000,16093.440000,0.000,320.912,20.208881,875,1.655345,1.755632
veh_000456,completed,2781.209953,6.180611,2782.000000,0.790047,6.000000,3653.000,871.000,16093.440000,0.000,316.869,24.719915,871,3.876503,1.693265
veh_000457,completed,2785.398201,4.188249,2786.000000,0.601799,4.000000,3655.000,869.000,16093.440000,0.000,315.126,23.258166,869,3.869616,1.754259
veh_000458,completed,2790.557698,5.159497,2791.000000,0.442302,5.000000,3658.000,867.000,16093.440000,0.000,312.617,23.192747,867,2.717590,2.142235
veh_000459,completed,2795.698522,5.140824,2796.000000,0.301478,5.000000,3665.000,869.000,16093.440000,0.000,314.935,20.934756,869,2.917979,2.086783
veh_000460,completed,2802.786086,7.087563,2803.000000,0.213914,7.000000,3667.000,864.000,16093.440000,0.000,309.794,22.874938,864,2.163491,1.684550
veh_000461,completed,2809.361775,6.575690,2810.000000,0.638225,7.000000,3669.000,859.000,16093.440000,0.000,304.759,22.921348,859,3.802338,1.724661
veh_000462,completed,2815.182689,5.820913,2816.000000,0.817311,6.000000,3676.000,860.000,16093.440000,0.000,305.594,21.087318,860,3.083654,1.935152
veh_000463,completed,2822.487100,7.304411,2823.000000,0.512900,7.000000,3678.000,855.000,16093.440000,0.000,300.484,18.775220,855,3.540743,1.575247
veh_000464,completed,2827.694355,5.207255,2828.000000,0.305645,5.000000,3680.000,852.000,16093.440000,0.000,297.890,20.498214,852,2.313506,1.955867
veh_000465,completed,2833.490004,5.795649,2834.000000,0.509996,6.000000,3682.000,848.000,16093.440000,0.000,294.009,23.270481,848,3.838211,1.935464
veh_000466,completed,2839.761145,6.271141,2840.000000,0.238855,6.000000,3684.000,844.000,16093.440000,0.000,289.740,24.033098,844,2.417246,1.348566
veh_000467,completed,2848.053417,8.292272,2849.000000,0.946583,9.000000,3686.000,837.000,16093.440000,0.000,283.106,22.179344,837,2.716116,1.942264
veh_000468,completed,2853.905617,5.852200,2854.000000,0.094383,5.000000,3688.000,834.000,16093.440000,0.000,279.662,23.605940,834,2.644174,1.254583
veh_000469,completed,2859.379419,5.473802,2860.000000,0.620581,6.000000,3724.000,864.000,16093.440000,0.000,310.077,18.489946,864,3.666629,2.092476
veh_000470,completed,2863.810663,4.431244,2864.000000,0.189337,4.000000,3741.000,877.000,16093.440000,0.000,322.873,18.605223,877,4.067879,1.815460
veh_000471,completed,2870.839741,7.029078,2871.000000,0.160259,7.000000,3743.000,872.000,16093.440000,0.000,317.864,23.491464,872,3.418041,1.625370
veh_000472,completed,2875.958273,5.118532,2876.000000,0.041727,5.000000,3746.000,870.000,16093.440000,0.000,315.711,20.115884,870,2.710057,2.472659
veh_000473,completed,2882.473801,6.515528,2883.000000,0.526199,7.000000,3748.000,865.000,16093.440000,0.000,310.854,26.624080,865,2.831303,2.059712
veh_000474,completed,2885.621386,3.147585,2886.000000,0.378614,3.000000,3750.000,864.000,16093.440000,0.000,309.396,22.270565,864,2.894366,1.313492
veh_000475,completed,2893.186166,7.564780,2894.000000,0.813834,8.000000,3752.000,858.000,16093.440000,0.000,303.925,19.228883,858,2.730541,2.262599
veh_000476,completed,2897.188260,4.002093,2898.000000,0.811740,4.000000,3754.000,856.000,16093.440000,0.000,301.722,24.139619,856,1.867355,1.768777
veh_000477,completed,2902.022246,4.833986,2903.000000,0.977754,5.000000,3760.000,857.000,16093.440000,0.000,302.534,19.519748,857,2.153509,2.305702
veh_000478,completed,2909.610118,7.587872,2910.000000,0.389882,7.000000,3762.000,852.000,16093.440000,0.000,297.706,23.739683,852,2.838949,1.928819
veh_000479,completed,2913.608412,3.998294,2914.000000,0.391588,4.000000,3764.000,850.000,16093.440000,0.000,295.595,20.795771,850,3.211222,1.372578
veh_000480,completed,2919.489229,5.880817,2920.000000,0.510771,6.000000,3780.000,860.000,16093.440000,0.000,305.552,18.547765,860,2.921492,2.257169
veh_000481,completed,2925.600613,6.111384,2926.000000,0.399387,6.000000,3782.000,856.000,16093.440000,0.000,301.917,26.160085,856,3.012259,2.345977
veh_000482,completed,2930.102778,4.502165,2931.000000,0.897222,5.000000,3788.000,857.000,16093.440000,0.000,303.077,20.576530,857,4.349017,1.391154
veh_000483,completed,2938.117178,8.014400,2939.000000,0.882822,8.000000,3791.000,852.000,16093.440000,0.000,297.466,23.115864,852,3.473771,2.107318
veh_000484,completed,2946.365345,8.248167,2947.000000,0.634655,8.000000,3793.000,846.000,16093.440000,0.000,291.941,23.090478,846,1.749235,1.922112
veh_000485,completed,2949.407919,3.042574,2950.000000,0.592081,3.000000,3800.000,850.000,16093.440000,0.000,295.529,20.404586,850,1.018964,1.947389
veh_000486,completed,2953.234433,3.826515,2954.000000,0.765567,4.000000,3802.000,848.000,16093.440000,0.000,293.957,19.830337,848,3.949233,1.881537
veh_000487,completed,2960.446782,7.212348,2961.000000,0.553218,7.000000,3805.000,844.000,16093.440000,0.000,289.666,23.779981,844,3.881786,2.404325
veh_000488,completed,2964.492246,4.045464,2965.000000,0.507754,4.000000,3807.000,842.000,16093.440000,0.000,287.457,26.001218,842,3.306279,1.300731
veh_000489,completed,2969.909290,5.417044,2970.000000,0.090710,5.000000,3809.000,839.000,16093.440000,0.000,284.520,24.602941,839,3.510586,1.853555
veh_000490,completed,2976.103618,6.194328,2977.000000,0.896382,7.000000,3811.000,834.000,16093.440000,0.000,279.430,21.821397,834,4.579700,1.517306
veh_000491,completed,2983.141393,7.037775,2984.000000,0.858607,7.000000,3813.000,829.000,16093.440000,0.000,274.449,21.906533,829,3.754569,1.844569
veh_000492,completed,2988.806514,5.665121,2989.000000,0.193486,5.000000,3815.000,826.000,16093.440000,0.000,271.713,23.900286,826,2.410391,2.250317
veh_000493,completed,2994.949345,6.142831,2995.000000,0.050655,6.000000,3817.000,822.000,16093.440000,0.000,268.102,23.390660,822,3.877040,2.002320
veh_000494,completed,2999.784246,4.834901,3000.000000,0.215754,5.000000,3879.000,879.000,16093.440000,0.000,324.697,18.717375,879,3.046290,1.922357
veh_000495,completed,3007.722788,7.938542,3008.000000,0.277212,8.000000,3881.000,873.000,16093.440000,0.000,318.611,24.068357,873,3.407973,1.383458
veh_000496,completed,3012.979818,5.257029,3013.000000,0.020182,5.000000,3883.000,870.000,16093.440000,0.000,315.889,23.501383,870,1.723144,2.121168
veh_000497,completed,3019.489417,6.509599,3020.000000,0.510583,7.000000,3902.000,882.000,16093.440000,0.000,328.084,18.866204,882,3.371205,2.058580
veh_000498,completed,3024.721960,5.232543,3025.000000,0.278040,5.000000,3905.000,880.000,16093.440000,0.000,325.637,22.028217,880,3.201397,2.261598
veh_000499,completed,3030.881445,6.159485,3031.000000,0.118555,6.000000,3917.000,886.000,16093.440000,0.000,331.657,19.693713,886,3.921604,1.676149
veh_000500,completed,3036.629200,5.747755,3037.000000,0.370800,6.000000,3919.000,882.000,16093.440000,0.000,328.141,24.123636,882,3.546391,2.174463
veh_000501,completed,3042.385504,5.756304,3043.000000,0.614496,6.000000,3921.000,878.000,16093.440000,0.000,323.873,23.436520,878,2.181570,1.286717
veh_000502,completed,3046.864833,4.479329,3047.000000,0.135167,4.000000,3923.000,876.000,16093.440000,0.000,322.049,22.335356,876,2.947718,1.814267
veh_000503,completed,3054.059452,7.194619,3055.000000,0.940548,8.000000,3925.000,870.000,16093.440000,0.000,316.120,21.840067,870,3.507878,1.657068
veh_000504,completed,3062.180516,8.121064,3063.000000,0.819484,8.000000,3927.000,864.000,16093.440000,0.000,310.090,22.373758,864,2.961797,1.760274
veh_000505,completed,3068.545238,6.364722,3069.000000,0.454762,6.000000,3930.000,861.000,16093.440000,0.000,306.698,22.760987,861,3.433860,2.034820
veh_000506,completed,3075.643741,7.098503,3076.000000,0.356259,7.000000,3932.000,856.000,16093.440000,0.000,301.843,21.438755,856,2.350617,2.046599
veh_000507,completed,3082.900842,7.257102,3083.000000,0.099158,7.000000,3934.000,851.000,16093.440000,0.000,296.949,24.109716,851,3.202905,2.044482
veh_000508,completed,3090.292821,7.391979,3091.000000,0.707179,8.000000,3937.000,846.000,16093.440000,0.000,291.912,20.970827,846,3.210766,1.741226
veh_000509,completed,3096.747856,6.455035,3097.000000,0.252144,6.000000,3939.000,842.000,16093.440000,0.000,287.649,22.534773,842,3.206966,1.490076
veh_000510,completed,3103.066242,6.318386,3104.000000,0.933758,7.000000,3941.000,837.000,16093.440000,0.000,282.568,21.281686,837,4.687822,1.460444
veh_000511,completed,3110.362253,7.296011,3111.000000,0.637747,7.000000,3943.000,832.000,16093.440000,0.000,277.762,22.032160,832,2.702416,1.850107
veh_000512,completed,3116.465502,6.103248,3117.000000,0.534498,6.000000,3945.000,828.000,16093.440000,0.000,273.725,23.383125,828,1.898615,1.836616
veh_000513,completed,3121.004624,4.539122,3122.000000,0.995376,5.000000,4040.000,918.000,16093.440000,0.000,364.080,18.235991,918,1.850843,1.902464
veh_000514,completed,3127.040396,6.035773,3128.000000,0.959604,6.000000,4043.000,915.000,16093.440000,0.000,360.857,18.369459,915,3.627410,1.929067
veh_000515,completed,3130.207773,3.167377,3131.000000,0.792227,3.000000,4045.000,914.000,16093.440000,0.000,359.810,24.764868,914,3.547690,2.084261
veh_000516,completed,3136.198923,5.991150,3137.000000,0.801077,6.000000,4049.000,912.000,16093.440000,0.000,357.619,20.885712,912,3.565357,2.019366
veh_000517,completed,3142.818982,6.620059,3143.000000,0.181018,6.000000,4051.000,908.000,16093.440000,0.000,354.109,19.894032,908,3.325104,2.212677
veh_000518,completed,3150.672953,7.853971,3151.000000,0.327047,8.000000,4054.000,903.000,16093.440000,0.000,348.632,20.769598,903,3.824468,2.158005
veh_000519,completed,3156.899869,6.226916,3157.000000,0.100131,6.000000,4056.000,899.000,16093.440000,0.000,344.909,20.515517,899,3.554042,1.539273
veh_000520,completed,3164.292078,7.392210,3165.000000,0.707922,8.000000,4058.000,893.000,16093.440000,0.000,338.858,25.432247,893,2.840541,1.648464
veh_000521,completed,3170.291272,5.999194,3171.000000,0.708728,6.000000,4060.000,889.000,16093.440000,0.000,335.029,26.013792,889,1.854001,2.240582
veh_000522,completed,3174.756058,4.464785,3175.000000,0.243942,4.000000,4063.000,888.000,16093.440000,0.000,333.761,23.009698,888,3.044735,2.340850
veh_000523,completed,3178.638988,3.882930,3179.000000,0.361012,4.000000,4065.000,886.000,16093.440000,0.000,331.966,20.256291,886,3.318253,1.671301
veh_000524,completed,3183.184386,4.545398,3184.000000,0.815614,5.000000,4067.000,883.000,16093.440000,0.000,328.880,24.248012,883,2.997771,1.750382
veh_000525,completed,3187.135165,3.950778,3188.000000,0.864835,4.000000,4069.000,881.000,16093.440000,0.000,326.942,20.784711,881,2.415293,1.765508
veh_000526,completed,3194.085727,6.950562,3195.000000,0.914273,7.000000,4072.000,877.000,16093.440000,0.000,322.690,20.933347,877,2.690267,2.037753
veh_000527,completed,3199.774305,5.688578,3200.000000,0.225695,5.000000,4074.000,874.000,16093.440000,0.000,320.058,26.682463,874,3.736054,2.374435
veh_000528,completed,3206.629777,6.855472,3207.000000,0.370223,7.000000,4077.000,870.000,16093.440000,0.000,315.835,22.112414,870,3.350796,1.221707
veh_000529,completed,3212.739924,6.110147,3213.000000,0.260076,6.000000,4079.000,866.000,16093.440000,0.000,311.595,20.832986,866,3.128091,1.548434
veh_000530,completed,3220.305998,7.566074,3221.000000,0.694002,8.000000,4081.000,860.000,16093.440000,0.000,305.675,23.697699,860,3.267313,1.742050
veh_000531,completed,3227.896288,7.590289,3228.000000,0.103712,7.000000,4082.000,854.000,16093.440000,0.000,300.025,26.375864,854,3.366137,1.463819
veh_000532,completed,3232.928281,5.031993,3233.000000,0.071719,5.000000,4091.000,858.000,16093.440000,0.000,303.532,18.901481,858,2.268940,2.518453
veh_000533,completed,3238.516807,5.588526,3239.000000,0.483193,6.000000,4093.000,854.000,16093.440000,0.000,299.873,21.602898,854,3.110307,2.484393
veh_000534,completed,3243.717564,5.200757,3244.000000,0.282436,5.000000,4095.000,851.000,16093.440000,0.000,296.925,23.266757,851,2.639868,1.921199
veh_000535,completed,3247.285596,3.568032,3248.000000,0.714404,4.000000,4103.000,855.000,16093.440000,0.000,301.151,19.921881,855,3.344135,1.868563
veh_000536,completed,3254.298421,7.012826,3255.000000,0.701579,7.000000,4108.000,853.000,16093.440000,0.000,298.838,21.802861,853,3.385226,1.738543
veh_000537,completed,3262.081613,7.783192,3263.000000,0.918387,8.000000,4122.000,859.000,16093.440000,0.000,304.835,19.514100,859,2.822481,2.003787
veh_000538,completed,3268.071971,5.990357,3269.000000,0.928029,6.000000,4124.000,855.000,16093.440000,0.000,300.835,23.430932,855,2.764224,1.830498
veh_000539,completed,3273.332183,5.260212,3274.000000,0.667817,5.000000,4126.000,852.000,16093.440000,0.000,298.060,25.227183,852,3.269486,2.154809
veh_000540,completed,3280.968540,7.636358,3281.000000,0.031460,7.000000,4128.000,847.000,16093.440000,0.000,293.115,22.606961,847,3.620784,1.769265
veh_000541,completed,3283.451097,2.482557,3284.000000,0.548903,3.000000,4130.000,846.000,16093.440000,0.000,291.815,21.168205,846,3.737425,1.337425
veh_000542,completed,3289.717309,6.266213,3290.000000,0.282691,6.000000,4133.000,843.000,16093.440000,0.000,288.947,19.780070,843,2.118470,1.890839
veh_000543,completed,3295.932235,6.214926,3296.000000,0.067765,6.000000,4135.000,839.000,16093.440000,0.000,284.769,25.248902,839,3.871116,1.476620
veh_000544,completed,3301.075950,5.143714,3302.000000,0.924050,6.000000,4137.000,835.000,16093.440000,0.000,280.796,22.383830,835,2.864591,1.878729
veh_000545,completed,3309.163312,8.087362,3310.000000,0.836688,8.000000,4139.000,829.000,16093.440000,0.000,275.047,25.299608,829,3.075332,2.043998
veh_000546,completed,3316.619415,7.456103,3317.000000,0.380585,7.000000,4149.000,832.000,16093.440000,0.000,277.797,20.669559,832,3.437680,1.965068
veh_000547,completed,3322.227679,5.608264,3323.000000,0.772321,6.000000,4162.000,839.000,16093.440000,0.000,284.511,20.190276,839,3.307537,1.455222
veh_000548,completed,3328.097635,5.869956,3329.000000,0.902365,6.000000,4163.000,834.000,16093.440000,0.000,280.089,22.137595,834,2.975419,1.386515
veh_000549,completed,3333.515599,5.417964,3334.000000,0.484401,5.000000,4171.000,837.000,16093.440000,0.000,282.487,22.876034,837,3.311582,1.812296
veh_000550,completed,3338.747419,5.231820,3339.000000,0.252581,5.000000,4172.000,833.000,16093.440000,0.000,278.916,24.761277,833,2.577540,1.354888
veh_000551,completed,3342.785119,4.037700,3343.000000,0.214881,4.000000,4174.000,831.000,16093.440000,0.000,277.087,23.585859,831,4.335506,1.910141
veh_000552,completed,3350.855042,8.069923,3351.000000,0.144958,8.000000,4177.000,826.000,16093.440000,0.000,271.805,22.024158,826,2.301380,2.119913
veh_000553,completed,3358.397042,7.542000,3359.000000,0.602958,8.000000,4181.000,822.000,16093.440000,0.000,267.846,20.365002,822,2.068398,2.005709
veh_000554,completed,3365.594292,7.197249,3366.000000,0.405708,7.000000,4184.000,818.000,16093.440000,0.000,263.899,20.489363,818,3.366892,1.958358
veh_000555,completed,3369.952788,4.358496,3370.000000,0.047212,4.000000,4186.000,816.000,16093.440000,0.000,261.641,23.756229,816,3.857443,1.578930
veh_000556,completed,3379.074055,9.121268,3380.000000,0.925945,10.000000,4188.000,808.000,16093.440000,0.000,253.912,23.255458,808,2.138102,2.016296
veh_000557,completed,3388.044303,8.970248,3389.000000,0.955697,9.000000,4192.000,803.000,16093.440000,0.000,248.490,22.298171,803,1.843960,1.902116
veh_000558,completed,3394.326389,6.282086,3395.000000,0.673611,6.000000,4193.000,798.000,16093.440000,0.000,244.112,23.315970,798,3.660330,1.684385
veh_000559,completed,3398.970058,4.643669,3399.000000,0.029942,4.000000,4195.000,796.000,16093.440000,0.000,242.104,25.840554,796,3.732249,1.656630
veh_000560,completed,3403.670413,4.700355,3404.000000,0.329587,5.000000,4197.000,793.000,16093.440000,0.000,239.054,24.676621,793,2.060444,1.933888
veh_000561,completed,3410.298236,6.627823,3411.000000,0.701764,7.000000,4201.000,790.000,16093.440000,0.000,235.818,21.138731,790,4.269748,1.682828
veh_000562,completed,3414.928715,4.630479,3415.000000,0.071285,4.000000,4203.000,788.000,16093.440000,0.000,234.086,25.460015,788,1.405075,2.112115
veh_000563,completed,3420.877398,5.948684,3421.000000,0.122602,6.000000,4238.000,817.000,16093.440000,0.000,262.783,19.667684,817,4.768063,1.998508
veh_000564,completed,3428.510366,7.632967,3429.000000,0.489634,8.000000,4240.000,811.000,16093.440000,0.000,256.876,22.548482,811,3.452332,1.931542
veh_000565,completed,3432.250130,3.739764,3433.000000,0.749870,4.000000,4242.000,809.000,16093.440000,0.000,255.048,21.797537,809,2.713516,1.768884
veh_000566,completed,3441.258723,9.008593,3442.000000,0.741277,9.000000,4245.000,803.000,16093.440000,0.000,248.581,22.516508,803,3.358792,2.072488
veh_000567,completed,3449.608786,8.350063,3450.000000,0.391214,8.000000,4247.000,797.000,16093.440000,0.000,242.531,23.389574,797,3.128739,1.663584
veh_000568,completed,3453.753157,4.144371,3454.000000,0.246843,4.000000,4249.000,795.000,16093.440000,0.000,240.749,22.858097,795,3.861553,1.978934
veh_000569,completed,3457.632695,3.879538,3458.000000,0.367305,4.000000,4251.000,793.000,16093.440000,0.000,238.885,23.709466,793,3.728111,2.163997
veh_000570,completed,3463.207562,5.574867,3464.000000,0.792438,6.000000,4285.000,821.000,16093.440000,0.000,266.677,19.162841,821,2.447943,2.044543
veh_000571,completed,3467.660847,4.453285,3468.000000,0.339153,4.000000,4287.000,819.000,16093.440000,0.000,264.776,25.675134,819,2.640542,1.974820
veh_000572,completed,3473.265266,5.604419,3474.000000,0.734734,6.000000,4288.000,814.000,16093.440000,0.000,260.108,21.518079,814,2.609870,1.479096
veh_000573,completed,3475.393487,2.128221,3476.000000,0.606513,2.000000,4291.000,815.000,16093.440000,0.000,260.606,22.794131,815,3.622921,1.911063
veh_000574,completed,3481.050434,5.656947,3482.000000,0.949566,6.000000,4293.000,811.000,16093.440000,0.000,256.784,25.272686,811,1.845721,1.893146
veh_000575,completed,3489.754719,8.704285,3490.000000,0.245281,8.000000,4294.000,804.000,16093.440000,0.000,250.122,21.418366,804,3.357118,1.201061
veh_000576,completed,3494.079827,4.325108,3495.000000,0.920173,5.000000,4296.000,801.000,16093.440000,0.000,247.135,20.804437,801,2.730955,1.963155
veh_000577,completed,3499.670223,5.590397,3500.000000,0.329777,5.000000,4384.000,884.000,16093.440000,0.000,330.076,18.952588,884,3.839139,1.997355
veh_000578,completed,3503.435810,3.765586,3504.000000,0.564190,4.000000,4387.000,883.000,16093.440000,0.000,328.555,24.427871,883,2.771213,2.029863
veh_000579,completed,3510.393166,6.957356,3511.000000,0.606834,7.000000,4388.000,877.000,16093.440000,0.000,323.041,22.501250,877,2.262957,1.878201
veh_000580,completed,3516.055187,5.662021,3517.000000,0.944813,6.000000,4391.000,874.000,16093.440000,0.000,319.480,22.886572,874,3.052837,1.997391
veh_000581,completed,3524.966287,8.911100,3525.000000,0.033713,8.000000,4393.000,868.000,16093.440000,0.000,313.676,23.951345,868,2.667594,1.821922
veh_000582,completed,3531.276546,6.310259,3532.000000,0.723454,7.000000,4395.000,863.000,16093.440000,0.000,308.566,21.092446,863,1.644305,1.791999
veh_000583,completed,3536.718276,5.441730,3537.000000,0.281724,5.000000,4400.000,863.000,16093.440000,0.000,308.782,18.625582,863,3.157204,1.754820
veh_000584,completed,3543.543685,6.825409,3544.000000,0.456315,7.000000,4402.000,858.000,16093.440000,0.000,303.865,22.938499,858,2.572850,1.960113
veh_000585,completed,3548.784343,5.240658,3549.000000,0.215657,5.000000,4404.000,855.000,16093.440000,0.000,301.123,24.000626,855,4.029638,1.917544
veh_000586,completed,3552.775380,3.991038,3553.000000,0.224620,4.000000,4408.000,855.000,16093.440000,0.000,300.984,21.422093,855,2.637947,1.947619
veh_000587,completed,3559.228302,6.452922,3560.000000,0.771698,7.000000,4410.000,850.000,16093.440000,0.000,296.062,23.904787,850,3.117917,1.701208
veh_000588,completed,3564.965999,5.737697,3565.000000,0.034001,5.000000,4412.000,847.000,16093.440000,0.000,293.025,21.885411,847,1.660414,1.536442
veh_000589,completed,3571.215471,6.249473,3572.000000,0.784529,7.000000,4415.000,843.000,16093.440000,0.000,288.577,22.364412,843,2.300166,2.352815
veh_000590,completed,3577.778657,6.563186,3578.000000,0.221343,6.000000,4417.000,839.000,16093.440000,0.000,284.758,25.126952,839,3.741398,1.845619
veh_000591,completed,3583.013178,5.234520,3584.000000,0.986822,6.000000,4419.000,835.000,16093.440000,0.000,281.121,22.868720,835,3.479889,1.861658
veh_000592,completed,3589.645543,6.632365,3590.000000,0.354457,6.000000,4421.000,831.000,16093.440000,0.000,276.827,24.538442,831,2.111259,1.451423
veh_000593,completed,3598.252087,8.606545,3599.000000,0.747913,9.000000,4424.000,825.000,16093.440000,0.000,270.712,19.881608,825,3.320164,1.804738
veh_000594,completed,3602.590388,4.338301,3603.000000,0.409612,4.000000,4426.000,823.000,16093.440000,0.000,268.375,24.819906,823,3.200455,1.366662
veh_000595,completed,3611.196526,8.606138,3612.000000,0.803474,9.000000,4514.000,902.000,16093.440000,0.000,347.766,18.514742,902,3.052228,2.056987
veh_000596,completed,3616.832321,5.635795,3617.000000,0.167679,5.000000,4516.000,899.000,16093.440000,0.000,344.694,24.607035,899,1.610993,1.871093
veh_000597,completed,3621.682381,4.850060,3622.000000,0.317619,5.000000,4518.000,896.000,16093.440000,0.000,341.693,24.006517,896,1.889285,1.769656
veh_000598,completed,3631.323212,9.640831,3632.000000,0.676788,10.000000,4519.000,887.000,16093.440000,0.000,333.100,21.789356,887,3.260384,1.316610
veh_000599,completed,3637.555745,6.232532,3638.000000,0.444255,6.000000,4521.000,883.000,16093.440000,0.000,329.132,24.611591,883,2.287813,1.408436
veh_000600,completed,3645.611349,8.055605,3646.000000,0.388651,8.000000,4523.000,877.000,16093.440000,0.000,323.107,24.409987,877,2.967683,1.809236
veh_000601,completed,3652.837741,7.226391,3653.000000,0.162259,7.000000,4526.000,873.000,16093.440000,0.000,318.475,24.490149,873,2.557003,1.887844
veh_000602,completed,3656.316848,3.479108,3657.000000,0.683152,4.000000,4528.000,871.000,16093.440000,0.000,316.416,23.231462,871,2.902239,1.804074
veh_000603,completed,3662.498078,6.181229,3663.000000,0.501922,6.000000,4530.000,867.000,16093.440000,0.000,312.658,23.754225,867,3.474681,1.873775
veh_000604,completed,3667.710098,5.212020,3668.000000,0.289902,5.000000,4532.000,864.000,16093.440000,0.000,309.616,26.293748,864,3.812008,1.711852
veh_000605,completed,3671.697409,3.987311,3672.000000,0.302591,4.000000,4536.000,864.000,16093.440000,0.000,309.588,18.859159,864,3.689717,1.913536
veh_000606,completed,3675.039842,3.342433,3676.000000,0.960158,4.000000,4538.000,862.000,16093.440000,0.000,307.558,24.746585,862,3.524839,1.751472
veh_000607,completed,3681.193278,6.153435,3682.000000,0.806722,6.000000,4541.000,859.000,16093.440000,0.000,304.909,19.258244,859,3.552263,1.749641
veh_000608,completed,3688.078657,6.885380,3689.000000,0.921343,7.000000,4547.000,858.000,16093.440000,0.000,303.653,20.325453,858,3.850944,1.528599
veh_000609,completed,3694.664659,6.586002,3695.000000,0.335341,6.000000,4549.000,854.000,16093.440000,0.000,299.933,20.376677,854,3.108454,1.442708
veh_000610,completed,3700.205917,5.541257,3701.000000,0.794083,6.000000,4580.000,879.000,16093.440000,0.000,325.122,18.965004,879,2.879027,1.386104
veh_000611,completed,3705.008141,4.802225,3706.000000,0.991859,5.000000,4582.000,876.000,16093.440000,0.000,322.021,21.972813,876,2.800536,1.651369
veh_000612,completed,3709.527849,4.519708,3710.000000,0.472151,4.000000,4622.000,912.000,16093.440000,0.000,357.947,18.328848,912,3.051557,1.689466
veh_000613,completed,3714.695108,5.167259,3715.000000,0.304892,5.000000,4624.000,909.000,16093.440000,0.000,354.772,21.286828,909,2.614673,1.211961
veh_000614,completed,3719.145526,4.450417,3720.000000,0.854474,5.000000,4626.000,906.000,16093.440000,0.000,352.035,23.239864,906,2.856873,1.957836
veh_000615,completed,3724.840614,5.695088,3725.000000,0.159386,5.000000,4629.000,904.000,16093.440000,0.000,349.660,22.806592,904,3.181094,2.053333
veh_000616,completed,3730.806283,5.965669,3731.000000,0.193717,6.000000,4631.000,900.000,16093.440000,0.000,345.676,26.437315,900,3.217187,1.576690
veh_000617,completed,3735.462301,4.656018,3736.000000,0.537699,5.000000,4633.000,897.000,16093.440000,0.000,342.853,25.176004,897,3.694512,1.802538
veh_000618,completed,3741.114226,5.651925,3742.000000,0.885774,6.000000,4635.000,893.000,16093.440000,0.000,338.477,24.881624,893,3.237179,1.403464
veh_000619,completed,3745.973746,4.859520,3746.000000,0.026254,4.000000,4637.000,891.000,16093.440000,0.000,336.478,22.727311,891,1.943386,2.026647
veh_000620,completed,3751.967037,5.993291,3752.000000,0.032963,6.000000,4639.000,887.000,16093.440000,0.000,332.443,22.468098,887,3.058273,1.867967
veh_000621,completed,3758.727668,6.760632,3759.000000,0.272332,7.000000,4641.000,882.000,16093.440000,0.000,327.630,21.989380,882,1.793913,1.775885
veh_000622,completed,3764.994856,6.267188,3765.000000,0.005144,6.000000,4645.000,880.000,16093.440000,0.000,325.526,18.764333,880,1.694970,1.916134
veh_000623,completed,3771.703083,6.708226,3772.000000,0.296917,7.000000,4647.000,875.000,16093.440000,0.000,320.511,22.835046,875,3.430999,1.732611
veh_000624,completed,3775.225061,3.521978,3776.000000,0.774939,4.000000,4649.000,873.000,16093.440000,0.000,318.795,20.261095,873,2.333482,1.973866
veh_000625,completed,3780.657016,5.431955,3781.000000,0.342984,5.000000,4651.000,870.000,16093.440000,0.000,316.056,20.889520,870,2.830218,2.096193
veh_000626,completed,3787.072125,6.415109,3788.000000,0.927875,7.000000,4655.000,867.000,16093.440000,0.000,312.664,19.008161,867,3.061629,1.133312
veh_000627,completed,3794.033869,6.961744,3795.000000,0.966131,7.000000,4658.000,863.000,16093.440000,0.000,308.439,22.492514,863,2.892477,2.393015
veh_000628,completed,3797.636864,3.602995,3798.000000,0.363136,3.000000,4660.000,862.000,16093.440000,0.000,307.501,23.485086,862,3.260032,1.623563
veh_000629,completed,3803.875631,6.238767,3804.000000,0.124369,6.000000,4662.000,858.000,16093.440000,0.000,303.802,24.122325,858,3.142853,2.186523
veh_000630,completed,3811.685262,7.809631,3812.000000,0.314738,8.000000,4664.000,852.000,16093.440000,0.000,297.988,23.060981,852,2.913562,1.738185
veh_000631,completed,3817.417346,5.732084,3818.000000,0.582654,6.000000,4667.000,849.000,16093.440000,0.000,294.545,22.608505,849,3.829286,2.392611
veh_000632,completed,3823.275209,5.857863,3824.000000,0.724791,6.000000,4669.000,845.000,16093.440000,0.000,290.409,20.768990,845,3.032552,1.334422
veh_000633,completed,3829.950894,6.675685,3830.000000,0.049106,6.000000,4671.000,841.000,16093.440000,0.000,286.549,23.989493,841,4.625221,1.793872
veh_000634,completed,3836.321571,6.370677,3837.000000,0.678429,7.000000,4688.000,851.000,16093.440000,0.000,296.977,19.554440,851,1.893623,1.794890
veh_000635,completed,3843.333528,7.011956,3844.000000,0.666472,7.000000,4690.000,846.000,16093.440000,0.000,292.013,24.066682,846,3.576090,1.905834
veh_000636,completed,3849.442148,6.108621,3850.000000,0.557852,6.000000,4692.000,842.000,16093.440000,0.000,287.858,21.837840,842,2.197588,1.728932
veh_000637,completed,3855.670892,6.228744,3856.000000,0.329108,6.000000,4695.000,839.000,16093.440000,0.000,284.564,26.165875,839,3.791285,2.294912
veh_000638,completed,3860.497226,4.826333,3861.000000,0.502774,5.000000,4697.000,836.000,16093.440000,0.000,281.868,21.665444,836,4.354465,2.123418
veh_000639,completed,3866.241569,5.744343,3867.000000,0.758431,6.000000,4699.000,832.000,16093.440000,0.000,278.033,24.061761,832,2.868578,1.728527
veh_000640,completed,3874.121252,7.879683,3875.000000,0.878748,8.000000,4702.000,827.000,16093.440000,0.000,272.474,22.869058,827,4.216576,1.664455
veh_000641,completed,3879.814997,5.693745,3880.000000,0.185003,5.000000,4703.000,823.000,16093.440000,0.000,268.939,23.854539,823,3.320946,1.380731
veh_000642,completed,3885.562151,5.747154,3886.000000,0.437849,6.000000,4705.000,819.000,16093.440000,0.000,265.022,23.683041,819,3.208679,2.020630
veh_000643,completed,3890.824896,5.262745,3891.000000,0.175104,5.000000,4741.000,850.000,16093.440000,0.000,295.583,19.376153,850,2.954040,1.384387
veh_000644,completed,3898.005675,7.180779,3899.000000,0.994325,8.000000,4742.000,843.000,16093.440000,0.000,288.966,23.574742,843,2.073119,1.552507
veh_000645,completed,3902.723656,4.717981,3903.000000,0.276344,4.000000,4745.000,842.000,16093.440000,0.000,287.677,20.839192,842,3.671091,2.181520
veh_000646,completed,3910.089409,7.365753,3911.000000,0.910591,8.000000,4746.000,835.000,16093.440000,0.000,281.132,20.066306,835,2.373152,1.776526
veh_000647,completed,3914.683949,4.594540,3915.000000,0.316051,4.000000,4753.000,838.000,16093.440000,0.000,283.647,21.033564,838,3.096415,1.921748
veh_000648,completed,3919.097278,4.413328,3920.000000,0.902722,5.000000,4755.000,835.000,16093.440000,0.000,280.578,24.158247,835,2.257179,1.745492
veh_000649,completed,3925.406187,6.308909,3926.000000,0.593813,6.000000,4760.000,834.000,16093.440000,0.000,279.963,22.566910,834,1.543645,2.002817
veh_000650,completed,3931.601456,6.195269,3932.000000,0.398544,6.000000,4764.000,832.000,16093.440000,0.000,277.628,19.688867,832,2.486586,1.929047
veh_000651,completed,3938.047792,6.446336,3939.000000,0.952208,7.000000,4766.000,827.000,16093.440000,0.000,272.840,22.304294,827,2.143900,1.841922
veh_000652,completed,3945.641598,7.593806,3946.000000,0.358402,7.000000,4770.000,824.000,16093.440000,0.000,269.506,21.965877,824,3.873429,1.940730
veh_000653,completed,3951.022854,5.381256,3952.000000,0.977146,6.000000,4773.000,821.000,16093.440000,0.000,266.571,20.494548,821,1.827993,2.253005
veh_000654,completed,3957.687344,6.664490,3958.000000,0.312656,6.000000,4775.000,817.000,16093.440000,0.000,262.557,21.786368,817,2.774709,1.278962
veh_000655,completed,3962.322618,4.635274,3963.000000,0.677382,5.000000,4777.000,814.000,16093.440000,0.000,259.736,21.998474,814,2.603799,1.777087
veh_000656,completed,3970.211372,7.888754,3971.000000,0.788628,8.000000,4779.000,808.000,16093.440000,0.000,253.421,23.492491,808,3.303307,1.360608
veh_000657,completed,3977.160060,6.948688,3978.000000,0.839940,7.000000,4781.000,803.000,16093.440000,0.000,248.834,22.704274,803,3.335245,2.020574
veh_000658,completed,3983.964838,6.804778,3984.000000,0.035162,6.000000,4783.000,799.000,16093.440000,0.000,244.707,24.404271,799,3.060118,1.605042
veh_000659,completed,3990.246656,6.281818,3991.000000,0.753344,7.000000,4785.000,794.000,16093.440000,0.000,240.094,19.982477,794,4.433079,1.798677
veh_000660,completed,3995.068256,4.821601,3996.000000,0.931744,5.000000,4788.000,792.000,16093.440000,0.000,237.347,22.645934,792,3.025387,1.970305
veh_000661,completed,4000.577199,5.508943,4001.000000,0.422801,5.000000,4803.000,802.000,16093.440000,0.000,248.023,19.555820,802,3.277821,2.125376
veh_000662,completed,4007.329868,6.752669,4008.000000,0.670132,7.000000,4826.000,818.000,16093.440000,0.000,263.695,20.137217,818,3.354928,1.428423
veh_000663,completed,4013.301092,5.971224,4014.000000,0.698908,6.000000,4828.000,814.000,16093.440000,0.000,259.726,23.525907,814,4.045124,1.356276
veh_000664,completed,4019.486709,6.185617,4020.000000,0.513291,6.000000,4832.000,812.000,16093.440000,0.000,257.762,22.428880,812,1.799735,1.395594
veh_000665,completed,4023.446980,3.960271,4024.000000,0.553020,4.000000,4851.000,827.000,16093.440000,0.000,272.630,19.911958,827,3.168765,1.732626
veh_000666,completed,4029.718621,6.271641,4030.000000,0.281379,6.000000,4853.000,823.000,16093.440000,0.000,268.840,23.341997,823,3.785300,2.265465
veh_000667,completed,4034.680730,4.962109,4035.000000,0.319270,5.000000,4855.000,820.000,16093.440000,0.000,265.811,22.254175,820,2.553458,1.916228
veh_000668,completed,4039.055725,4.374995,4040.000000,0.944275,5.000000,4968.000,928.000,16093.440000,0.000,373.698,18.622051,928,2.513015,2.269983
veh_000669,completed,4044.823697,5.767972,4045.000000,0.176303,5.000000,4970.000,925.000,16093.440000,0.000,371.141,19.976182,925,3.596060,1.753718
veh_000670,completed,4048.038940,3.215244,4049.000000,0.961060,4.000000,4972.000,923.000,16093.440000,0.000,368.836,24.491667,923,4.036673,1.551707
veh_000671,completed,4055.086795,7.047855,4056.000000,0.913205,7.000000,4974.000,918.000,16093.440000,0.000,363.768,21.615705,918,3.312963,1.399064
veh_000672,completed,4062.364815,7.278019,4063.000000,0.635185,7.000000,4976.000,913.000,16093.440000,0.000,358.461,24.919250,913,1.966118,1.586501
veh_000673,completed,4068.284661,5.919846,4069.000000,0.715339,6.000000,4978.000,909.000,16093.440000,0.000,354.709,24.277966,909,3.179574,1.882491
veh_000674,completed,4072.793987,4.509327,4073.000000,0.206013,4.000000,4980.000,907.000,16093.440000,0.000,352.895,19.276151,907,3.787978,1.989862
veh_000675,completed,4077.375934,4.581947,4078.000000,0.624066,5.000000,4982.000,904.000,16093.440000,0.000,349.605,25.912169,904,2.684438,1.400945
veh_000676,completed,4083.149250,5.773315,4084.000000,0.850750,6.000000,4984.000,900.000,16093.440000,0.000,345.329,22.804025,900,2.408540,1.964095
veh_000677,completed,4085.513649,2.364399,4086.000000,0.486351,2.000000,4995.000,909.000,16093.440000,0.000,354.617,18.161484,909,2.973357,2.273365
veh_000678,completed,4091.784364,6.270715,4092.000000,0.215636,6.000000,4997.000,905.000,16093.440000,0.000,350.794,20.185170,905,2.126467,1.411939
veh_000679,completed,4098.781012,6.996648,4099.000000,0.218988,7.000000,4999.000,900.000,16093.440000,0.000,345.753,22.431450,900,3.477352,1.493899
veh_000680,completed,4104.313170,5.532158,4105.000000,0.686830,6.000000,5001.000,896.000,16093.440000,0.000,342.005,22.381269,896,3.071798,1.942461
veh_000681,completed,4109.571566,5.258396,4110.000000,0.428434,5.000000,5005.000,895.000,16093.440000,0.000,340.954,20.391737,895,2.493410,1.892382
veh_000682,completed,4115.844517,6.272951,4116.000000,0.155483,6.000000,5007.000,891.000,16093.440000,0.000,337.111,20.748791,891,3.066379,1.940568
veh_000683,completed,4122.370483,6.525966,4123.000000,0.629517,7.000000,5009.000,886.000,16093.440000,0.000,332.003,24.698560,886,1.796627,1.554585
veh_000684,completed,4130.011711,7.641228,4131.000000,0.988289,8.000000,5012.000,881.000,16093.440000,0.000,326.725,22.935791,881,4.125795,2.152804
veh_000685,completed,4136.039306,6.027595,4137.000000,0.960694,6.000000,5014.000,877.000,16093.440000,0.000,322.491,24.949532,877,2.879312,1.535414
veh_000686,completed,4141.004670,4.965364,4142.000000,0.995330,5.000000,5016.000,874.000,16093.440000,0.000,319.384,22.511445,874,2.530920,1.713034
veh_000687,completed,4146.312772,5.308102,4147.000000,0.687228,5.000000,5018.000,871.000,16093.440000,0.000,316.678,20.406136,871,2.586375,1.257047
veh_000688,completed,4152.585691,6.272919,4153.000000,0.414309,6.000000,5020.000,867.000,16093.440000,0.000,312.653,24.972101,867,4.008032,1.517011
veh_000689,completed,4160.919991,8.334301,4161.000000,0.080009,8.000000,5022.000,861.000,16093.440000,0.000,306.602,23.818893,861,4.144846,1.527604
veh_000690,completed,4166.439581,5.519590,4167.000000,0.560419,6.000000,5024.000,857.000,16093.440000,0.000,302.910,22.856392,857,1.891054,1.982435
veh_000691,completed,4170.860791,4.421210,4171.000000,0.139209,4.000000,5027.000,856.000,16093.440000,0.000,301.453,22.600589,856,2.990166,2.077037
veh_000692,completed,4175.555631,4.694840,4176.000000,0.444369,5.000000,5029.000,853.000,16093.440000,0.000,298.993,23.496826,853,1.512734,2.469861
veh_000693,completed,4178.411129,2.855498,4179.000000,0.588871,3.000000,5031.000,852.000,16093.440000,0.000,297.754,24.069235,852,3.672340,1.553016
veh_000694,completed,4184.905820,6.494691,4185.000000,0.094180,6.000000,5033.000,848.000,16093.440000,0.000,293.682,25.307597,848,2.502935,1.537923
veh_000695,completed,4188.863834,3.958014,4189.000000,0.136166,4.000000,5035.000,846.000,16093.440000,0.000,291.839,20.848921,846,3.459446,1.525463
veh_000696,completed,4193.013570,4.149736,4194.000000,0.986430,5.000000,5044.000,850.000,16093.440000,0.000,295.925,18.869216,850,2.979616,1.985840
veh_000697,completed,4196.049548,3.035978,4197.000000,0.950452,3.000000,5047.000,850.000,16093.440000,0.000,295.738,21.548975,850,3.381127,2.334520
veh_000698,completed,4200.372565,4.323017,4201.000000,0.627435,4.000000,5049.000,848.000,16093.440000,0.000,293.573,20.567249,848,2.647209,1.653239
veh_000699,completed,4207.225187,6.852622,4208.000000,0.774813,7.000000,5051.000,843.000,16093.440000,0.000,288.666,22.710845,843,4.041351,1.755982
veh_000700,completed,4211.258156,4.032969,4212.000000,0.741844,4.000000,5053.000,841.000,16093.440000,0.000,286.864,22.403971,841,3.760469,2.257947
veh_000701,completed,4214.633692,3.375536,4215.000000,0.366308,3.000000,5056.000,841.000,16093.440000,0.000,286.452,23.688468,841,3.825126,1.854481
veh_000702,completed,4220.901087,6.267395,4221.000000,0.098913,6.000000,5059.000,838.000,16093.440000,0.000,283.862,24.019150,838,3.352562,1.796995
veh_000703,completed,4226.389330,5.488243,4227.000000,0.610670,6.000000,5072.000,845.000,16093.440000,0.000,290.782,18.674916,845,3.040305,1.714291
veh_000704,completed,4233.037615,6.648285,4234.000000,0.962385,7.000000,5074.000,840.000,16093.440000,0.000,285.556,21.737673,840,2.298911,1.598701
veh_000705,completed,4240.148455,7.110840,4241.000000,0.851545,7.000000,5076.000,835.000,16093.440000,0.000,280.893,26.215359,835,2.400121,2.221183
veh_000706,completed,4246.135706,5.987252,4247.000000,0.864294,6.000000,5078.000,831.000,16093.440000,0.000,276.847,20.536790,831,2.335054,1.220310
veh_000707,completed,4250.189065,4.053359,4251.000000,0.810935,4.000000,5084.000,833.000,16093.440000,0.000,278.662,19.510141,833,3.708284,1.806441
veh_000708,completed,4256.003365,5.814300,4257.000000,0.996635,6.000000,5086.000,829.000,16093.440000,0.000,274.844,20.238744,829,3.788587,1.348943
veh_000709,completed,4262.753754,6.750389,4263.000000,0.246246,6.000000,5089.000,826.000,16093.440000,0.000,271.454,20.961494,826,2.935606,2.248107
veh_000710,completed,4267.879271,5.125517,4268.000000,0.120729,5.000000,5091.000,823.000,16093.440000,0.000,268.790,19.928711,823,3.090938,1.302950
veh_000711,completed,4271.723079,3.843808,4272.000000,0.276921,4.000000,5126.000,854.000,16093.440000,0.000,300.103,19.900256,854,2.768789,1.768278
veh_000712,completed,4279.376997,7.653918,4280.000000,0.623003,8.000000,5129.000,849.000,16093.440000,0.000,294.435,24.706101,849,1.515622,2.004724
veh_000713,completed,4284.754126,5.377129,4285.000000,0.245874,5.000000,5175.000,890.000,16093.440000,0.000,336.028,18.531099,890,3.233899,1.707387
veh_000714,completed,4290.140281,5.386155,4291.000000,0.859719,6.000000,5194.000,903.000,16093.440000,0.000,348.675,19.518496,903,2.003838,1.679293
veh_000715,completed,4296.164224,6.023943,4297.000000,0.835776,6.000000,5196.000,899.000,16093.440000,0.000,344.683,21.727825,899,3.171271,1.996476
veh_000716,completed,4303.709932,7.545709,4304.000000,0.290068,7.000000,5198.000,894.000,16093.440000,0.000,339.826,24.159774,894,2.631077,1.659618
veh_000717,completed,4310.105362,6.395430,4311.000000,0.894638,7.000000,5200.000,889.000,16093.440000,0.000,335.065,21.943734,889,2.186849,2.125898
veh_000718,completed,4315.605523,5.500161,4316.000000,0.394477,5.000000,5231.000,915.000,16093.440000,0.000,360.977,18.423700,915,3.297292,1.253775
veh_000719,completed,4322.628723,7.023200,4323.000000,0.371277,7.000000,5234.000,911.000,16093.440000,0.000,356.619,19.352086,911,2.886383,2.054345
veh_000720,completed,4331.849260,9.220537,4332.000000,0.150740,9.000000,5236.000,904.000,16093.440000,0.000,349.949,22.106000,904,2.372873,2.091695
veh_000721,completed,4339.930939,8.081679,4340.000000,0.069061,8.000000,5238.000,898.000,16093.440000,0.000,344.142,22.159448,898,2.669949,2.076730
veh_000722,completed,4346.940246,7.009307,4347.000000,0.059754,7.000000,5241.000,894.000,16093.440000,0.000,339.623,22.533869,894,4.428528,1.804074
veh_000723,completed,4351.256826,4.316579,4352.000000,0.743174,5.000000,5243.000,891.000,16093.440000,0.000,336.530,18.826179,891,2.251264,1.285094
veh_000724,completed,4362.884914,11.628088,4363.000000,0.115086,11.000000,5244.000,881.000,16093.440000,0.000,326.983,20.474263,881,3.586863,1.338767
veh_000725,completed,4367.086928,4.202014,4368.000000,0.913072,5.000000,5246.000,878.000,16093.440000,0.000,324.146,21.290152,878,2.689705,1.561007
veh_000726,completed,4372.529224,5.442296,4373.000000,0.470776,5.000000,5249.000,876.000,16093.440000,0.000,321.461,22.778700,876,3.983158,1.494316
veh_000727,completed,4377.479390,4.950166,4378.000000,0.520610,5.000000,5250.000,872.000,16093.440000,0.000,317.837,22.972149,872,2.948684,1.603508
veh_000728,completed,4385.919728,8.440338,4386.000000,0.080272,8.000000,5252.000,866.000,16093.440000,0.000,311.975,22.711041,866,3.010561,1.906592
veh_000729,completed,4392.550088,6.630360,4393.000000,0.449912,7.000000,5254.000,861.000,16093.440000,0.000,306.716,24.353082,861,3.378536,1.436761
veh_000730,completed,4396.409400,3.859313,4397.000000,0.590600,4.000000,5257.000,860.000,16093.440000,0.000,305.665,19.968677,860,4.201513,2.048689
veh_000731,completed,4402.810781,6.401381,4403.000000,0.189219,6.000000,5259.000,856.000,16093.440000,0.000,301.554,23.613795,856,2.430003,1.863941
veh_000732,completed,4409.631140,6.820359,4410.000000,0.368860,7.000000,5327.000,917.000,16093.440000,0.000,363.118,18.372264,917,2.229171,1.561178
veh_000733,completed,4415.153415,5.522275,4416.000000,0.846585,6.000000,5330.000,914.000,16093.440000,0.000,359.588,25.125009,914,3.083644,1.778995
veh_000734,completed,4419.323130,4.169715,4420.000000,0.676870,4.000000,5331.000,911.000,16093.440000,0.000,356.985,22.827789,911,2.112635,1.681277
veh_000735,completed,4424.235580,4.912450,4425.000000,0.764420,5.000000,5334.000,909.000,16093.440000,0.000,354.546,23.331557,909,4.210272,2.284535
veh_000736,completed,4429.580307,5.344726,4430.000000,0.419693,5.000000,5336.000,906.000,16093.440000,0.000,351.556,23.912585,906,2.615668,1.616942
veh_000737,completed,4435.614404,6.034097,4436.000000,0.385596,6.000000,5338.000,902.000,16093.440000,0.000,347.489,23.478608,902,2.133425,1.567740
veh_000738,completed,4440.834539,5.220135,4441.000000,0.165461,5.000000,5340.000,899.000,16093.440000,0.000,344.586,24.806791,899,3.380911,1.913993
veh_000739,completed,4447.937370,7.102831,4448.000000,0.062630,7.000000,5342.000,894.000,16093.440000,0.000,339.866,21.922710,894,1.931422,2.161558
veh_000740,completed,4452.512449,4.575079,4453.000000,0.487551,5.000000,5344.000,891.000,16093.440000,0.000,336.558,23.196044,891,2.377464,1.381881
veh_000741,completed,4455.915368,3.402920,4456.000000,0.084632,3.000000,5345.000,889.000,16093.440000,0.000,335.134,23.796468,889,3.495177,1.602829
veh_000742,completed,4460.806278,4.890910,4461.000000,0.193722,5.000000,5347.000,886.000,16093.440000,0.000,332.035,18.286511,886,2.829170,1.586838
veh_000743,completed,4468.829614,8.023336,4469.000000,0.170386,8.000000,5393.000,924.000,16093.440000,0.000,370.119,17.895341,924,3.705246,2.221568
veh_000744,completed,4473.969880,5.140266,4474.000000,0.030120,5.000000,5395.000,921.000,16093.440000,0.000,367.053,20.992529,921,2.698574,1.711197
veh_000745,completed,4483.481093,9.511213,4484.000000,0.518907,10.000000,5397.000,913.000,16093.440000,0.000,358.763,21.052707,913,2.463773,1.544452
veh_000746,completed,4490.218319,6.737226,4491.000000,0.781681,7.000000,5400.000,909.000,16093.440000,0.000,354.618,22.058000,909,2.661022,2.619000
veh_000747,completed,4494.471680,4.253361,4495.000000,0.528320,4.000000,5402.000,907.000,16093.440000,0.000,352.638,23.346927,907,2.488999,1.644936
veh_000748,completed,4499.220251,4.748571,4500.000000,0.779749,5.000000,5405.000,905.000,16093.440000,0.000,350.582,19.730466,905,2.921951,1.982428
veh_000749,completed,4505.585310,6.365059,4506.000000,0.414690,6.000000,5406.000,900.000,16093.440000,0.000,346.116,21.613793,900,1.961314,1.595249
veh_000750,completed,4509.818844,4.233534,4510.000000,0.181156,4.000000,5409.000,899.000,16093.440000,0.000,344.729,23.024646,899,2.861497,2.133722
veh_000751,completed,4519.380712,9.561868,4520.000000,0.619288,10.000000,5411.000,891.000,16093.440000,0.000,336.882,23.279340,891,3.151941,2.010885
veh_000752,completed,4523.894376,4.513664,4524.000000,0.105624,4.000000,5414.000,890.000,16093.440000,0.000,335.483,20.813024,890,2.835523,1.875770
veh_000753,completed,4530.915791,7.021415,4531.000000,0.084209,7.000000,5415.000,884.000,16093.440000,0.000,330.147,23.939671,884,3.378448,1.669710
veh_000754,completed,4539.105986,8.190195,4540.000000,0.894014,9.000000,5418.000,878.000,16093.440000,0.000,323.814,22.105599,878,1.939058,2.427156
veh_000755,completed,4544.942185,5.836199,4545.000000,0.057815,5.000000,5420.000,875.000,16093.440000,0.000,320.572,21.837740,875,4.569439,1.630104
veh_000756,completed,4549.448393,4.506208,4550.000000,0.551607,5.000000,5422.000,872.000,16093.440000,0.000,317.348,25.465246,872,2.898502,1.585594
veh_000757,completed,4555.038794,5.590400,4556.000000,0.961206,6.000000,5424.000,868.000,16093.440000,0.000,313.833,20.750651,868,3.413052,2.425735
veh_000758,completed,4561.582118,6.543325,4562.000000,0.417882,6.000000,5427.000,865.000,16093.440000,0.000,310.698,22.034004,865,3.917561,2.152136
veh_000759,completed,4568.895746,7.313628,4569.000000,0.104254,7.000000,5429.000,860.000,16093.440000,0.000,305.993,23.373666,860,3.202856,1.855876
veh_000760,completed,4574.980822,6.085075,4575.000000,0.019178,6.000000,5432.000,857.000,16093.440000,0.000,302.782,23.244317,857,1.956676,2.074634
veh_000761,completed,4578.880488,3.899666,4579.000000,0.119512,4.000000,5434.000,855.000,16093.440000,0.000,301.144,20.466084,855,3.998300,2.279293
veh_000762,completed,4584.943974,6.063486,4585.000000,0.056026,6.000000,5436.000,851.000,16093.440000,0.000,296.958,23.811331,851,3.140741,1.700792
veh_000763,completed,4589.933937,4.989963,4590.000000,0.066063,5.000000,5438.000,848.000,16093.440000,0.000,293.699,23.553214,848,2.549758,1.355599
veh_000764,completed,4592.659083,2.725146,4593.000000,0.340917,3.000000,5440.000,847.000,16093.440000,0.000,292.487,22.021367,847,2.663138,1.636474
veh_000765,completed,4597.612743,4.953660,4598.000000,0.387257,5.000000,5443.000,845.000,16093.440000,0.000,290.878,22.841817,845,3.969423,1.661230
veh_000766,completed,4601.464067,3.851324,4602.000000,0.535933,4.000000,5446.000,844.000,16093.440000,0.000,289.416,26.636077,844,4.386255,2.006314
veh_000767,completed,4608.344348,6.880282,4609.000000,0.655652,7.000000,5448.000,839.000,16093.440000,0.000,284.709,22.046303,839,2.844576,1.943972
veh_000768,completed,4617.260596,8.916247,4618.000000,0.739404,9.000000,5450.000,832.000,16093.440000,0.000,277.856,20.087836,832,3.268220,1.510541
veh_000769,completed,4626.048726,8.788130,4627.000000,0.951274,9.000000,5452.000,825.000,16093.440000,0.000,271.040,21.436315,825,4.179954,1.794785
veh_000770,completed,4631.188913,5.140187,4632.000000,0.811087,5.000000,5454.000,822.000,16093.440000,0.000,268.026,25.090180,822,3.189866,1.770673
veh_000771,completed,4636.487821,5.298908,4637.000000,0.512179,5.000000,5456.000,819.000,16093.440000,0.000,265.066,22.947954,819,3.495139,1.906378
veh_000772,completed,4643.520994,7.033173,4644.000000,0.479006,7.000000,5475.000,831.000,16093.440000,0.000,276.495,20.156901,831,3.543160,1.769351
veh_000773,completed,4651.112923,7.591928,4652.000000,0.887077,8.000000,5477.000,825.000,16093.440000,0.000,270.551,25.771372,825,1.928507,1.940514
veh_000774,completed,4656.484815,5.371892,4657.000000,0.515185,5.000000,5479.000,822.000,16093.440000,0.000,267.773,23.369082,822,3.452470,1.932640
veh_000775,completed,4662.270861,5.786046,4663.000000,0.729139,6.000000,5481.000,818.000,16093.440000,0.000,263.910,23.886686,818,1.849252,2.045146
veh_000776,completed,4671.581255,9.310394,4672.000000,0.418745,9.000000,5483.000,811.000,16093.440000,0.000,257.101,22.602154,811,3.421671,1.979404
veh_000777,completed,4677.420078,5.838823,4678.000000,0.579922,6.000000,5485.000,807.000,16093.440000,0.000,252.666,20.409533,807,3.096096,1.183335
veh_000778,completed,4682.692096,5.272018,4683.000000,0.307904,5.000000,5487.000,804.000,16093.440000,0.000,249.919,21.920671,804,3.900442,1.925841
veh_000779,completed,4688.871967,6.179871,4689.000000,0.128033,6.000000,5489.000,800.000,16093.440000,0.000,246.121,20.074940,800,3.708077,1.947021
veh_000780,completed,4695.741520,6.869554,4696.000000,0.258480,7.000000,5492.000,796.000,16093.440000,0.000,241.529,23.811690,796,3.194657,2.365752
veh_000781,completed,4700.209057,4.467537,4701.000000,0.790943,5.000000,5494.000,793.000,16093.440000,0.000,239.025,22.625190,793,3.030083,2.409745
veh_000782,completed,4705.836453,5.627396,4706.000000,0.163547,5.000000,5496.000,790.000,16093.440000,0.000,235.916,24.354616,790,2.083904,1.664003
veh_000783,completed,4710.086912,4.250459,4711.000000,0.913088,5.000000,5499.000,788.000,16093.440000,0.000,233.549,24.481227,788,4.072714,2.119285
veh_000784,completed,4715.669517,5.582605,4716.000000,0.330483,5.000000,5500.000,784.000,16093.440000,0.000,229.975,23.427783,784,2.742435,1.369529
veh_000785,completed,4724.484904,8.815387,4725.000000,0.515096,9.000000,5528.000,803.000,16093.440000,0.000,248.575,20.641438,803,3.013878,2.138011
veh_000786,completed,4731.597487,7.112583,4732.000000,0.402513,7.000000,5532.000,800.000,16093.440000,0.000,245.452,22.520007,800,4.684801,1.669362
veh_000787,completed,4737.458672,5.861185,4738.000000,0.541328,6.000000,5534.000,796.000,16093.440000,0.000,241.881,21.996325,796,2.135211,1.705301
veh_000788,completed,4742.059004,4.600332,4743.000000,0.940996,5.000000,5536.000,793.000,16093.440000,0.000,238.952,23.670206,793,2.231068,1.871647
veh_000789,completed,4747.591892,5.532888,4748.000000,0.408108,5.000000,5538.000,790.000,16093.440000,0.000,235.881,23.174538,790,3.039738,1.582449
veh_000790,completed,4755.167992,7.576100,4756.000000,0.832008,8.000000,5541.000,785.000,16093.440000,0.000,230.439,23.966006,785,2.317165,2.277267
veh_000791,completed,4760.325462,5.157470,4761.000000,0.674538,5.000000,5560.000,799.000,16093.440000,0.000,244.415,19.757220,799,2.950577,1.944697
veh_000792,completed,4768.501093,8.175631,4769.000000,0.498907,8.000000,5561.000,792.000,16093.440000,0.000,238.004,25.570920,792,2.922495,1.383233
veh_000793,completed,4772.440638,3.939545,4773.000000,0.559362,4.000000,5563.000,790.000,16093.440000,0.000,235.795,23.657218,790,2.207052,1.258775
veh_000794,completed,4778.005569,5.564931,4779.000000,0.994431,6.000000,5565.000,786.000,16093.440000,0.000,232.009,24.070153,786,3.354408,1.757785
veh_000795,completed,4786.619715,8.614146,4787.000000,0.380285,8.000000,5580.000,793.000,16093.440000,0.000,238.976,20.644057,793,2.320098,1.769765
veh_000796,completed,4789.607957,2.988242,4790.000000,0.392043,3.000000,5582.000,792.000,16093.440000,0.000,237.798,22.813166,792,3.653660,1.574664
veh_000797,completed,4797.390577,7.782620,4798.000000,0.609423,8.000000,5584.000,786.000,16093.440000,0.000,232.039,22.998775,786,4.722127,1.782093
veh_000798,completed,4800.613511,3.222934,4801.000000,0.386489,3.000000,5586.000,785.000,16093.440000,0.000,230.958,24.040987,785,3.533664,1.508184
veh_000799,completed,4806.478392,5.864880,4807.000000,0.521608,6.000000,5588.000,781.000,16093.440000,0.000,227.102,23.208160,781,2.292385,1.876254
veh_000800,completed,4812.219589,5.741198,4813.000000,0.780411,6.000000,5591.000,778.000,16093.440000,0.000,223.513,20.869623,778,3.087297,2.088517
veh_000801,completed,4819.456030,7.236440,4820.000000,0.543970,7.000000,5592.000,772.000,16093.440000,0.000,217.882,22.416402,772,4.662745,1.674220
veh_000802,completed,4822.579315,3.123285,4823.000000,0.420685,3.000000,5595.000,772.000,16093.440000,0.000,218.079,21.452397,772,4.161178,2.498460
veh_000803,completed,4827.730290,5.150976,4828.000000,0.269710,5.000000,5597.000,769.000,16093.440000,0.000,214.995,23.041085,769,2.520627,1.659688
veh_000804,completed,4833.785633,6.055343,4834.000000,0.214367,6.000000,5599.000,765.000,16093.440000,0.000,211.021,24.658635,765,4.136324,1.571902
veh_000805,completed,4838.445808,4.660175,4839.000000,0.554192,5.000000,5632.000,793.000,16093.440000,0.000,239.015,20.527501,793,2.517503,1.845935
veh_000806,completed,4844.114507,5.668700,4845.000000,0.885493,6.000000,5634.000,789.000,16093.440000,0.000,234.890,22.128432,789,2.668292,1.589548
veh_000807,completed,4848.335248,4.220740,4849.000000,0.664752,4.000000,5636.000,787.000,16093.440000,0.000,233.031,23.172911,787,3.904246,1.590136
veh_000808,completed,4853.733338,5.398091,4854.000000,0.266662,5.000000,5638.000,784.000,16093.440000,0.000,229.940,22.813080,784,1.902713,1.895336
veh_000809,completed,4858.463189,4.729851,4859.000000,0.536811,5.000000,5640.000,781.000,16093.440000,0.000,227.108,23.363073,781,2.735165,2.148016
veh_000810,completed,4864.829221,6.366032,4865.000000,0.170779,6.000000,5650.000,785.000,16093.440000,0.000,231.089,20.757313,785,3.928912,1.672348
veh_000811,completed,4871.701351,6.872130,4872.000000,0.298649,7.000000,5674.000,802.000,16093.440000,0.000,247.591,20.183064,802,5.130521,1.736881
veh_000812,completed,4879.850746,8.149395,4880.000000,0.149254,8.000000,5675.000,795.000,16093.440000,0.000,241.156,25.482193,795,2.834169,1.621919
veh_000813,completed,4884.866118,5.015372,4885.000000,0.133882,5.000000,5677.000,792.000,16093.440000,0.000,238.005,21.402932,792,2.772112,1.675500
veh_000814,completed,4890.389130,5.523012,4891.000000,0.610870,6.000000,5704.000,813.000,16093.440000,0.000,258.540,20.123574,813,3.665887,1.839111
veh_000815,completed,4896.460748,6.071618,4897.000000,0.539252,6.000000,5710.000,813.000,16093.440000,0.000,258.918,22.342785,813,5.321980,1.707301
veh_000816,completed,4902.018369,5.557621,4903.000000,0.981631,6.000000,5712.000,809.000,16093.440000,0.000,254.680,24.827567,809,2.848852,1.173594
veh_000817,completed,4907.940384,5.922014,4908.000000,0.059616,5.000000,5714.000,806.000,16093.440000,0.000,251.381,24.056362,806,3.253049,1.823662
veh_000818,completed,4911.597115,3.656732,4912.000000,0.402885,4.000000,5724.000,812.000,16093.440000,0.000,257.953,19.807733,812,3.010152,2.348489
veh_000819,completed,4918.154748,6.557632,4919.000000,0.845252,7.000000,5726.000,807.000,16093.440000,0.000,252.812,22.130514,807,2.888291,1.385975
veh_000820,completed,4922.781960,4.627213,4923.000000,0.218040,4.000000,5728.000,805.000,16093.440000,0.000,251.116,24.346585,805,3.188523,1.936659
veh_000821,completed,4927.346518,4.564558,4928.000000,0.653482,5.000000,5731.000,803.000,16093.440000,0.000,248.560,21.725741,803,2.424063,1.894406
veh_000822,completed,4930.964329,3.617811,4931.000000,0.035671,3.000000,5733.000,802.000,16093.440000,0.000,247.497,21.480928,802,4.598557,1.457779
veh_000823,completed,4938.705831,7.741502,4939.000000,0.294169,8.000000,5735.000,796.000,16093.440000,0.000,241.413,24.554774,796,3.016622,1.765274
veh_000824,completed,4944.494917,5.789086,4945.000000,0.505083,6.000000,5736.000,791.000,16093.440000,0.000,236.924,22.598509,791,4.742918,1.479682
veh_000825,completed,4952.219155,7.724238,4953.000000,0.780845,8.000000,5738.000,785.000,16093.440000,0.000,230.943,25.212572,785,1.754425,1.615364
veh_000826,completed,4958.627608,6.408453,4959.000000,0.372392,6.000000,5830.000,871.000,16093.440000,0.000,316.806,18.667369,871,2.937031,1.847136
veh_000827,completed,4962.072567,3.444959,4963.000000,0.927433,4.000000,5832.000,869.000,16093.440000,0.000,314.788,21.440427,869,3.390879,1.793827
veh_000828,completed,4966.447022,4.374455,4967.000000,0.552978,4.000000,5834.000,867.000,16093.440000,0.000,312.693,25.560269,867,2.511068,1.436072
veh_000829,completed,4973.583920,7.136898,4974.000000,0.416080,7.000000,5835.000,861.000,16093.440000,0.000,307.139,19.505499,861,3.601049,1.464437
veh_000830,completed,4978.435396,4.851476,4979.000000,0.564604,5.000000,5838.000,859.000,16093.440000,0.000,304.570,24.749904,859,2.752321,1.915911
veh_000831,completed,4982.799880,4.364484,4983.000000,0.200120,4.000000,5840.000,857.000,16093.440000,0.000,302.989,21.155113,857,3.482175,1.649859
veh_000832,completed,4988.530811,5.730931,4989.000000,0.469189,6.000000,5843.000,854.000,16093.440000,0.000,299.517,25.599063,854,2.920380,1.919778
veh_000833,completed,4994.265360,5.734549,4995.000000,0.734640,6.000000,5845.000,850.000,16093.440000,0.000,295.577,24.666226,850,3.120124,1.906563
veh_000834,completed,4998.747559,4.482199,4999.000000,0.252441,4.000000,5847.000,848.000,16093.440000,0.000,293.790,23.354782,848,2.589177,1.978541
veh_000835,completed,5004.258341,5.510782,5005.000000,0.741659,6.000000,5849.000,844.000,16093.440000,0.000,290.071,22.677946,844,4.007742,1.946556
veh_000836,completed,5009.540602,5.282261,5010.000000,0.459398,5.000000,5851.000,841.000,16093.440000,0.000,286.758,20.571753,841,2.670813,1.597421
veh_000837,completed,5011.655618,2.115016,5012.000000,0.344382,2.000000,5881.000,869.000,16093.440000,0.000,315.025,19.387869,869,3.384369,1.955601
veh_000838,completed,5018.409613,6.753995,5019.000000,0.590387,7.000000,5884.000,865.000,16093.440000,0.000,310.550,22.906337,865,3.085049,1.974565
veh_000839,completed,5023.192551,4.782938,5024.000000,0.807449,5.000000,5886.000,862.000,16093.440000,0.000,307.598,20.700693,862,2.371289,1.723591
veh_000840,completed,5031.149210,7.956659,5032.000000,0.850790,8.000000,5888.000,856.000,16093.440000,0.000,301.521,22.174673,856,2.614710,1.554824
veh_000841,completed,5035.424024,4.274814,5036.000000,0.575976,4.000000,5895.000,859.000,16093.440000,0.000,305.103,19.923208,859,3.608814,1.745360
veh_000842,completed,5039.054626,3.630602,5040.000000,0.945374,4.000000,5898.000,858.000,16093.440000,0.000,303.614,25.950028,858,3.937963,2.334530
veh_000843,completed,5046.836062,7.781436,5047.000000,0.163938,7.000000,5900.000,853.000,16093.440000,0.000,299.034,22.772144,853,3.746294,2.102945
veh_000844,completed,5050.458479,3.622417,5051.000000,0.541521,4.000000,5904.000,853.000,16093.440000,0.000,298.760,21.203846,853,2.737717,1.763785
veh_000845,completed,5055.504218,5.045739,5056.000000,0.495782,5.000000,5906.000,850.000,16093.440000,0.000,295.749,20.534192,850,2.455169,2.013634
veh_000846,completed,5062.400223,6.896005,5063.000000,0.599777,7.000000,5909.000,846.000,16093.440000,0.000,291.758,21.306300,846,2.810590,2.064498
veh_000847,completed,5067.905754,5.505531,5068.000000,0.094246,5.000000,5912.000,844.000,16093.440000,0.000,289.428,22.944996,844,2.930726,2.321523
veh_000848,completed,5071.422546,3.516792,5072.000000,0.577454,4.000000,5914.000,842.000,16093.440000,0.000,287.401,22.945261,842,3.848486,1.798426
veh_000849,completed,5077.704599,6.282053,5078.000000,0.295401,6.000000,5916.000,838.000,16093.440000,0.000,283.387,20.784584,838,2.906256,1.670021
veh_000850,completed,5083.413114,5.708516,5084.000000,0.586886,6.000000,5918.000,834.000,16093.440000,0.000,279.878,23.195226,834,2.124459,2.206690
veh_000851,completed,5091.338897,7.925783,5092.000000,0.661103,8.000000,5920.000,828.000,16093.440000,0.000,274.122,26.197795,828,2.085393,2.449324
veh_000852,completed,5098.221869,6.882972,5099.000000,0.778131,7.000000,5937.000,838.000,16093.440000,0.000,283.615,20.075875,838,2.741163,1.955041
veh_000853,completed,5108.775440,10.553571,5109.000000,0.224560,10.000000,5939.000,830.000,16093.440000,0.000,275.545,24.476050,830,3.345918,1.824008
veh_000854,completed,5112.306599,3.531159,5113.000000,0.693401,4.000000,5942.000,829.000,16093.440000,0.000,275.016,19.763462,829,3.701591,2.052685
veh_000855,completed,5118.274087,5.967488,5119.000000,0.725913,6.000000,5945.000,826.000,16093.440000,0.000,271.695,21.998117,826,3.838924,2.153323
veh_000856,completed,5122.674105,4.400018,5123.000000,0.325895,4.000000,5947.000,824.000,16093.440000,0.000,269.834,20.418580,824,3.970289,1.689530
veh_000857,completed,5130.406231,7.732126,5131.000000,0.593769,8.000000,5949.000,818.000,16093.440000,0.000,264.013,20.660230,818,3.376642,1.836455
veh_000858,completed,5137.638988,7.232757,5138.000000,0.361012,7.000000,5952.000,814.000,16093.440000,0.000,259.798,24.691626,814,2.908891,2.574424
veh_000859,completed,5144.770045,7.131057,5145.000000,0.229955,7.000000,5954.000,809.000,16093.440000,0.000,254.937,23.581594,809,2.303673,2.321921
veh_000860,completed,5149.604047,4.834002,5150.000000,0.395953,5.000000,5956.000,806.000,16093.440000,0.000,252.059,21.944259,806,2.060612,1.032758
veh_000861,completed,5154.486319,4.882273,5155.000000,0.513681,5.000000,5958.000,803.000,16093.440000,0.000,249.078,22.259634,803,3.324402,1.453550
veh_000862,completed,5157.441800,2.955480,5158.000000,0.558200,3.000000,5961.000,803.000,16093.440000,0.000,248.412,22.452452,803,3.069698,1.960571
veh_000863,completed,5166.006050,8.564250,5167.000000,0.993950,9.000000,5965.000,798.000,16093.440000,0.000,243.624,21.826519,798,4.117941,1.900236
veh_000864,completed,5172.768379,6.762329,5173.000000,0.231621,6.000000,5967.000,794.000,16093.440000,0.000,239.765,23.308507,794,2.622162,1.993899
veh_000865,completed,5178.377089,5.608710,5179.000000,0.622911,6.000000,5969.000,790.000,16093.440000,0.000,235.618,24.327316,790,2.716022,1.650765
veh_000866,completed,5185.777362,7.400273,5186.000000,0.222638,7.000000,5971.000,785.000,16093.440000,0.000,231.052,23.741892,785,3.369099,2.184191
veh_000867,completed,5192.903735,7.126373,5193.000000,0.096265,7.000000,5974.000,781.000,16093.440000,0.000,226.393,25.353260,781,3.050941,1.959630
veh_000868,completed,5200.366631,7.462896,5201.000000,0.633369,8.000000,6021.000,820.000,16093.440000,0.000,265.472,19.447077,820,3.703241,1.776264
veh_000869,completed,5203.931325,3.564694,5204.000000,0.068675,3.000000,6065.000,861.000,16093.440000,0.000,306.850,18.656885,861,3.344795,1.817314
veh_000870,completed,5208.860571,4.929246,5209.000000,0.139429,5.000000,6068.000,859.000,16093.440000,0.000,304.555,22.459671,859,2.830277,2.313509
veh_000871,completed,5215.153734,6.293163,5216.000000,0.846266,7.000000,6069.000,853.000,16093.440000,0.000,299.132,20.799740,853,3.133897,1.685286
veh_000872,completed,5221.686866,6.533132,5222.000000,0.313134,6.000000,6113.000,891.000,16093.440000,0.000,336.689,19.031007,891,2.543457,1.492919
veh_000873,completed,5229.122718,7.435852,5230.000000,0.877282,8.000000,6115.000,885.000,16093.440000,0.000,330.916,23.996201,885,2.749869,1.938988
veh_000874,completed,5233.609765,4.487047,5234.000000,0.390235,4.000000,6117.000,883.000,16093.440000,0.000,329.023,21.003842,883,2.342901,1.940826
veh_000875,completed,5239.800579,6.190814,5240.000000,0.199421,6.000000,6119.000,879.000,16093.440000,0.000,325.098,18.711431,879,2.538211,1.842478
veh_000876,completed,5249.108609,9.308031,5250.000000,0.891391,10.000000,6121.000,871.000,16093.440000,0.000,316.920,22.448193,871,3.281483,1.700351
veh_000877,completed,5256.146492,7.037883,5257.000000,0.853508,7.000000,6124.000,867.000,16093.440000,0.000,312.622,22.261161,867,3.181056,2.492970
veh_000878,completed,5263.452337,7.305844,5264.000000,0.547663,7.000000,6162.000,898.000,16093.440000,0.000,344.090,18.164978,898,3.186435,2.069646
veh_000879,completed,5269.423556,5.971219,5270.000000,0.576444,6.000000,6164.000,894.000,16093.440000,0.000,340.040,25.292318,894,3.392196,1.692622
veh_000880,completed,5276.574996,7.151441,5277.000000,0.425004,7.000000,6166.000,889.000,16093.440000,0.000,335.155,23.982744,889,2.171638,1.854228
veh_000881,completed,5285.280981,8.705985,5286.000000,0.719019,9.000000,6169.000,883.000,16093.440000,0.000,328.543,22.751155,883,3.607973,1.988981
veh_000882,completed,5291.440944,6.159963,5292.000000,0.559056,6.000000,6172.000,880.000,16093.440000,0.000,325.604,19.246841,880,2.458597,1.881363
veh_000883,completed,5299.276912,7.835968,5300.000000,0.723088,8.000000,6174.000,874.000,16093.440000,0.000,319.908,20.782224,874,5.480970,1.953503
veh_000884,completed,5303.964202,4.687291,5304.000000,0.035798,4.000000,6176.000,872.000,16093.440000,0.000,317.810,21.258128,872,2.238834,1.750257
veh_000885,completed,5310.849351,6.885148,5311.000000,0.150649,7.000000,6178.000,867.000,16093.440000,0.000,312.768,21.360108,867,3.104861,1.717277
veh_000886,completed,5318.205676,7.356325,5319.000000,0.794324,8.000000,6180.000,861.000,16093.440000,0.000,306.731,23.618424,861,3.161826,1.673504
veh_000887,completed,5323.077671,4.871995,5324.000000,0.922329,5.000000,6182.000,858.000,16093.440000,0.000,303.825,23.187122,858,1.579878,1.767359
veh_000888,completed,5330.724857,7.647186,5331.000000,0.275143,7.000000,6184.000,853.000,16093.440000,0.000,298.683,22.392256,853,1.932020,1.627909
veh_000889,completed,5335.711987,4.987130,5336.000000,0.288013,5.000000,6186.000,850.000,16093.440000,0.000,295.760,25.653223,850,3.718035,1.723191
veh_000890,completed,5340.504128,4.792141,5341.000000,0.495872,5.000000,6188.000,847.000,16093.440000,0.000,292.845,21.320447,847,2.908500,2.177822
veh_000891,completed,5346.502340,5.998211,5347.000000,0.497660,6.000000,6192.000,845.000,16093.440000,0.000,290.966,19.115164,845,3.281472,1.888262
veh_000892,completed,5355.400324,8.897985,5356.000000,0.599676,9.000000,6195.000,839.000,16093.440000,0.000,284.644,23.089321,839,5.044026,2.103819
veh_000893,completed,5361.864054,6.463729,5362.000000,0.135946,6.000000,6197.000,835.000,16093.440000,0.000,281.047,22.283645,835,3.049368,2.270684
veh_000894,completed,5369.267731,7.403677,5370.000000,0.732269,8.000000,6200.000,830.000,16093.440000,0.000,275.617,21.661507,830,3.431724,2.060071
veh_000895,completed,5374.170034,4.902303,5375.000000,0.829966,5.000000,6202.000,827.000,16093.440000,0.000,272.554,21.580048,827,3.293211,1.819483
veh_000896,completed,5380.286280,6.116246,5381.000000,0.713720,6.000000,6204.000,823.000,16093.440000,0.000,268.423,21.757194,823,2.337957,1.625913
veh_000897,completed,5384.521446,4.235165,5385.000000,0.478554,4.000000,6206.000,821.000,16093.440000,0.000,266.609,23.879116,821,4.302936,2.025125
veh_000898,completed,5389.664786,5.143340,5390.000000,0.335214,5.000000,6208.000,818.000,16093.440000,0.000,263.701,23.214166,818,4.214101,1.264556
veh_000899,completed,5396.918247,7.253461,5397.000000,0.081753,7.000000,6211.000,814.000,16093.440000,0.000,259.441,25.171596,814,3.706556,2.188103
veh_000900,completed,5402.860651,5.942404,5403.000000,0.139349,6.000000,6214.000,811.000,16093.440000,0.000,256.895,19.806472,811,3.455351,1.980359
veh_000901,completed,5411.037596,8.176945,5412.000000,0.962404,9.000000,6216.000,804.000,16093.440000,0.000,249.950,23.514308,804,2.663213,1.623312
veh_000902,completed,5416.733971,5.696375,5417.000000,0.266029,5.000000,6218.000,801.000,16093.440000,0.000,247.065,23.766384,801,2.621403,1.857545
veh_000903,completed,5422.437067,5.703096,5423.000000,0.562933,6.000000,6221.000,798.000,16093.440000,0.000,243.420,21.313427,798,4.530526,1.638614
veh_000904,completed,5430.352090,7.915022,5431.000000,0.647910,8.000000,6222.000,791.000,16093.440000,0.000,237.138,23.564428,791,3.564953,1.647309
veh_000905,completed,5435.379165,5.027075,5436.000000,0.620835,5.000000,6225.000,789.000,16093.440000,0.000,235.010,21.272906,789,3.346416,2.048249
veh_000906,completed,5439.099518,3.720353,5440.000000,0.900482,4.000000,6228.000,788.000,16093.440000,0.000,233.463,24.272372,788,3.901350,2.037898
veh_000907,completed,5447.051433,7.951915,5448.000000,0.948567,8.000000,6230.000,782.000,16093.440000,0.000,227.691,23.405471,782,3.792103,2.049648
veh_000908,completed,5453.672715,6.621282,5454.000000,0.327285,6.000000,6232.000,778.000,16093.440000,0.000,224.127,23.388442,778,1.614604,1.869220
veh_000909,completed,5456.424923,2.752208,5457.000000,0.575077,3.000000,6235.000,778.000,16093.440000,0.000,223.437,25.567247,778,3.173462,2.384336
veh_000910,completed,5462.491717,6.066794,5463.000000,0.508283,6.000000,6237.000,774.000,16093.440000,0.000,219.518,24.242565,774,2.853244,1.494387
veh_000911,completed,5467.886036,5.394320,5468.000000,0.113964,5.000000,6239.000,771.000,16093.440000,0.000,216.477,24.263357,771,2.254599,1.763866
veh_000912,completed,5476.503296,8.617259,5477.000000,0.496704,9.000000,6262.000,785.000,16093.440000,0.000,230.935,19.648151,785,3.770207,2.220872
veh_000913,completed,5481.409809,4.906513,5482.000000,0.590191,5.000000,6265.000,783.000,16093.440000,0.000,228.462,22.280979,783,1.890400,1.960825
veh_000914,completed,5486.538656,5.128848,5487.000000,0.461344,5.000000,6304.000,817.000,16093.440000,0.000,262.923,20.354529,817,3.043376,1.974502
veh_000915,completed,5491.173055,4.634399,5492.000000,0.826945,5.000000,6306.000,814.000,16093.440000,0.000,259.898,25.427169,814,1.962453,1.564528
veh_000916,completed,5495.591971,4.418916,5496.000000,0.408029,4.000000,6309.000,813.000,16093.440000,0.000,258.484,23.371674,813,2.344036,1.777307
veh_000917,completed,5500.541227,4.949256,5501.000000,0.458773,5.000000,6311.000,810.000,16093.440000,0.000,255.379,22.969241,810,3.953833,1.690223
veh_000918,completed,5504.387341,3.846113,5505.000000,0.612659,4.000000,6312.000,807.000,16093.440000,0.000,253.038,26.340664,807,3.689900,1.642533
veh_000919,completed,5508.840544,4.453204,5509.000000,0.159456,4.000000,6314.000,805.000,16093.440000,0.000,251.105,21.852290,805,2.152874,1.439143
veh_000920,completed,5512.430667,3.590122,5513.000000,0.569333,4.000000,6318.000,805.000,16093.440000,0.000,250.703,22.662193,805,1.869878,1.717094
veh_000921,completed,5516.184748,3.754082,5517.000000,0.815252,4.000000,6320.000,803.000,16093.440000,0.000,249.079,23.285005,803,3.501817,2.156928
veh_000922,completed,5519.845236,3.660487,5520.000000,0.154764,3.000000,6324.000,804.000,16093.440000,0.000,249.551,21.216365,804,2.035170,1.798005
veh_000923,completed,5525.063498,5.218262,5526.000000,0.936502,6.000000,6326.000,800.000,16093.440000,0.000,245.665,21.555451,800,1.826056,1.787175
veh_000924,completed,5530.037965,4.974467,5531.000000,0.962035,5.000000,6353.000,822.000,16093.440000,0.000,267.876,19.912586,822,2.661914,1.512380
veh_000925,completed,5534.198259,4.160294,5535.000000,0.801741,4.000000,6359.000,824.000,16093.440000,0.000,269.840,21.240184,824,3.786360,1.941873
veh_000926,completed,5540.915665,6.717406,5541.000000,0.084335,6.000000,6361.000,820.000,16093.440000,0.000,265.752,25.217257,820,2.113872,2.057433
veh_000927,completed,5546.843552,5.927886,5547.000000,0.156448,6.000000,6368.000,821.000,16093.440000,0.000,267.128,21.585372,821,3.348184,1.348750
veh_000928,completed,5552.195588,5.352036,5553.000000,0.804412,6.000000,6370.000,817.000,16093.440000,0.000,263.116,23.396548,817,4.635384,1.898664
veh_000929,completed,5557.499628,5.304040,5558.000000,0.500372,5.000000,6389.000,831.000,16093.440000,0.000,277.130,19.540908,831,2.601586,1.424507
veh_000930,completed,5565.888947,8.389319,5566.000000,0.111053,8.000000,6392.000,826.000,16093.440000,0.000,271.749,22.875817,826,2.709411,2.024043
veh_000931,completed,5572.248668,6.359721,5573.000000,0.751332,7.000000,6396.000,823.000,16093.440000,0.000,268.892,20.897219,823,2.410462,2.670182
veh_000932,completed,5578.961736,6.713067,5579.000000,0.038264,6.000000,6406.000,827.000,16093.440000,0.000,272.865,19.236238,827,4.648286,1.644676
veh_000933,completed,5581.082676,2.120940,5582.000000,0.917324,3.000000,6409.000,827.000,16093.440000,0.000,272.685,21.287228,827,3.399387,1.504183
veh_000934,completed,5586.102074,5.019398,5587.000000,0.897926,5.000000,6411.000,824.000,16093.440000,0.000,269.496,24.659690,824,3.370586,1.624176
veh_000935,completed,5588.845564,2.743490,5589.000000,0.154436,2.000000,6415.000,826.000,16093.440000,0.000,271.863,22.322107,826,3.782274,1.792175
veh_000936,completed,5594.206257,5.360694,5595.000000,0.793743,6.000000,6417.000,822.000,16093.440000,0.000,268.011,21.854189,822,4.231615,1.752234
veh_000937,completed,5600.766223,6.559965,5601.000000,0.233777,6.000000,6442.000,841.000,16093.440000,0.000,287.113,19.746206,841,2.187050,1.029404
veh_000938,completed,5605.754776,4.988553,5606.000000,0.245224,5.000000,6444.000,838.000,16093.440000,0.000,283.960,24.795914,838,3.165758,1.403028
veh_000939,completed,5612.532689,6.777913,5613.000000,0.467311,7.000000,6446.000,833.000,16093.440000,0.000,278.966,22.655273,833,2.519338,1.778515
veh_000940,completed,5616.998564,4.465875,5617.000000,0.001436,4.000000,6460.000,843.000,16093.440000,0.000,288.993,19.525678,843,5.280469,2.214512
veh_000941,completed,5623.862269,6.863705,5624.000000,0.137731,7.000000,6463.000,839.000,16093.440000,0.000,284.657,22.469226,839,3.017116,2.507069
veh_000942,completed,5627.531855,3.669586,5628.000000,0.468145,4.000000,6475.000,847.000,16093.440000,0.000,292.886,19.968083,847,2.853126,1.643901
veh_000943,completed,5633.139323,5.607468,5634.000000,0.860677,6.000000,6477.000,843.000,16093.440000,0.000,288.804,21.674299,843,3.405955,1.729403
veh_000944,completed,5639.769033,6.629711,5640.000000,0.230967,6.000000,6494.000,854.000,16093.440000,0.000,300.119,19.931414,854,2.888138,1.847592
veh_000945,completed,5646.572915,6.803881,5647.000000,0.427085,7.000000,6496.000,849.000,16093.440000,0.000,294.862,23.664612,849,3.324842,1.405644
veh_000946,completed,5652.382020,5.809105,5653.000000,0.617980,6.000000,6499.000,846.000,16093.440000,0.000,291.599,20.700285,846,2.319871,1.960845
veh_000947,completed,5661.291591,8.909571,5662.000000,0.708409,9.000000,6501.000,839.000,16093.440000,0.000,284.343,25.951315,839,2.531391,1.720516
veh_000948,completed,5666.669961,5.378370,5667.000000,0.330039,5.000000,6504.000,837.000,16093.440000,0.000,282.727,19.672401,837,3.256079,1.954803
veh_000949,completed,5671.993468,5.323506,5672.000000,0.006532,5.000000,6506.000,834.000,16093.440000,0.000,279.491,26.182313,834,3.577725,1.816059
veh_000950,completed,5680.646868,8.653401,5681.000000,0.353132,9.000000,6508.000,827.000,16093.440000,0.000,272.888,25.749091,827,3.450774,2.073907
veh_000951,completed,5686.093371,5.446503,5687.000000,0.906629,6.000000,6511.000,824.000,16093.440000,0.000,269.538,21.196355,824,3.455190,2.189980
veh_000952,completed,5690.329348,4.235977,5691.000000,0.670652,4.000000,6513.000,822.000,16093.440000,0.000,267.729,25.625306,822,2.083189,2.035263
veh_000953,completed,5698.310704,7.981357,5699.000000,0.689296,8.000000,6515.000,816.000,16093.440000,0.000,261.716,24.842130,816,2.608240,2.019807
veh_000954,completed,5706.163964,7.853259,5707.000000,0.836036,8.000000,6517.000,810.000,16093.440000,0.000,255.447,22.761293,810,1.537842,1.545372
veh_000955,completed,5712.326452,6.162488,5713.000000,0.673548,6.000000,6519.000,806.000,16093.440000,0.000,251.963,21.832242,806,2.403289,2.414177
veh_000956,completed,5716.174070,3.847618,5717.000000,0.825930,4.000000,6521.000,804.000,16093.440000,0.000,249.809,22.028576,804,2.403230,1.922166
veh_000957,completed,5722.802534,6.628464,5723.000000,0.197466,6.000000,6569.000,846.000,16093.440000,0.000,292.105,18.602070,846,3.720159,2.293490
veh_000958,completed,5727.870446,5.067912,5728.000000,0.129554,5.000000,6572.000,844.000,16093.440000,0.000,289.447,21.236186,844,3.637198,1.722332
veh_000959,completed,5732.114288,4.243842,5733.000000,0.885712,5.000000,6574.000,841.000,16093.440000,0.000,286.956,23.762450,841,3.733729,1.516781
veh_000960,completed,5739.679347,7.565059,5740.000000,0.320653,7.000000,6576.000,836.000,16093.440000,0.000,282.119,22.701568,836,2.767902,1.917307
veh_000961,completed,5742.480458,2.801112,5743.000000,0.519542,3.000000,6579.000,836.000,16093.440000,0.000,281.844,19.899987,836,3.370882,1.842159
veh_000962,completed,5749.331203,6.850745,5750.000000,0.668797,7.000000,6581.000,831.000,16093.440000,0.000,276.971,25.248601,831,4.335204,1.871198
veh_000963,completed,5756.020236,6.689033,5757.000000,0.979764,7.000000,6583.000,826.000,16093.440000,0.000,272.141,23.956381,826,4.017321,2.009617
veh_000964,completed,5765.096752,9.076516,5766.000000,0.903248,9.000000,6585.000,819.000,16093.440000,0.000,265.081,25.821961,819,2.270839,1.568987
veh_000965,completed,5771.584513,6.487761,5772.000000,0.415487,6.000000,6588.000,816.000,16093.440000,0.000,261.450,21.756779,816,2.837111,2.124493
veh_000966,completed,5774.496866,2.912353,5775.000000,0.503134,3.000000,6589.000,814.000,16093.440000,0.000,260.146,25.174955,814,2.189427,1.839809
veh_000967,completed,5779.242684,4.745819,5780.000000,0.757316,5.000000,6593.000,813.000,16093.440000,0.000,258.855,22.277598,813,3.538037,1.725348
veh_000968,completed,5785.339685,6.097000,5786.000000,0.660315,6.000000,6595.000,809.000,16093.440000,0.000,255.016,24.567318,809,2.903858,2.195488
veh_000969,completed,5791.873030,6.533345,5792.000000,0.126970,6.000000,6599.000,807.000,16093.440000,0.000,252.896,21.462817,807,3.955236,2.272628
veh_000970,completed,5799.344254,7.471224,5800.000000,0.655746,8.000000,6602.000,802.000,16093.440000,0.000,247.433,21.343495,802,3.338023,2.145554
veh_000971,completed,5802.404741,3.060486,5803.000000,0.595259,3.000000,6611.000,808.000,16093.440000,0.000,253.458,21.568535,808,3.310234,1.829352
veh_000972,completed,5807.909816,5.505075,5808.000000,0.090184,5.000000,6613.000,805.000,16093.440000,0.000,250.603,24.424719,805,3.769025,1.838673
veh_000973,completed,5815.364607,7.454791,5816.000000,0.635393,8.000000,6623.000,807.000,16093.440000,0.000,252.674,20.648113,807,3.861768,1.632033
veh_000974,completed,5823.680562,8.315955,5824.000000,0.319438,8.000000,6624.000,800.000,16093.440000,0.000,246.137,23.776147,800,2.814957,1.076441
veh_000975,completed,5832.472098,8.791536,5833.000000,0.527902,9.000000,6626.000,793.000,16093.440000,0.000,239.134,22.389181,793,2.101025,1.579141
veh_000976,completed,5837.886769,5.414671,5838.000000,0.113231,5.000000,6629.000,791.000,16093.440000,0.000,236.595,23.492592,791,3.394825,1.877732
veh_000977,completed,5845.533177,7.646408,5846.000000,0.466823,8.000000,6631.000,785.000,16093.440000,0.000,230.843,22.274225,785,2.868119,1.929418
veh_000978,completed,5854.100745,8.567569,5855.000000,0.899255,9.000000,6669.000,814.000,16093.440000,0.000,259.798,19.726074,814,1.683645,1.394081
veh_000979,completed,5861.897850,7.797104,5862.000000,0.102150,7.000000,6672.000,810.000,16093.440000,0.000,255.810,22.915343,810,2.934632,1.817631
veh_000980,completed,5868.983378,7.085528,5869.000000,0.016622,7.000000,6674.000,805.000,16093.440000,0.000,250.476,20.937695,805,1.964309,1.324592
veh_000981,completed,5876.225073,7.241695,5877.000000,0.774927,8.000000,6676.000,799.000,16093.440000,0.000,244.937,23.281018,799,3.973561,2.525046
veh_000982,completed,5881.040247,4.815174,5882.000000,0.959753,5.000000,6685.000,803.000,16093.440000,0.000,248.674,22.305613,803,2.856827,1.625347
veh_000983,completed,5884.869372,3.829125,5885.000000,0.130628,3.000000,6687.000,802.000,16093.440000,0.000,247.801,23.209283,802,2.993638,1.742695
veh_000984,completed,5892.343644,7.474272,5893.000000,0.656356,8.000000,6712.000,819.000,16093.440000,0.000,264.561,20.962191,819,4.851640,1.639879
veh_000985,completed,5897.823044,5.479400,5898.000000,0.176956,5.000000,6714.000,816.000,16093.440000,0.000,261.691,24.615748,816,2.850997,2.113987
veh_000986,completed,5903.780843,5.957800,5904.000000,0.219157,6.000000,6717.000,813.000,16093.440000,0.000,258.836,21.101298,813,3.106216,2.517545
veh_000987,completed,5908.912763,5.131920,5909.000000,0.087237,5.000000,6719.000,810.000,16093.440000,0.000,255.846,23.285582,810,2.275787,1.787536
veh_000988,completed,5914.323403,5.410640,5915.000000,0.676597,6.000000,6721.000,806.000,16093.440000,0.000,251.787,20.300855,806,3.167139,1.374388
veh_000989,completed,5920.672527,6.349124,5921.000000,0.327473,6.000000,6765.000,844.000,16093.440000,0.000,289.840,19.499306,844,2.741244,1.772800
veh_000990,completed,5925.139738,4.467211,5926.000000,0.860262,5.000000,6767.000,841.000,16093.440000,0.000,286.935,22.443719,841,3.841313,1.547899
veh_000991,completed,5931.242488,6.102750,5932.000000,0.757512,6.000000,6784.000,852.000,16093.440000,0.000,297.578,19.467537,852,2.239260,2.263166
veh_000992,completed,5937.611570,6.369082,5938.000000,0.388430,6.000000,6786.000,848.000,16093.440000,0.000,293.372,24.737530,848,1.873567,1.521078
veh_000993,completed,5943.495537,5.883967,5944.000000,0.504463,6.000000,6788.000,844.000,16093.440000,0.000,289.652,20.395051,844,3.421509,1.663380
veh_000994,completed,5948.380092,4.884555,5949.000000,0.619908,5.000000,6790.000,841.000,16093.440000,0.000,286.641,20.808293,841,4.346665,1.789142
veh_000995,completed,5955.560022,7.179930,5956.000000,0.439978,7.000000,6792.000,836.000,16093.440000,0.000,281.851,26.209911,836,2.229475,2.059418
veh_000996,completed,5964.368978,8.808955,5965.000000,0.631022,9.000000,6794.000,829.000,16093.440000,0.000,274.872,24.626543,829,3.460256,1.668236
veh_000997,completed,5969.467113,5.098136,5970.000000,0.532887,5.000000,6796.000,826.000,16093.440000,0.000,271.845,21.326201,826,3.197982,1.785971
veh_000998,completed,5977.318807,7.851694,5978.000000,0.681193,8.000000,6799.000,821.000,16093.440000,0.000,266.480,20.702197,821,2.793230,1.589528
veh_000999,completed,5984.652704,7.333896,5985.000000,0.347296,7.000000,6801.000,816.000,16093.440000,0.000,261.496,22.158899,816,2.661046,1.790116
veh_001000,completed,5986.672826,2.020122,5987.000000,0.327174,2.000000,6814.000,827.000,16093.440000,0.000,273.155,19.422281,827,3.832422,1.472326
veh_001001,completed,5991.531035,4.858209,5992.000000,0.468965,5.000000,6817.000,825.000,16093.440000,0.000,270.465,23.428311,825,2.280569,1.861193
veh_001002,completed,5996.577274,5.046240,5997.000000,0.422726,5.000000,6819.000,822.000,16093.440000,0.000,267.722,22.956330,822,4.349206,1.641617
veh_001003,completed,6003.749932,7.172657,6004.000000,0.250068,7.000000,6821.000,817.000,16093.440000,0.000,262.758,25.424050,817,4.351271,1.802158
veh_001004,completed,6010.032664,6.282732,6011.000000,0.967336,7.000000,6823.000,812.000,16093.440000,0.000,257.585,23.646167,812,1.959690,1.813802
veh_001005,completed,6016.744261,6.711597,6017.000000,0.255739,6.000000,6825.000,808.000,16093.440000,0.000,254.020,22.095995,808,2.070414,1.840223
veh_001006,completed,6023.698679,6.954418,6024.000000,0.301321,7.000000,6828.000,804.000,16093.440000,0.000,249.434,26.388823,804,3.365266,2.194171
veh_001007,completed,6028.350304,4.651625,6029.000000,0.649696,5.000000,6830.000,801.000,16093.440000,0.000,246.338,24.884902,801,3.350207,1.468345
veh_001008,completed,6033.230479,4.880175,6034.000000,0.769521,5.000000,6834.000,800.000,16093.440000,0.000,245.879,21.345487,800,3.054948,1.976593
veh_001009,completed,6037.396146,4.165667,6038.000000,0.603854,4.000000,6836.000,798.000,16093.440000,0.000,244.047,21.107398,798,2.992703,2.046350
veh_001010,completed,6043.140740,5.744594,6044.000000,0.859260,6.000000,6839.000,795.000,16093.440000,0.000,240.434,23.694436,795,3.599398,1.639574
veh_001011,completed,6048.962085,5.821345,6049.000000,0.037915,5.000000,6843.000,794.000,16093.440000,0.000,240.026,20.208756,794,3.603984,1.418702
veh_001012,completed,6055.218893,6.256808,6056.000000,0.781107,7.000000,6845.000,789.000,16093.440000,0.000,235.023,24.428859,789,3.270030,1.706362
veh_001013,completed,6060.127931,4.909039,6061.000000,0.872069,5.000000,6848.000,787.000,16093.440000,0.000,232.649,21.606803,787,1.804708,1.363249
veh_001014,completed,6067.487718,7.359787,6068.000000,0.512282,7.000000,6850.000,782.000,16093.440000,0.000,227.740,23.709044,782,3.306706,2.125391
veh_001015,completed,6074.863384,7.375666,6075.000000,0.136616,7.000000,6852.000,777.000,16093.440000,0.000,223.133,20.997293,777,1.974747,1.619721
veh_001016,completed,6083.183163,8.319778,6084.000000,0.816837,9.000000,6854.000,770.000,16093.440000,0.000,216.122,22.919399,770,4.119616,1.817432
veh_001017,completed,6090.250125,7.066962,6091.000000,0.749875,7.000000,6901.000,810.000,16093.440000,0.000,255.597,20.437742,810,2.105918,2.171487
veh_001018,completed,6096.528391,6.278267,6097.000000,0.471609,6.000000,6934.000,837.000,16093.440000,0.000,282.595,20.129713,837,2.426482,1.488881
veh_001019,completed,6103.537027,7.008636,6104.000000,0.462973,7.000000,6936.000,832.000,16093.440000,0.000,277.429,25.291108,832,2.766932,1.579033
veh_001020,completed,6110.451655,6.914628,6111.000000,0.548345,7.000000,6938.000,827.000,16093.440000,0.000,272.448,23.861711,827,3.001899,1.510237
veh_001021,completed,6115.473933,5.022278,6116.000000,0.526067,5.000000,6940.000,824.000,16093.440000,0.000,269.775,22.138551,824,2.940877,1.978346
veh_001022,completed,6123.408011,7.934078,6124.000000,0.591989,8.000000,6942.000,818.000,16093.440000,0.000,263.781,20.943133,818,2.243660,1.682208
veh_001023,completed,6131.985788,8.577777,6132.000000,0.014212,8.000000,6981.000,849.000,16093.440000,0.000,294.971,19.942546,849,3.422449,1.813912
veh_001024,completed,6140.951218,8.965430,6141.000000,0.048782,9.000000,6994.000,853.000,16093.440000,0.000,298.836,19.973193,853,1.953904,2.192692
veh_001025,completed,6147.004056,6.052839,6148.000000,0.995944,7.000000,6996.000,848.000,16093.440000,0.000,293.703,21.520602,848,2.542915,1.605164
veh_001026,completed,6153.490462,6.486406,6154.000000,0.509538,6.000000,6998.000,844.000,16093.440000,0.000,289.486,25.999746,844,2.633842,1.541896
veh_001027,completed,6160.115000,6.624538,6161.000000,0.885000,7.000000,7000.000,839.000,16093.440000,0.000,284.552,23.791577,839,2.518166,1.589269
veh_001028,completed,6166.111182,5.996182,6167.000000,0.888818,6.000000,7001.000,834.000,16093.440000,0.000,280.043,22.813427,834,2.242227,1.432063
veh_001029,completed,6173.040115,6.928933,6174.000000,0.959885,7.000000,7003.000,829.000,16093.440000,0.000,274.984,21.570374,829,2.621008,1.552992
veh_001030,completed,6178.858345,5.818230,6179.000000,0.141655,5.000000,7006.000,827.000,16093.440000,0.000,272.416,24.047299,827,3.151357,1.919503
veh_001031,completed,6184.567670,5.709325,6185.000000,0.432330,6.000000,7007.000,822.000,16093.440000,0.000,267.923,23.725600,822,3.159232,1.755461
veh_001032,completed,6193.206143,8.638473,6194.000000,0.793857,9.000000,7010.000,816.000,16093.440000,0.000,261.731,20.672941,816,2.458466,2.336553
veh_001033,completed,6199.453217,6.247073,6200.000000,0.546783,6.000000,7012.000,812.000,16093.440000,0.000,258.004,21.095290,812,2.863319,1.847570
veh_001034,completed,6205.553732,6.100515,6206.000000,0.446268,6.000000,7015.000,809.000,16093.440000,0.000,254.650,21.625845,809,2.871561,1.497325
veh_001035,completed,6212.876761,7.323029,6213.000000,0.123239,7.000000,7017.000,804.000,16093.440000,0.000,249.845,22.488235,804,2.904316,1.685429
veh_001036,completed,6219.102260,6.225499,6220.000000,0.897740,7.000000,7033.000,813.000,16093.440000,0.000,258.702,19.489395,813,3.616713,2.146259
veh_001037,completed,6225.539694,6.437433,6226.000000,0.460306,6.000000,7052.000,826.000,16093.440000,0.000,271.882,19.417446,826,4.014900,1.902240
veh_001038,completed,6231.444347,5.904654,6232.000000,0.555653,6.000000,7054.000,822.000,16093.440000,0.000,267.615,22.297731,822,2.840026,1.544637
veh_001039,completed,6235.613723,4.169375,6236.000000,0.386277,4.000000,7078.000,842.000,16093.440000,0.000,287.731,19.564521,842,4.037765,1.466742
veh_001040,completed,6241.567265,5.953542,6242.000000,0.432735,6.000000,7080.000,838.000,16093.440000,0.000,283.944,23.116987,838,3.942364,1.887126
veh_001041,completed,6245.861938,4.294673,6246.000000,0.138062,4.000000,7082.000,836.000,16093.440000,0.000,281.953,24.539025,836,2.727457,1.648126
veh_001042,completed,6252.177165,6.315227,6253.000000,0.822835,7.000000,7084.000,831.000,16093.440000,0.000,277.110,24.981135,831,3.645223,1.828320
veh_001043,completed,6256.405007,4.227843,6257.000000,0.594993,4.000000,7086.000,829.000,16093.440000,0.000,274.778,23.926746,829,3.430159,1.760657
veh_001044,completed,6263.780071,7.375064,6264.000000,0.219929,7.000000,7088.000,824.000,16093.440000,0.000,269.938,22.979088,824,3.273628,1.384275
veh_001045,completed,6270.903923,7.123852,6271.000000,0.096077,7.000000,7090.000,819.000,16093.440000,0.000,265.113,21.487178,819,2.977470,1.456694
veh_001046,completed,6277.324566,6.420642,6278.000000,0.675434,7.000000,7093.000,815.000,16093.440000,0.000,260.561,22.855589,815,5.061023,2.108611
veh_001047,completed,6283.174365,5.849799,6284.000000,0.825635,6.000000,7094.000,810.000,16093.440000,0.000,256.013,21.991080,810,4.455148,1.357344
veh_001048,completed,6289.798817,6.624452,6290.000000,0.201183,6.000000,7096.000,806.000,16093.440000,0.000,251.826,24.574153,806,3.258048,1.479614
veh_001049,completed,6292.851319,3.052502,6293.000000,0.148681,3.000000,7098.000,805.000,16093.440000,0.000,250.755,21.533353,805,2.598153,1.380122
veh_001050,completed,6297.206089,4.354770,6298.000000,0.793911,5.000000,7100.000,802.000,16093.440000,0.000,247.933,20.320312,802,3.563507,2.089776
veh_001051,completed,6302.982990,5.776900,6303.000000,0.017010,5.000000,7102.000,799.000,16093.440000,0.000,245.069,23.445002,799,3.827067,1.682584
veh_001052,completed,6309.500879,6.517889,6310.000000,0.499121,7.000000,7151.000,841.000,16093.440000,0.000,286.795,19.583325,841,2.622609,2.044598
veh_001053,completed,6315.381785,5.880906,6316.000000,0.618215,6.000000,7153.000,837.000,16093.440000,0.000,282.833,22.361832,837,3.056147,1.633493
veh_001054,completed,6319.874870,4.493085,6320.000000,0.125130,4.000000,7175.000,855.000,16093.440000,0.000,301.141,19.678680,855,3.615319,1.872764
veh_001055,completed,6326.075039,6.200169,6327.000000,0.924961,7.000000,7177.000,850.000,16093.440000,0.000,296.126,19.936447,850,3.438997,1.461790
veh_001056,completed,6331.394488,5.319449,6332.000000,0.605512,5.000000,7179.000,847.000,16093.440000,0.000,293.137,25.484159,847,2.080084,1.584479
veh_001057,completed,6335.791593,4.397104,6336.000000,0.208407,4.000000,7181.000,845.000,16093.440000,0.000,291.068,23.456801,845,2.608346,1.653051
veh_001058,completed,6342.285846,6.494253,6343.000000,0.714154,7.000000,7183.000,840.000,16093.440000,0.000,286.155,21.448103,840,2.459351,1.769964
veh_001059,completed,6347.970878,5.685033,6348.000000,0.029122,5.000000,7185.000,837.000,16093.440000,0.000,283.041,23.860394,837,3.297751,1.668137
veh_001060,completed,6355.765603,7.794725,6356.000000,0.234397,8.000000,7190.000,834.000,16093.440000,0.000,279.626,19.428433,834,2.430060,1.782818
veh_001061,completed,6362.763901,6.998298,6363.000000,0.236099,7.000000,7192.000,829.000,16093.440000,0.000,274.760,22.435341,829,3.564485,1.905550
veh_001062,completed,6369.865908,7.102007,6370.000000,0.134092,7.000000,7195.000,825.000,16093.440000,0.000,270.646,20.091901,825,3.526522,2.420316
veh_001063,completed,6376.348408,6.482500,6377.000000,0.651592,7.000000,7197.000,820.000,16093.440000,0.000,265.621,23.025693,820,3.465301,2.024974
veh_001064,completed,6381.080641,4.732233,6382.000000,0.919359,5.000000,7204.000,822.000,16093.440000,0.000,267.628,19.114162,822,2.819499,1.746602
veh_001065,completed,6385.677200,4.596559,6386.000000,0.322800,4.000000,7206.000,820.000,16093.440000,0.000,265.929,21.841360,820,5.032967,1.849476
veh_001066,completed,6389.470463,3.793263,6390.000000,0.529537,4.000000,7212.000,822.000,16093.440000,0.000,268.107,20.458796,822,2.807859,1.653176
veh_001067,completed,6399.788982,10.318519,6400.000000,0.211018,10.000000,7238.000,838.000,16093.440000,0.000,283.585,19.628307,838,3.154845,2.166585
veh_001068,completed,6404.169815,4.380833,6405.000000,0.830185,5.000000,7240.000,835.000,16093.440000,0.000,280.683,24.483266,835,2.747224,1.917789
veh_001069,completed,6409.855067,5.685252,6410.000000,0.144933,5.000000,7248.000,838.000,16093.440000,0.000,283.809,20.606386,838,2.929493,1.847676
veh_001070,completed,6415.314483,5.459416,6416.000000,0.685517,6.000000,7250.000,834.000,16093.440000,0.000,279.961,23.169478,834,2.413786,1.965788
veh_001071,completed,6420.892837,5.578354,6421.000000,0.107163,5.000000,7255.000,834.000,16093.440000,0.000,280.119,21.521028,834,3.762288,2.479754
veh_001072,completed,6426.016761,5.123924,6427.000000,0.983239,6.000000,7257.000,830.000,16093.440000,0.000,276.076,22.915036,830,2.777272,1.512760
veh_001073,completed,6429.214244,3.197483,6430.000000,0.785756,3.000000,7260.000,830.000,16093.440000,0.000,275.528,22.820848,830,2.897120,2.201225
veh_001074,completed,6433.716953,4.502709,6434.000000,0.283047,4.000000,7262.000,828.000,16093.440000,0.000,273.521,20.319849,828,3.058075,1.682398
veh_001075,completed,6437.630949,3.913996,6438.000000,0.369051,4.000000,7264.000,826.000,16093.440000,0.000,271.391,21.523266,826,1.011350,1.519698
veh_001076,completed,6443.440780,5.809831,6444.000000,0.559220,6.000000,7266.000,822.000,16093.440000,0.000,267.327,25.772232,822,2.037310,2.251539
veh_001077,completed,6448.414481,4.973701,6449.000000,0.585519,5.000000,7268.000,819.000,16093.440000,0.000,265.143,21.678698,819,3.520810,2.638725
veh_001078,completed,6453.383710,4.969230,6454.000000,0.616290,5.000000,7282.000,828.000,16093.440000,0.000,273.513,19.208057,828,2.838166,1.944535
veh_001079,completed,6459.707529,6.323819,6460.000000,0.292471,6.000000,7284.000,824.000,16093.440000,0.000,269.736,22.561786,824,4.056097,1.737806
veh_001080,completed,6464.833351,5.125822,6465.000000,0.166649,5.000000,7286.000,821.000,16093.440000,0.000,266.825,22.730509,821,4.478290,2.123662
veh_001081,completed,6472.231493,7.398141,6473.000000,0.768507,8.000000,7289.000,816.000,16093.440000,0.000,261.345,25.530014,816,2.386689,2.272759
veh_001082,completed,6477.652223,5.420730,6478.000000,0.347777,5.000000,7291.000,813.000,16093.440000,0.000,258.404,24.608794,813,3.493956,1.768521
veh_001083,completed,6483.989958,6.337735,6484.000000,0.010042,6.000000,7295.000,811.000,16093.440000,0.000,256.588,23.000843,811,3.357297,1.903325
veh_001084,completed,6488.002013,4.012055,6489.000000,0.997987,5.000000,7297.000,808.000,16093.440000,0.000,254.016,23.805605,808,2.492820,2.362759
veh_001085,completed,6494.987322,6.985310,6495.000000,0.012678,6.000000,7299.000,804.000,16093.440000,0.000,249.986,22.131879,804,4.489422,1.742460
veh_001086,completed,6500.379547,5.392225,6501.000000,0.620453,6.000000,7323.000,822.000,16093.440000,0.000,267.588,19.954166,822,3.562573,1.650120
veh_001087,completed,6506.992685,6.613137,6507.000000,0.007315,6.000000,7325.000,818.000,16093.440000,0.000,263.546,20.272410,818,2.225549,1.517076
veh_001088,completed,6513.487692,6.495008,6514.000000,0.512308,7.000000,7326.000,812.000,16093.440000,0.000,257.894,25.359285,812,1.818944,1.168333
veh_001089,completed,6519.227528,5.739835,6520.000000,0.772472,6.000000,7366.000,846.000,16093.440000,0.000,291.549,18.733243,846,3.925725,1.762672
veh_001090,completed,6525.553686,6.326159,6526.000000,0.446314,6.000000,7367.000,841.000,16093.440000,0.000,287.106,26.259793,841,1.209640,1.458759
veh_001091,completed,6530.975742,5.422055,6531.000000,0.024258,5.000000,7370.000,839.000,16093.440000,0.000,284.563,24.554251,839,3.415151,1.709513
veh_001092,completed,6538.994906,8.019165,6539.000000,0.005094,8.000000,7372.000,833.000,16093.440000,0.000,278.915,24.432508,833,3.033768,2.332800
veh_001093,completed,6546.396339,7.401433,6547.000000,0.603661,8.000000,7374.000,827.000,16093.440000,0.000,273.152,20.677943,827,3.635074,1.937721
veh_001094,completed,6553.120081,6.723741,6554.000000,0.879919,7.000000,7376.000,822.000,16093.440000,0.000,268.071,23.236277,822,3.196499,1.797886
veh_001095,completed,6557.349870,4.229789,6558.000000,0.650130,4.000000,7379.000,821.000,16093.440000,0.000,266.459,23.903200,821,2.975744,1.836050
veh_001096,completed,6561.700912,4.351042,6562.000000,0.299088,4.000000,7381.000,819.000,16093.440000,0.000,265.140,22.503213,819,2.751594,2.326962
veh_001097,completed,6566.705119,5.004208,6567.000000,0.294881,5.000000,7401.000,834.000,16093.440000,0.000,280.137,19.069154,834,2.699437,1.815152
veh_001098,completed,6572.337616,5.632496,6573.000000,0.662384,6.000000,7403.000,830.000,16093.440000,0.000,276.019,23.423151,830,2.951135,1.824627
veh_001099,completed,6579.009639,6.672024,6580.000000,0.990361,7.000000,7406.000,826.000,16093.440000,0.000,271.492,22.355834,826,4.050260,2.072094
veh_001100,completed,6583.664832,4.655193,6584.000000,0.335168,4.000000,7408.000,824.000,16093.440000,0.000,269.617,24.603511,824,3.344963,2.007566
veh_001101,completed,6591.430443,7.765611,6592.000000,0.569557,8.000000,7415.000,823.000,16093.440000,0.000,268.940,20.210062,823,3.269626,2.095873
veh_001102,completed,6597.435836,6.005392,6598.000000,0.564164,6.000000,7418.000,820.000,16093.440000,0.000,265.378,21.981151,820,2.714656,1.998862
veh_001103,completed,6600.416663,2.980827,6601.000000,0.583337,3.000000,7434.000,833.000,16093.440000,0.000,278.957,20.824133,833,3.104835,1.983494
veh_001104,completed,6605.703687,5.287024,6606.000000,0.296313,5.000000,7438.000,832.000,16093.440000,0.000,277.918,23.219036,832,1.723279,1.756710
veh_001105,completed,6607.825909,2.122222,6608.000000,0.174091,2.000000,7440.000,832.000,16093.440000,0.000,277.748,22.088044,832,4.274070,1.605154
veh_001106,completed,6612.698316,4.872407,6613.000000,0.301684,5.000000,7442.000,829.000,16093.440000,0.000,274.888,22.451888,829,2.902818,2.046138
veh_001107,completed,6617.874625,5.176308,6618.000000,0.125375,5.000000,7444.000,826.000,16093.440000,0.000,271.600,21.646933,826,3.081674,1.423564
veh_001108,completed,6622.959009,5.084385,6623.000000,0.040991,5.000000,7467.000,844.000,16093.440000,0.000,289.503,19.444622,844,3.987474,1.803722
veh_001109,completed,6628.471129,5.512120,6629.000000,0.528871,6.000000,7469.000,840.000,16093.440000,0.000,286.058,21.199142,840,2.730301,2.021436
veh_001110,completed,6633.879976,5.408847,6634.000000,0.120024,5.000000,7475.000,841.000,16093.440000,0.000,286.883,19.549302,841,4.533291,1.953975
veh_001111,completed,6638.989375,5.109398,6639.000000,0.010625,5.000000,7480.000,841.000,16093.440000,0.000,286.554,19.977679,841,2.135393,1.528364
veh_001112,completed,6647.243120,8.253745,6648.000000,0.756880,9.000000,7552.000,904.000,16093.440000,0.000,349.885,18.114375,904,2.695349,1.768216
veh_001113,completed,6655.065474,7.822353,6656.000000,0.934526,8.000000,7555.000,899.000,16093.440000,0.000,344.500,20.790247,899,1.747226,2.181973
veh_001114,completed,6659.352713,4.287239,6660.000000,0.647287,4.000000,7557.000,897.000,16093.440000,0.000,342.701,20.644360,897,2.360720,2.128538
veh_001115,completed,6667.233562,7.880850,6668.000000,0.766438,8.000000,7559.000,891.000,16093.440000,0.000,336.951,21.647300,891,2.638307,2.289394
veh_001116,completed,6670.801511,3.567949,6671.000000,0.198489,3.000000,7561.000,890.000,16093.440000,0.000,336.133,20.913647,890,3.088898,1.944765
veh_001117,completed,6675.579593,4.778082,6676.000000,0.420407,5.000000,7564.000,888.000,16093.440000,0.000,333.821,20.789987,888,3.102636,2.184909
veh_001118,completed,6683.867382,8.287789,6684.000000,0.132618,8.000000,7582.000,898.000,16093.440000,0.000,344.089,18.999896,898,3.600828,2.286580
veh_001119,completed,6686.508052,2.640670,6687.000000,0.491948,3.000000,7586.000,899.000,16093.440000,0.000,344.727,18.783516,899,2.018754,1.688739
veh_001120,completed,6693.370231,6.862178,6694.000000,0.629769,7.000000,7588.000,894.000,16093.440000,0.000,339.918,24.659102,894,2.837269,2.160666
veh_001121,completed,6697.489989,4.119759,6698.000000,0.510011,4.000000,7590.000,892.000,16093.440000,0.000,337.814,21.342447,892,2.898060,1.630890
veh_001122,completed,6703.273989,5.784000,6704.000000,0.726011,6.000000,7601.000,897.000,16093.440000,0.000,342.722,18.672749,897,4.499441,1.942033
veh_001123,completed,6709.003684,5.729695,6710.000000,0.996316,6.000000,7603.000,893.000,16093.440000,0.000,338.846,24.827808,893,4.151604,1.812707
veh_001124,completed,6717.549491,8.545806,6718.000000,0.450509,8.000000,7605.000,887.000,16093.440000,0.000,332.737,21.857856,887,3.567642,1.277133
veh_001125,completed,6722.333586,4.784095,6723.000000,0.666414,5.000000,7607.000,884.000,16093.440000,0.000,329.654,24.431613,884,2.342704,1.555366
veh_001126,completed,6728.230063,5.896477,6729.000000,0.769937,6.000000,7609.000,880.000,16093.440000,0.000,325.662,23.292959,880,3.573317,1.729966
veh_001127,completed,6735.170592,6.940530,6736.000000,0.829408,7.000000,7630.000,894.000,16093.440000,0.000,339.658,18.266122,894,2.208401,1.670360
veh_001128,completed,6740.792926,5.622334,6741.000000,0.207074,5.000000,7632.000,891.000,16093.440000,0.000,336.520,23.028938,891,1.621162,1.339489
veh_001129,completed,6745.559825,4.766899,6746.000000,0.440175,5.000000,7633.000,887.000,16093.440000,0.000,332.982,23.800201,887,1.774994,1.404913
veh_001130,completed,6751.471026,5.911200,6752.000000,0.528974,6.000000,7635.000,883.000,16093.440000,0.000,329.070,23.481543,883,1.380951,1.715820
veh_001131,completed,6757.611293,6.140267,6758.000000,0.388707,6.000000,7640.000,882.000,16093.440000,0.000,327.700,20.307807,882,3.826542,2.038237
veh_001132,completed,6764.937376,7.326083,6765.000000,0.062624,7.000000,7641.000,876.000,16093.440000,0.000,321.973,21.132457,876,2.628347,1.125822
veh_001133,completed,6769.522797,4.585421,6770.000000,0.477203,5.000000,7646.000,876.000,16093.440000,0.000,321.901,19.983719,876,1.971505,1.791266
veh_001134,completed,6774.849102,5.326304,6775.000000,0.150898,5.000000,7648.000,873.000,16093.440000,0.000,318.950,20.787489,873,2.150669,1.800280
veh_001135,completed,6781.333516,6.484414,6782.000000,0.666484,7.000000,7651.000,869.000,16093.440000,0.000,314.581,19.982169,869,2.196399,1.377886
veh_001136,completed,6787.082765,5.749249,6788.000000,0.917235,6.000000,7653.000,865.000,16093.440000,0.000,310.827,21.622740,865,3.179459,1.851243
veh_001137,completed,6792.804844,5.722080,6793.000000,0.195156,5.000000,7655.000,862.000,16093.440000,0.000,307.602,23.021540,862,3.460438,1.467469
veh_001138,completed,6798.779340,5.974495,6799.000000,0.220660,6.000000,7657.000,858.000,16093.440000,0.000,304.101,20.509071,858,3.824026,2.439163
veh_001139,completed,6803.735580,4.956241,6804.000000,0.264420,5.000000,7659.000,855.000,16093.440000,0.000,301.093,22.729731,855,2.860680,1.967798
veh_001140,completed,6808.536045,4.800464,6809.000000,0.463955,5.000000,7662.000,853.000,16093.440000,0.000,298.511,24.479564,853,5.344302,1.987842
veh_001141,completed,6815.197140,6.661095,6816.000000,0.802860,7.000000,7664.000,848.000,16093.440000,0.000,293.567,21.625809,848,3.033982,1.456644
veh_001142,completed,6819.554490,4.357350,6820.000000,0.445510,4.000000,7684.000,864.000,16093.440000,0.000,309.920,19.802843,864,2.536800,1.943660
veh_001143,completed,6827.302566,7.748076,6828.000000,0.697434,8.000000,7686.000,858.000,16093.440000,0.000,303.844,26.303585,858,3.984356,1.680695
veh_001144,completed,6833.628523,6.325957,6834.000000,0.371477,6.000000,7688.000,854.000,16093.440000,0.000,299.937,23.010611,854,1.995470,1.557680
veh_001145,completed,6837.713711,4.085188,6838.000000,0.286289,4.000000,7690.000,852.000,16093.440000,0.000,297.778,24.124792,852,2.972872,1.604125
veh_001146,completed,6844.138252,6.424540,6845.000000,0.861748,7.000000,7692.000,847.000,16093.440000,0.000,292.856,19.084707,847,2.135619,1.967220
veh_001147,completed,6850.389170,6.250918,6851.000000,0.610830,6.000000,7694.000,843.000,16093.440000,0.000,288.640,19.726123,843,4.187896,1.116738
veh_001148,completed,6857.532412,7.143242,6858.000000,0.467588,7.000000,7695.000,837.000,16093.440000,0.000,282.958,24.047181,837,2.350412,1.404871
veh_001149,completed,6865.270686,7.738274,6866.000000,0.729314,8.000000,7697.000,831.000,16093.440000,0.000,276.605,25.021634,831,3.723883,1.217255
veh_001150,completed,6870.721057,5.450371,6871.000000,0.278943,5.000000,7699.000,828.000,16093.440000,0.000,273.731,23.660209,828,3.695415,2.140590
veh_001151,completed,6875.659413,4.938356,6876.000000,0.340587,5.000000,7701.000,825.000,16093.440000,0.000,270.958,22.595103,825,3.710323,1.856500
veh_001152,completed,6880.750441,5.091028,6881.000000,0.249559,5.000000,7704.000,823.000,16093.440000,0.000,268.606,20.509297,823,1.582784,1.399521
veh_001153,completed,6885.278808,4.528367,6886.000000,0.721192,5.000000,7706.000,820.000,16093.440000,0.000,265.922,21.284779,820,3.525751,2.032908
veh_001154,completed,6890.159146,4.880338,6891.000000,0.840854,5.000000,7708.000,817.000,16093.440000,0.000,262.697,23.289667,817,2.047642,1.730191
veh_001155,completed,6896.585900,6.426754,6897.000000,0.414100,6.000000,7711.000,814.000,16093.440000,0.000,259.830,20.566994,814,1.726708,1.510521
veh_001156,completed,6902.608798,6.022899,6903.000000,0.391202,6.000000,7713.000,810.000,16093.440000,0.000,255.826,23.887731,810,2.668626,1.555543
veh_001157,completed,6907.871763,5.262964,6908.000000,0.128237,5.000000,7715.000,807.000,16093.440000,0.000,252.750,21.684448,807,2.744666,1.747778
veh_001158,completed,6912.764379,4.892616,6913.000000,0.235621,5.000000,7793.000,880.000,16093.440000,0.000,326.101,18.941879,880,1.779870,1.769600
veh_001159,completed,6919.286209,6.521829,6920.000000,0.713791,7.000000,7796.000,876.000,16093.440000,0.000,321.650,24.251267,876,1.861303,1.997858
veh_001160,completed,6924.533810,5.247601,6925.000000,0.466190,5.000000,7798.000,873.000,16093.440000,0.000,318.576,23.535065,873,3.131111,1.575906
veh_001161,completed,6928.973575,4.439765,6929.000000,0.026425,4.000000,7800.000,871.000,16093.440000,0.000,316.894,20.932661,871,2.848386,1.844016
veh_001162,completed,6934.746063,5.772488,6935.000000,0.253937,6.000000,7803.000,868.000,16093.440000,0.000,313.834,21.640918,868,3.225132,1.961372
veh_001163,completed,6940.349322,5.603260,6941.000000,0.650678,6.000000,7805.000,864.000,16093.440000,0.000,309.895,20.301928,864,3.864161,1.845462
veh_001164,completed,6944.744260,4.394938,6945.000000,0.255740,4.000000,7807.000,862.000,16093.440000,0.000,307.973,21.459882,862,3.443148,1.953157
veh_001165,completed,6951.985025,7.240765,6952.000000,0.014975,7.000000,7809.000,857.000,16093.440000,0.000,302.815,25.089977,857,3.548723,1.595201
veh_001166,completed,6959.254044,7.269019,6960.000000,0.745956,8.000000,7811.000,851.000,16093.440000,0.000,296.622,22.565286,851,2.247910,1.764681
veh_001167,completed,6965.315384,6.061341,6966.000000,0.684616,6.000000,7813.000,847.000,16093.440000,0.000,292.928,21.173190,847,3.455039,2.014777
veh_001168,completed,6971.511945,6.196561,6972.000000,0.488055,6.000000,7815.000,843.000,16093.440000,0.000,289.155,21.985718,843,2.910172,1.911406
veh_001169,completed,6978.302907,6.790962,6979.000000,0.697093,7.000000,7817.000,838.000,16093.440000,0.000,283.952,24.775928,838,2.561285,1.607659
veh_001170,completed,6984.256523,5.953616,6985.000000,0.743477,6.000000,7820.000,835.000,16093.440000,0.000,280.463,22.356378,835,2.567940,1.818694
veh_001171,completed,6991.593461,7.336938,6992.000000,0.406539,7.000000,7822.000,830.000,16093.440000,0.000,275.922,23.664440,830,3.297669,2.109115
veh_001172,completed,7000.077474,8.484013,7001.000000,0.922526,9.000000,7824.000,823.000,16093.440000,0.000,269.104,21.807210,823,2.505467,2.000416
veh_001173,completed,7006.198214,6.120740,7007.000000,0.801786,6.000000,7826.000,819.000,16093.440000,0.000,265.104,26.294107,819,2.805033,1.802783
veh_001174,completed,7012.858594,6.660380,7013.000000,0.141406,6.000000,7829.000,816.000,16093.440000,0.000,261.514,23.115933,816,2.579295,2.079887
veh_001175,completed,7020.168771,7.310178,7021.000000,0.831229,8.000000,7831.000,810.000,16093.440000,0.000,255.481,25.049995,810,3.335888,1.829211
veh_001176,completed,7025.661707,5.492936,7026.000000,0.338293,5.000000,7889.000,863.000,16093.440000,0.000,308.728,19.073439,863,2.401892,1.936640
veh_001177,completed,7029.969250,4.307543,7030.000000,0.030750,4.000000,7890.000,860.000,16093.440000,0.000,306.121,21.226701,860,3.860178,1.495842
veh_001178,completed,7037.328252,7.359001,7038.000000,0.671748,8.000000,7892.000,854.000,16093.440000,0.000,300.136,24.897246,854,3.550852,1.618641
veh_001179,completed,7040.975105,3.646853,7041.000000,0.024895,3.000000,7895.000,854.000,16093.440000,0.000,299.830,22.158133,854,3.744573,2.075112
veh_001180,completed,7049.658360,8.683255,7050.000000,0.341640,9.000000,7898.000,848.000,16093.440000,0.000,293.409,25.541038,848,4.152360,1.987733
veh_001181,completed,7056.964010,7.305650,7057.000000,0.035990,7.000000,7965.000,908.000,16093.440000,0.000,354.066,18.138916,908,2.741344,1.943821
veh_001182,completed,7063.245547,6.281537,7064.000000,0.754453,7.000000,7967.000,903.000,16093.440000,0.000,348.798,22.891809,903,1.790132,1.466643
veh_001183,completed,7069.322191,6.076644,7070.000000,0.677809,6.000000,7969.000,899.000,16093.440000,0.000,344.746,21.387756,899,3.820158,1.742420
veh_001184,completed,7077.949228,8.627037,7078.000000,0.050772,8.000000,7971.000,893.000,16093.440000,0.000,338.672,19.920835,893,2.023587,1.787039
veh_001185,completed,7082.529889,4.580661,7083.000000,0.470111,5.000000,7973.000,890.000,16093.440000,0.000,335.679,20.921455,890,3.741281,1.818760
veh_001186,completed,7086.789599,4.259710,7087.000000,0.210401,4.000000,7974.000,887.000,16093.440000,0.000,333.079,20.812371,887,4.208744,1.127589
veh_001187,completed,7091.892395,5.102796,7092.000000,0.107605,5.000000,7977.000,885.000,16093.440000,0.000,330.732,19.832058,885,3.669021,1.984536
veh_001188,completed,7097.499699,5.607304,7098.000000,0.500301,6.000000,7979.000,881.000,16093.440000,0.000,327.015,20.507599,881,2.766298,2.395509
veh_001189,completed,7101.989995,4.490296,7102.000000,0.010005,4.000000,7982.000,880.000,16093.440000,0.000,325.393,23.744107,880,1.991991,2.227394
veh_001190,completed,7108.220786,6.230792,7109.000000,0.779214,7.000000,7984.000,875.000,16093.440000,0.000,320.580,22.656032,875,2.909175,1.704885
veh_001191,completed,7114.424704,6.203917,7115.000000,0.575296,6.000000,7986.000,871.000,16093.440000,0.000,316.866,19.649986,871,3.118567,1.741105
veh_001192,completed,7119.203918,4.779214,7120.000000,0.796082,5.000000,7989.000,869.000,16093.440000,0.000,314.800,19.814106,869,2.383659,2.225952
veh_001193,completed,7127.608497,8.404579,7128.000000,0.391503,8.000000,7991.000,863.000,16093.440000,0.000,308.900,24.247123,863,2.759415,1.957673
veh_001194,completed,7131.520386,3.911889,7132.000000,0.479614,4.000000,7993.000,861.000,16093.440000,0.000,306.878,18.487176,861,1.701887,1.618361
veh_001195,completed,7135.605302,4.084916,7136.000000,0.394698,4.000000,7995.000,859.000,16093.440000,0.000,305.005,21.119283,859,1.936320,2.189641
veh_001196,completed,7142.169482,6.564180,7143.000000,0.830518,7.000000,7998.000,855.000,16093.440000,0.000,300.754,23.597260,855,3.858159,1.883082
veh_001197,completed,7147.858258,5.688776,7148.000000,0.141742,5.000000,8001.000,853.000,16093.440000,0.000,298.714,21.055967,853,3.222306,2.398626
veh_001198,completed,7154.484848,6.626590,7155.000000,0.515152,7.000000,8002.000,847.000,16093.440000,0.000,293.098,23.243390,847,2.454464,1.193621
veh_001199,completed,7159.556392,5.071544,7160.000000,0.443608,5.000000,8004.000,844.000,16093.440000,0.000,289.899,21.377192,844,3.063929,1.500511
veh_001200,completed,7164.006382,4.449990,7165.000000,0.993618,5.000000,8006.000,841.000,16093.440000,0.000,286.873,23.545463,841,2.954657,1.960971
veh_001201,completed,7169.038067,5.031685,7170.000000,0.961933,5.000000,8008.000,838.000,16093.440000,0.000,284.099,23.913635,838,2.245884,2.047567
veh_001202,completed,7174.012674,4.974607,7175.000000,0.987326,5.000000,8075.000,900.000,16093.440000,0.000,345.617,18.004929,900,2.570344,1.574109
veh_001203,completed,7180.800168,6.787494,7181.000000,0.199832,6.000000,8077.000,896.000,16093.440000,0.000,341.663,23.172076,896,2.862348,1.911223
veh_001204,completed,7186.080231,5.280062,7187.000000,0.919769,6.000000,8079.000,892.000,16093.440000,0.000,337.568,20.982719,892,3.686479,1.643236
veh_001205,completed,7193.222376,7.142146,7194.000000,0.777624,7.000000,8081.000,887.000,16093.440000,0.000,332.727,24.050522,887,2.297388,2.062205
veh_001206,completed,7200.104489,6.882113,7201.000000,0.895511,7.000000,8083.000,882.000,16093.440000,0.000,327.870,23.087758,882,3.576359,1.626399
veh_001207,completed,7207.665384,7.560894,7208.000000,0.334616,7.000000,8085.000,877.000,16093.440000,0.000,322.971,20.395671,877,2.316055,2.056542
veh_001208,completed,7215.016462,7.351079,7216.000000,0.983538,8.000000,8087.000,871.000,16093.440000,0.000,317.128,23.732071,871,3.051457,1.967586
veh_001209,completed,7222.192991,7.176529,7223.000000,0.807009,7.000000,8090.000,867.000,16093.440000,0.000,312.741,23.571617,867,4.762501,2.266272
veh_001210,completed,7229.347771,7.154779,7230.000000,0.652229,7.000000,8092.000,862.000,16093.440000,0.000,308.099,24.000781,862,2.375543,2.107892
veh_001211,completed,7234.572732,5.224962,7235.000000,0.427268,5.000000,8096.000,861.000,16093.440000,0.000,306.958,19.782000,861,5.195424,1.414660
veh_001212,completed,7240.179906,5.607174,7241.000000,0.820094,6.000000,8098.000,857.000,16093.440000,0.000,302.956,21.156816,857,1.815168,1.516342
veh_001213,completed,7243.434716,3.254809,7244.000000,0.565284,3.000000,8101.000,857.000,16093.440000,0.000,302.608,23.289174,857,2.930959,1.986780
veh_001214,completed,7249.872341,6.437626,7250.000000,0.127659,6.000000,8103.000,853.000,16093.440000,0.000,298.554,26.744541,853,2.671957,1.687187
veh_001215,completed,7254.861693,4.989351,7255.000000,0.138307,5.000000,8105.000,850.000,16093.440000,0.000,295.766,25.279248,850,3.056306,1.888717
veh_001216,completed,7261.464011,6.602318,7262.000000,0.535989,7.000000,8107.000,845.000,16093.440000,0.000,290.389,25.202761,845,2.645018,1.624121
veh_001217,completed,7268.255237,6.791226,7269.000000,0.744763,7.000000,8110.000,841.000,16093.440000,0.000,286.766,21.639801,841,3.221343,2.003514
veh_001218,completed,7272.227096,3.971859,7273.000000,0.772904,4.000000,8112.000,839.000,16093.440000,0.000,284.646,26.369262,839,3.092316,1.518684
veh_001219,completed,7276.706337,4.479241,7277.000000,0.293663,4.000000,8114.000,837.000,16093.440000,0.000,283.008,19.827939,837,3.371405,2.003711
veh_001220,completed,7282.182318,5.475980,7283.000000,0.817682,6.000000,8117.000,834.000,16093.440000,0.000,279.774,22.818459,834,2.618517,2.358514
veh_001221,completed,7287.405917,5.223599,7288.000000,0.594083,5.000000,8119.000,831.000,16093.440000,0.000,276.747,24.693205,831,2.734113,1.858232
veh_001222,completed,7293.656447,6.250530,7294.000000,0.343553,6.000000,8121.000,827.000,16093.440000,0.000,272.526,24.510107,827,2.218358,1.781693
veh_001223,completed,7297.923311,4.266864,7298.000000,0.076689,4.000000,8123.000,825.000,16093.440000,0.000,270.452,24.773888,825,2.837825,1.679354
veh_001224,completed,7303.994079,6.070767,7304.000000,0.005921,6.000000,8125.000,821.000,16093.440000,0.000,266.312,21.779511,821,3.272949,1.690054
veh_001225,completed,7307.461351,3.467272,7308.000000,0.538649,4.000000,8188.000,880.000,16093.440000,0.000,325.780,18.565055,880,2.385359,1.816451
veh_001226,completed,7310.228685,2.767334,7311.000000,0.771315,3.000000,8194.000,883.000,16093.440000,0.000,329.117,21.635229,883,3.347667,1.740188
veh_001227,completed,7317.303680,7.074995,7318.000000,0.696320,7.000000,8197.000,879.000,16093.440000,0.000,324.549,25.152203,879,3.331456,2.000039
veh_001228,completed,7321.345710,4.042030,7322.000000,0.654290,4.000000,8199.000,877.000,16093.440000,0.000,322.800,24.122759,877,3.067039,2.074735
veh_001229,completed,7326.505834,5.160123,7327.000000,0.494166,5.000000,8222.000,895.000,16093.440000,0.000,341.060,18.287976,895,2.890507,2.318732
veh_001230,completed,7330.379789,3.873956,7331.000000,0.620211,4.000000,8225.000,894.000,16093.440000,0.000,339.697,25.473722,894,2.011175,2.176224
veh_001231,completed,7334.266483,3.886694,7335.000000,0.733517,4.000000,8227.000,892.000,16093.440000,0.000,337.870,22.081205,892,3.008204,1.966645
veh_001232,completed,7339.668198,5.401715,7340.000000,0.331802,5.000000,8229.000,889.000,16093.440000,0.000,334.643,23.161248,889,3.660104,1.368967
veh_001233,completed,7345.053006,5.384807,7346.000000,0.946994,6.000000,8230.000,884.000,16093.440000,0.000,330.039,26.043225,884,3.383837,1.357235
veh_001234,completed,7352.526886,7.473881,7353.000000,0.473114,7.000000,8233.000,880.000,16093.440000,0.000,325.495,21.836404,880,3.911264,1.772729
veh_001235,completed,7359.201154,6.674268,7360.000000,0.798846,7.000000,8235.000,875.000,16093.440000,0.000,320.673,24.030262,875,3.706546,1.790483
veh_001236,completed,7364.809477,5.608322,7365.000000,0.190523,5.000000,8237.000,872.000,16093.440000,0.000,317.813,21.195402,872,2.199455,1.712004
veh_001237,completed,7371.946002,7.136525,7372.000000,0.053998,7.000000,8240.000,868.000,16093.440000,0.000,313.440,26.632251,868,3.585617,1.996538
veh_001238,completed,7379.620833,7.674831,7380.000000,0.379167,8.000000,8241.000,861.000,16093.440000,0.000,307.018,22.199345,861,3.823555,1.107181
veh_001239,completed,7386.237780,6.616947,7387.000000,0.762220,7.000000,8244.000,857.000,16093.440000,0.000,302.812,22.274242,857,2.796123,2.013641
veh_001240,completed,7391.628306,5.390526,7392.000000,0.371694,5.000000,8246.000,854.000,16093.440000,0.000,300.017,20.915125,854,2.960958,1.818475
veh_001241,completed,7399.156211,7.527905,7400.000000,0.843789,8.000000,8248.000,848.000,16093.440000,0.000,293.786,22.848409,848,2.408697,1.676246
veh_001242,completed,7407.808994,8.652782,7408.000000,0.191006,8.000000,8250.000,842.000,16093.440000,0.000,287.932,24.630202,842,2.738140,1.667592
veh_001243,completed,7414.799795,6.990801,7415.000000,0.200205,7.000000,8256.000,841.000,16093.440000,0.000,286.610,19.102551,841,3.590116,1.920414
veh_001244,completed,7423.455810,8.656015,7424.000000,0.544190,9.000000,8258.000,834.000,16093.440000,0.000,279.921,21.578272,834,2.847416,2.010295
veh_001245,completed,7430.845708,7.389898,7431.000000,0.154292,7.000000,8260.000,829.000,16093.440000,0.000,274.760,21.507993,829,2.691742,1.434133
veh_001246,completed,7438.118996,7.273288,7439.000000,0.881004,8.000000,8262.000,823.000,16093.440000,0.000,268.724,21.813495,823,3.100524,1.636394
veh_001247,completed,7442.483716,4.364720,7443.000000,0.516284,4.000000,8306.000,863.000,16093.440000,0.000,308.605,18.808125,863,3.096437,1.706108
veh_001248,completed,7446.813392,4.329676,7447.000000,0.186608,4.000000,8319.000,872.000,16093.440000,0.000,317.518,20.458719,872,4.040590,2.161580
veh_001249,completed,7452.739167,5.925775,7453.000000,0.260833,6.000000,8320.000,867.000,16093.440000,0.000,313.117,25.802756,867,3.643999,1.419651
veh_001250,completed,7456.234981,3.495813,7457.000000,0.765019,4.000000,8323.000,866.000,16093.440000,0.000,311.935,21.670369,866,2.492854,2.026794
veh_001251,completed,7461.345550,5.110569,7462.000000,0.654450,5.000000,8325.000,863.000,16093.440000,0.000,308.993,26.058858,863,2.949965,1.785514
veh_001252,completed,7468.646556,7.301006,7469.000000,0.353444,7.000000,8328.000,859.000,16093.440000,0.000,304.683,20.608614,859,1.311089,1.646845
veh_001253,completed,7473.648823,5.002267,7474.000000,0.351177,5.000000,8330.000,856.000,16093.440000,0.000,301.895,20.720353,856,1.984721,2.104077
veh_001254,completed,7480.448609,6.799787,7481.000000,0.551391,7.000000,8333.000,852.000,16093.440000,0.000,297.557,20.144006,852,2.310548,2.150231
veh_001255,completed,7484.421733,3.973124,7485.000000,0.578267,4.000000,8335.000,850.000,16093.440000,0.000,295.490,20.228429,850,3.668781,1.563153
veh_001256,completed,7489.681272,5.259538,7490.000000,0.318728,5.000000,8337.000,847.000,16093.440000,0.000,292.602,20.973501,847,2.827132,1.686396
veh_001257,completed,7497.216432,7.535161,7498.000000,0.783568,8.000000,8340.000,842.000,16093.440000,0.000,287.417,23.597683,842,4.586083,2.715185
veh_001258,completed,7503.529201,6.312769,7504.000000,0.470799,6.000000,8342.000,838.000,16093.440000,0.000,283.556,24.511769,838,2.113729,1.541278
veh_001259,completed,7509.964625,6.435424,7510.000000,0.035375,6.000000,8344.000,834.000,16093.440000,0.000,279.780,25.055869,834,3.291728,2.069700
veh_001260,completed,7518.521710,8.557086,7519.000000,0.478290,9.000000,8346.000,827.000,16093.440000,0.000,272.609,21.335783,827,3.223369,1.468354
veh_001261,completed,7526.466916,7.945205,7527.000000,0.533084,8.000000,8348.000,821.000,16093.440000,0.000,266.740,21.056623,821,2.981742,2.014024
veh_001262,completed,7531.151630,4.684715,7532.000000,0.848370,5.000000,8350.000,818.000,16093.440000,0.000,263.714,21.753088,818,1.899948,1.448011
veh_001263,completed,7539.128478,7.976848,7540.000000,0.871522,8.000000,8407.000,867.000,16093.440000,0.000,313.005,18.259537,867,2.712274,1.881903
veh_001264,completed,7544.205612,5.077134,7545.000000,0.794388,5.000000,8411.000,866.000,16093.440000,0.000,311.636,19.156620,866,4.210022,1.415097
veh_001265,completed,7550.179227,5.973615,7551.000000,0.820773,6.000000,8413.000,862.000,16093.440000,0.000,308.012,23.525922,862,3.666605,2.096777
veh_001266,completed,7556.202047,6.022820,7557.000000,0.797953,6.000000,8415.000,858.000,16093.440000,0.000,304.156,23.945792,858,2.498760,1.913708
veh_001267,completed,7563.811607,7.609560,7564.000000,0.188393,7.000000,8418.000,854.000,16093.440000,0.000,299.489,21.780609,854,2.961788,1.935247
veh_001268,completed,7568.117707,4.306100,7569.000000,0.882293,5.000000,8420.000,851.000,16093.440000,0.000,296.934,22.225980,851,4.415350,1.973273
veh_001269,completed,7574.795499,6.677791,7575.000000,0.204501,6.000000,8422.000,847.000,16093.440000,0.000,292.779,20.821979,847,1.812821,1.463487
veh_001270,completed,7581.581521,6.786022,7582.000000,0.418479,7.000000,8424.000,842.000,16093.440000,0.000,288.042,24.625429,842,2.184700,2.183320
veh_001271,completed,7588.798791,7.217270,7589.000000,0.201209,7.000000,8427.000,838.000,16093.440000,0.000,283.430,24.116150,838,3.373703,1.882299
veh_001272,completed,7594.483212,5.684421,7595.000000,0.516788,6.000000,8429.000,834.000,16093.440000,0.000,280.103,22.979829,834,3.736307,1.522506
veh_001273,completed,7601.988330,7.505118,7602.000000,0.011670,7.000000,8432.000,830.000,16093.440000,0.000,275.778,22.067339,830,3.264258,2.184658
veh_001274,completed,7606.921015,4.932684,7607.000000,0.078985,5.000000,8434.000,827.000,16093.440000,0.000,272.822,22.600692,827,3.462307,1.728766
veh_001275,completed,7614.641603,7.720588,7615.000000,0.358397,8.000000,8475.000,860.000,16093.440000,0.000,305.866,18.474618,860,2.338920,1.713231
veh_001276,completed,7621.169963,6.528360,7622.000000,0.830037,7.000000,8477.000,855.000,16093.440000,0.000,300.818,24.733050,855,3.621308,1.328071
veh_001277,completed,7625.069839,3.899876,7626.000000,0.930161,4.000000,8480.000,854.000,16093.440000,0.000,299.718,21.221766,854,2.590470,1.619670
veh_001278,completed,7631.681719,6.611881,7632.000000,0.318281,6.000000,8482.000,850.000,16093.440000,0.000,295.639,21.313615,850,4.042970,1.699853
veh_001279,completed,7637.950676,6.268957,7638.000000,0.049324,6.000000,8485.000,847.000,16093.440000,0.000,293.127,21.581844,847,3.045332,1.958572
veh_001280,completed,7643.417191,5.466515,7644.000000,0.582809,6.000000,8488.000,844.000,16093.440000,0.000,289.710,24.114414,844,2.225568,2.054791
veh_001281,completed,7648.312811,4.895620,7649.000000,0.687189,5.000000,8490.000,841.000,16093.440000,0.000,287.134,21.802760,841,1.847843,2.281017
veh_001282,completed,7653.952522,5.639711,7654.000000,0.047478,5.000000,8498.000,844.000,16093.440000,0.000,289.695,20.165616,844,2.971076,1.627736
veh_001283,completed,7657.789286,3.836764,7658.000000,0.210714,4.000000,8500.000,842.000,16093.440000,0.000,287.481,26.355035,842,2.664058,1.579923
veh_001284,completed,7666.325365,8.536079,7667.000000,0.674635,9.000000,8501.000,834.000,16093.440000,0.000,280.022,24.055349,834,3.290507,1.423356
veh_001285,completed,7670.632947,4.307582,7671.000000,0.367053,4.000000,8524.000,853.000,16093.440000,0.000,298.583,19.350228,853,3.577247,1.808922
veh_001286,completed,7675.641022,5.008075,7676.000000,0.358978,5.000000,8526.000,850.000,16093.440000,0.000,295.673,24.120613,850,3.666603,1.924810
veh_001287,completed,7683.358371,7.717349,7684.000000,0.641629,8.000000,8529.000,845.000,16093.440000,0.000,290.870,20.676460,845,2.391209,1.738069
veh_001288,completed,7690.235917,6.877546,7691.000000,0.764083,7.000000,8532.000,841.000,16093.440000,0.000,286.560,23.952757,841,2.826045,2.023571
veh_001289,completed,7697.316285,7.080368,7698.000000,0.683715,7.000000,8533.000,835.000,16093.440000,0.000,281.006,22.070702,835,3.216151,1.291678
veh_001290,completed,7705.591348,8.275063,7706.000000,0.408652,8.000000,8535.000,829.000,16093.440000,0.000,275.096,22.136400,829,2.669795,1.522046
veh_001291,completed,7711.123134,5.531786,7712.000000,0.876866,6.000000,8537.000,825.000,16093.440000,0.000,271.113,21.787897,825,3.998425,1.473404
veh_001292,completed,7715.553391,4.430258,7716.000000,0.446609,4.000000,8540.000,824.000,16093.440000,0.000,269.737,23.192858,824,3.400893,2.131999
veh_001293,completed,7722.819793,7.266402,7723.000000,0.180207,7.000000,8542.000,819.000,16093.440000,0.000,264.647,22.367543,819,4.130222,1.446702
veh_001294,completed,7730.014211,7.194417,7731.000000,0.985789,8.000000,8633.000,902.000,16093.440000,0.000,348.074,18.519351,902,3.068733,1.822854
veh_001295,completed,7735.523877,5.509666,7736.000000,0.476123,5.000000,8636.000,900.000,16093.440000,0.000,345.607,21.458715,900,3.224411,1.746684
veh_001296,completed,7739.625507,4.101630,7740.000000,0.374493,4.000000,8638.000,898.000,16093.440000,0.000,343.676,24.199544,898,1.662927,1.667225
veh_001297,completed,7747.484233,7.858726,7748.000000,0.515767,8.000000,8640.000,892.000,16093.440000,0.000,337.498,19.998365,892,2.542039,1.555865
veh_001298,completed,7754.348004,6.863771,7755.000000,0.651996,7.000000,8645.000,890.000,16093.440000,0.000,335.645,19.053425,890,3.107589,2.010089
veh_001299,completed,7758.287793,3.939789,7759.000000,0.712207,4.000000,8647.000,888.000,16093.440000,0.000,333.841,26.079483,888,2.792701,1.949591
veh_001300,completed,7765.457724,7.169931,7766.000000,0.542276,7.000000,8668.000,902.000,16093.440000,0.000,347.829,18.356083,902,2.841626,1.921396
veh_001301,completed,7769.296257,3.838534,7770.000000,0.703743,4.000000,8670.000,900.000,16093.440000,0.000,346.052,22.198084,900,3.264482,1.942623
veh_001302,completed,7774.572312,5.276054,7775.000000,0.427688,5.000000,8673.000,898.000,16093.440000,0.000,343.745,23.991391,898,3.749037,1.814275
veh_001303,completed,7778.887348,4.315036,7779.000000,0.112652,4.000000,8675.000,896.000,16093.440000,0.000,341.984,22.016557,896,2.579610,2.058473
veh_001304,completed,7783.930602,5.043254,7784.000000,0.069398,5.000000,8678.000,894.000,16093.440000,0.000,339.627,19.083598,894,1.497688,1.841866
veh_001305,completed,7788.680635,4.750033,7789.000000,0.319365,5.000000,8680.000,891.000,16093.440000,0.000,336.668,25.487748,891,2.262264,1.905797
veh_001306,completed,7793.760669,5.080034,7794.000000,0.239331,5.000000,8685.000,891.000,16093.440000,0.000,336.805,18.139456,891,3.503538,1.289066
veh_001307,completed,7800.847065,7.086396,7801.000000,0.152935,7.000000,8687.000,886.000,16093.440000,0.000,332.135,20.144720,886,3.037195,1.396987
veh_001308,completed,7807.288951,6.441886,7808.000000,0.711049,7.000000,8689.000,881.000,16093.440000,0.000,326.982,26.436942,881,4.022838,1.663579
veh_001309,completed,7814.232049,6.943097,7815.000000,0.767951,7.000000,8691.000,876.000,16093.440000,0.000,322.008,22.819945,876,2.262662,1.939977
veh_001310,completed,7821.870562,7.638513,7822.000000,0.129438,7.000000,8693.000,871.000,16093.440000,0.000,316.905,20.761423,871,3.606261,1.567451
veh_001311,completed,7827.311508,5.440946,7828.000000,0.688492,6.000000,8695.000,867.000,16093.440000,0.000,313.149,19.602293,867,2.797426,1.835780
veh_001312,completed,7833.431350,6.119842,7834.000000,0.568650,6.000000,8698.000,864.000,16093.440000,0.000,309.429,23.609668,864,3.249682,1.786187
veh_001313,completed,7840.238580,6.807229,7841.000000,0.761420,7.000000,8699.000,858.000,16093.440000,0.000,304.141,23.936388,858,3.701127,1.548202
veh_001314,completed,7848.798688,8.560108,7849.000000,0.201312,8.000000,8702.000,853.000,16093.440000,0.000,298.857,24.310698,853,3.850832,2.113190
veh_001315,completed,7856.147305,7.348617,7857.000000,0.852695,8.000000,8704.000,847.000,16093.440000,0.000,292.895,21.215753,847,2.909494,1.383058
veh_001316,completed,7864.219632,8.072327,7865.000000,0.780368,8.000000,8706.000,841.000,16093.440000,0.000,286.719,24.128369,841,2.658756,1.601850
veh_001317,completed,7871.748079,7.528447,7872.000000,0.251921,7.000000,8708.000,836.000,16093.440000,0.000,282.007,21.261124,836,2.793560,1.836580
veh_001318,completed,7879.333977,7.585898,7880.000000,0.666023,8.000000,8711.000,831.000,16093.440000,0.000,276.522,19.907104,831,2.646988,2.419382
veh_001319,completed,7882.656972,3.322995,7883.000000,0.343028,3.000000,8716.000,833.000,16093.440000,0.000,278.857,20.076378,833,2.167285,1.901341
veh_001320,completed,7889.978261,7.321289,7890.000000,0.021739,7.000000,8718.000,828.000,16093.440000,0.000,273.805,24.161594,828,3.113412,1.804367
veh_001321,completed,7896.297648,6.319387,7897.000000,0.702352,7.000000,8720.000,823.000,16093.440000,0.000,268.806,26.225897,823,1.895028,1.791672
veh_001322,completed,7902.378969,6.081322,7903.000000,0.621031,6.000000,8722.000,819.000,16093.440000,0.000,264.793,23.179214,819,2.179304,1.675803
veh_001323,completed,7907.588087,5.209117,7908.000000,0.411913,5.000000,8724.000,816.000,16093.440000,0.000,262.157,23.381348,816,2.574496,2.048311
veh_001324,completed,7912.950176,5.362089,7913.000000,0.049824,5.000000,8727.000,814.000,16093.440000,0.000,259.448,23.031418,814,2.484687,1.076273
veh_001325,completed,7919.574447,6.624271,7920.000000,0.425553,7.000000,8728.000,808.000,16093.440000,0.000,253.939,24.470162,808,1.628926,1.521854
veh_001326,completed,7926.834410,7.259964,7927.000000,0.165590,7.000000,8730.000,803.000,16093.440000,0.000,249.039,22.383695,803,3.609494,1.955001
veh_001327,completed,7930.587732,3.753322,7931.000000,0.412268,4.000000,8733.000,802.000,16093.440000,0.000,248.142,22.356579,802,2.206451,2.021068
veh_001328,completed,7936.914888,6.327156,7937.000000,0.085112,6.000000,8736.000,799.000,16093.440000,0.000,244.449,21.302074,799,2.356676,1.727804
veh_001329,completed,7942.073857,5.158970,7943.000000,0.926143,6.000000,8741.000,798.000,16093.440000,0.000,243.660,19.083443,798,1.296301,1.139512
veh_001330,completed,7946.647653,4.573796,7947.000000,0.352347,4.000000,8743.000,796.000,16093.440000,0.000,241.521,22.054542,796,2.351588,1.509879
veh_001331,completed,7953.236587,6.588933,7954.000000,0.763413,7.000000,8745.000,791.000,16093.440000,0.000,236.900,21.936490,791,3.215050,2.155801
veh_001332,completed,7958.743510,5.506923,7959.000000,0.256490,5.000000,8824.000,865.000,16093.440000,0.000,310.856,18.797145,865,2.853599,1.863552
veh_001333,completed,7963.754955,5.011445,7964.000000,0.245045,5.000000,8826.000,862.000,16093.440000,0.000,307.920,22.784585,862,3.797905,1.904814
veh_001334,completed,7968.601207,4.846252,7969.000000,0.398793,5.000000,8828.000,859.000,16093.440000,0.000,304.856,22.711306,859,4.045857,1.781968
veh_001335,completed,7975.023156,6.421948,7976.000000,0.976844,7.000000,8830.000,854.000,16093.440000,0.000,300.068,24.002446,854,3.469604,2.069843
veh_001336,completed,7981.008098,5.984943,7982.000000,0.991902,6.000000,8833.000,851.000,16093.440000,0.000,296.618,22.595246,851,3.586951,1.900446
veh_001337,completed,7985.370638,4.362539,7986.000000,0.629362,4.000000,8836.000,850.000,16093.440000,0.000,295.540,22.981319,850,3.112236,1.986705
veh_001338,completed,7990.109141,4.738504,7991.000000,0.890859,5.000000,8837.000,846.000,16093.440000,0.000,292.077,24.093317,846,2.413988,1.521877
veh_001339,completed,7995.835382,5.726240,7996.000000,0.164618,5.000000,8839.000,843.000,16093.440000,0.000,289.157,19.530233,843,3.135905,1.483127
veh_001340,completed,8002.443103,6.607722,8003.000000,0.556897,7.000000,8841.000,838.000,16093.440000,0.000,283.998,22.534302,838,3.581203,1.771076
veh_001341,completed,8006.868531,4.425428,8007.000000,0.131469,4.000000,8843.000,836.000,16093.440000,0.000,281.933,24.743026,836,3.758119,1.746149
veh_001342,completed,8013.600691,6.732160,8014.000000,0.399309,7.000000,8845.000,831.000,16093.440000,0.000,276.525,24.909161,831,3.295294,1.335599
veh_001343,completed,8018.364687,4.763996,8019.000000,0.635313,5.000000,8847.000,828.000,16093.440000,0.000,273.396,26.024309,828,4.385205,1.374362
veh_001344,completed,8028.456304,10.091617,8029.000000,0.543696,10.000000,8849.000,820.000,16093.440000,0.000,265.761,24.980144,820,3.378320,2.035626
veh_001345,completed,8033.044800,4.588496,8034.000000,0.955200,5.000000,8851.000,817.000,16093.440000,0.000,262.629,22.107923,817,2.846881,1.763568
veh_001346,completed,8037.859612,4.814812,8038.000000,0.140388,4.000000,8853.000,815.000,16093.440000,0.000,260.980,22.938570,815,3.652335,1.722540
veh_001347,completed,8044.150617,6.291005,8045.000000,0.849383,7.000000,8855.000,810.000,16093.440000,0.000,255.885,23.864192,810,1.841530,1.704910
veh_001348,completed,8048.797045,4.646429,8049.000000,0.202955,4.000000,8857.000,808.000,16093.440000,0.000,253.870,21.499698,808,2.566654,1.718504
veh_001349,completed,8056.038492,7.241447,8057.000000,0.961508,8.000000,8859.000,802.000,16093.440000,0.000,247.438,23.893843,802,3.959938,1.268661
veh_001350,completed,8064.740617,8.702125,8065.000000,0.259383,8.000000,8861.000,796.000,16093.440000,0.000,241.780,24.924411,796,1.756922,1.992321
veh_001351,completed,8070.159187,5.418570,8071.000000,0.840813,6.000000,8864.000,793.000,16093.440000,0.000,238.723,20.801015,793,3.320468,1.793727
veh_001352,completed,8076.418343,6.259157,8077.000000,0.581657,6.000000,8866.000,789.000,16093.440000,0.000,234.623,22.747209,789,3.178269,1.617749
veh_001353,completed,8081.641704,5.223361,8082.000000,0.358296,5.000000,8868.000,786.000,16093.440000,0.000,231.624,24.017106,786,3.373989,1.864904
veh_001354,completed,8087.641661,5.999957,8088.000000,0.358339,6.000000,8870.000,782.000,16093.440000,0.000,228.045,21.859208,782,3.936444,2.208959
veh_001355,completed,8095.789262,8.147602,8096.000000,0.210738,8.000000,8873.000,777.000,16093.440000,0.000,222.456,23.996703,777,3.687206,2.119198
veh_001356,completed,8103.130631,7.341369,8104.000000,0.869369,8.000000,8891.000,787.000,16093.440000,0.000,232.791,20.060630,787,3.448755,1.725729
veh_001357,completed,8107.774294,4.643663,8108.000000,0.225706,4.000000,8903.000,795.000,16093.440000,0.000,241.116,20.381136,795,3.391058,2.068477
veh_001358,completed,8116.093151,8.318857,8117.000000,0.906849,9.000000,8906.000,789.000,16093.440000,0.000,234.840,25.939036,789,2.125111,2.419921
veh_001359,completed,8123.836243,7.743092,8124.000000,0.163757,7.000000,9025.000,901.000,16093.440000,0.000,346.773,18.253492,901,2.499717,1.938518
veh_001360,completed,8130.565795,6.729552,8131.000000,0.434205,7.000000,9027.000,896.000,16093.440000,0.000,341.659,23.332081,896,2.675760,1.588955
veh_001361,completed,8135.576969,5.011174,8136.000000,0.423031,5.000000,9028.000,892.000,16093.440000,0.000,338.135,22.763240,892,2.393911,1.603838
veh_001362,completed,8141.675530,6.098561,8142.000000,0.324470,6.000000,9030.000,888.000,16093.440000,0.000,333.930,24.577131,888,3.694360,1.536234
veh_001363,completed,8146.482331,4.806801,8147.000000,0.517669,5.000000,9033.000,886.000,16093.440000,0.000,332.065,23.970840,886,3.133442,2.272751
veh_001364,completed,8153.183740,6.701409,8154.000000,0.816260,7.000000,9036.000,882.000,16093.440000,0.000,327.801,20.738651,882,2.178035,2.128745
veh_001365,completed,8158.709033,5.525293,8159.000000,0.290967,5.000000,9038.000,879.000,16093.440000,0.000,324.651,21.161680,879,2.656552,1.903446
veh_001366,completed,8161.356590,2.647557,8162.000000,0.643410,3.000000,9059.000,897.000,16093.440000,0.000,343.092,19.046222,897,3.805715,1.585321
veh_001367,completed,8168.745895,7.389305,8169.000000,0.254105,7.000000,9061.000,892.000,16093.440000,0.000,338.137,19.430519,892,3.620173,1.770741
veh_001368,completed,8175.033074,6.287180,8176.000000,0.966926,7.000000,9063.000,887.000,16093.440000,0.000,333.111,21.139037,887,2.625336,1.778962
veh_001369,completed,8182.650799,7.617725,8183.000000,0.349201,7.000000,9065.000,882.000,16093.440000,0.000,327.834,21.427764,882,3.174203,1.510754
veh_001370,completed,8188.446529,5.795730,8189.000000,0.553471,6.000000,9068.000,879.000,16093.440000,0.000,324.616,24.361352,879,3.556335,2.447133
veh_001371,completed,8194.729229,6.282700,8195.000000,0.270771,6.000000,9070.000,875.000,16093.440000,0.000,320.652,22.125914,875,2.465539,1.998938
veh_001372,completed,8202.402219,7.672989,8203.000000,0.597781,8.000000,9072.000,869.000,16093.440000,0.000,314.426,20.798358,869,2.441483,1.667683
veh_001373,completed,8208.983914,6.581696,8209.000000,0.016086,6.000000,9074.000,865.000,16093.440000,0.000,310.422,25.449969,865,2.532119,1.776564
veh_001374,completed,8215.415917,6.432003,8216.000000,0.584083,7.000000,9075.000,859.000,16093.440000,0.000,305.070,25.987726,859,2.426823,1.659586
veh_001375,completed,8226.237503,10.821586,8227.000000,0.762497,11.000000,9078.000,851.000,16093.440000,0.000,296.674,22.352667,851,2.363349,1.941726
veh_001376,completed,8231.984003,5.746500,8232.000000,0.015997,5.000000,9080.000,848.000,16093.440000,0.000,293.662,23.699526,848,1.760550,1.772347
veh_001377,completed,8238.237782,6.253779,8239.000000,0.762218,7.000000,9082.000,843.000,16093.440000,0.000,288.837,21.071641,843,3.202850,1.616741
veh_001378,completed,8246.838825,8.601043,8247.000000,0.161175,8.000000,9085.000,838.000,16093.440000,0.000,283.435,21.751468,838,3.079046,2.042370
veh_001379,completed,8251.631313,4.792488,8252.000000,0.368687,5.000000,9087.000,835.000,16093.440000,0.000,280.519,22.371252,835,3.126804,1.704417
veh_001380,completed,8256.069817,4.438504,8257.000000,0.930183,5.000000,9088.000,831.000,16093.440000,0.000,276.981,23.990609,831,2.129676,1.817087
veh_001381,completed,8259.921718,3.851901,8260.000000,0.078282,3.000000,9144.000,884.000,16093.440000,0.000,329.415,18.280627,884,2.715685,2.096426
veh_001382,completed,8266.722212,6.800494,8267.000000,0.277788,7.000000,9146.000,879.000,16093.440000,0.000,324.643,21.893802,879,2.588614,1.709221
veh_001383,completed,8273.660658,6.938446,8274.000000,0.339342,7.000000,9148.000,874.000,16093.440000,0.000,319.726,21.901844,874,4.230239,1.819330
veh_001384,completed,8280.772890,7.112231,8281.000000,0.227110,7.000000,9150.000,869.000,16093.440000,0.000,314.787,20.949798,869,2.422033,1.390634
veh_001385,completed,8284.742550,3.969660,8285.000000,0.257450,4.000000,9152.000,867.000,16093.440000,0.000,313.154,21.287829,867,2.472909,1.494033
veh_001386,completed,8292.251338,7.508789,8293.000000,0.748662,8.000000,9155.000,862.000,16093.440000,0.000,307.654,22.642062,862,2.980703,1.947769
veh_001387,completed,8300.047237,7.795899,8301.000000,0.952763,8.000000,9157.000,856.000,16093.440000,0.000,301.722,20.579104,856,2.990216,1.723598
veh_001388,completed,8305.901270,5.854033,8306.000000,0.098730,5.000000,9159.000,853.000,16093.440000,0.000,298.560,25.578178,853,1.745424,1.840426
veh_001389,completed,8311.950120,6.048850,8312.000000,0.049880,6.000000,9161.000,849.000,16093.440000,0.000,294.538,23.349019,849,1.964531,1.626274
veh_001390,completed,8318.963514,7.013394,8319.000000,0.036486,7.000000,9163.000,844.000,16093.440000,0.000,289.854,19.995952,844,3.024555,1.624793
veh_001391,completed,8325.514229,6.550715,8326.000000,0.485771,7.000000,9166.000,840.000,16093.440000,0.000,285.923,19.932966,840,2.181640,2.303136
veh_001392,completed,8332.477183,6.962954,8333.000000,0.522817,7.000000,9171.000,838.000,16093.440000,0.000,283.943,21.050280,838,3.319256,2.175710
veh_001393,completed,8336.848054,4.370871,8337.000000,0.151946,4.000000,9173.000,836.000,16093.440000,0.000,281.744,25.013665,836,2.774279,1.603282
veh_001394,completed,8342.586121,5.738066,8343.000000,0.413879,6.000000,9175.000,832.000,16093.440000,0.000,277.834,26.792706,832,2.938136,1.909850
veh_001395,completed,8346.767411,4.181290,8347.000000,0.232589,4.000000,9178.000,831.000,16093.440000,0.000,277.020,21.960400,831,2.947382,2.000823
veh_001396,completed,8353.714326,6.946915,8354.000000,0.285674,7.000000,9180.000,826.000,16093.440000,0.000,271.988,25.735046,826,2.664165,1.791790
veh_001397,completed,8360.509651,6.795325,8361.000000,0.490349,7.000000,9182.000,821.000,16093.440000,0.000,266.778,23.936734,821,1.430275,1.301941
veh_001398,completed,8366.361428,5.851778,8367.000000,0.638572,6.000000,9184.000,817.000,16093.440000,0.000,263.098,25.277429,817,4.457671,2.077814
veh_001399,completed,8372.806627,6.445199,8373.000000,0.193373,6.000000,9186.000,813.000,16093.440000,0.000,259.096,21.759517,813,3.908593,1.830698
veh_001400,completed,8376.471853,3.665225,8377.000000,0.528147,4.000000,9189.000,812.000,16093.440000,0.000,257.689,24.335347,812,2.595727,2.216569
veh_001401,completed,8383.758740,7.286888,8384.000000,0.241260,7.000000,9191.000,807.000,16093.440000,0.000,252.587,25.075124,807,3.896086,1.505523
veh_001402,completed,8389.057834,5.299093,8390.000000,0.942166,6.000000,9193.000,803.000,16093.440000,0.000,248.668,23.825474,803,1.417033,1.541593
veh_001403,completed,8395.251410,6.193577,8396.000000,0.748590,6.000000,9195.000,799.000,16093.440000,0.000,244.405,21.901071,799,2.229955,1.704538
veh_001404,completed,8402.924465,7.673055,8403.000000,0.075535,7.000000,9220.000,817.000,16093.440000,0.000,262.683,20.071635,817,3.667397,2.140165
veh_001405,completed,8407.789714,4.865249,8408.000000,0.210286,5.000000,9223.000,815.000,16093.440000,0.000,260.546,22.208734,815,2.734635,2.056227
veh_001406,completed,8415.585564,7.795850,8416.000000,0.414436,8.000000,9227.000,811.000,16093.440000,0.000,256.872,22.743873,811,2.045108,1.912833
veh_001407,completed,8421.771677,6.186113,8422.000000,0.228323,6.000000,9233.000,811.000,16093.440000,0.000,256.731,22.610549,811,2.125328,1.654165
veh_001408,completed,8427.813963,6.042285,8428.000000,0.186037,6.000000,9237.000,809.000,16093.440000,0.000,254.852,21.536834,809,1.652708,1.951596
veh_001409,completed,8434.648031,6.834068,8435.000000,0.351969,7.000000,9239.000,804.000,16093.440000,0.000,249.948,22.068307,804,3.602060,1.857517
veh_001410,completed,8438.777492,4.129462,8439.000000,0.222508,4.000000,9246.000,807.000,16093.440000,0.000,252.788,22.186359,807,2.389285,1.106137
veh_001411,completed,8445.668652,6.891159,8446.000000,0.331348,7.000000,9248.000,802.000,16093.440000,0.000,247.999,21.319154,802,3.205704,1.767575
veh_001412,completed,8451.760916,6.092264,8452.000000,0.239084,6.000000,9251.000,799.000,16093.440000,0.000,244.431,23.611125,799,4.943851,2.040960
veh_001413,completed,8459.315331,7.554415,8460.000000,0.684669,8.000000,9253.000,793.000,16093.440000,0.000,238.591,23.072557,793,3.304352,1.885996
veh_001414,completed,8464.990121,5.674789,8465.000000,0.009879,5.000000,9255.000,790.000,16093.440000,0.000,235.689,23.554700,790,3.612723,1.815605
veh_001415,completed,8470.445145,5.455024,8471.000000,0.554855,6.000000,9257.000,786.000,16093.440000,0.000,231.870,26.035469,786,1.704131,2.155434
veh_001416,completed,8476.999602,6.554457,8477.000000,0.000398,6.000000,9260.000,783.000,16093.440000,0.000,228.592,22.063078,783,2.195146,1.661729
veh_001417,completed,8482.910550,5.910948,8483.000000,0.089450,6.000000,9262.000,779.000,16093.440000,0.000,224.501,23.554208,779,3.064753,1.529867
veh_001418,completed,8487.149597,4.239047,8488.000000,0.850403,5.000000,9264.000,776.000,16093.440000,0.000,221.891,21.847728,776,2.761760,2.124461
veh_001419,completed,8492.858661,5.709063,8493.000000,0.141339,5.000000,9272.000,779.000,16093.440000,0.000,224.637,21.316827,779,2.284521,1.506175
veh_001420,completed,8500.760106,7.901445,8501.000000,0.239894,8.000000,9274.000,773.000,16093.440000,0.000,218.607,23.246438,773,2.606550,1.771827
veh_001421,completed,8506.620450,5.860344,8507.000000,0.379550,6.000000,9345.000,838.000,16093.440000,0.000,284.059,20.171070,838,3.056900,1.300616
veh_001422,completed,8511.314760,4.694310,8512.000000,0.685240,5.000000,9347.000,835.000,16093.440000,0.000,280.937,22.457297,835,3.808521,1.466900
veh_001423,completed,8518.388666,7.073906,8519.000000,0.611334,7.000000,9349.000,830.000,16093.440000,0.000,276.002,23.903589,830,1.665195,1.851220
veh_001424,completed,8521.608500,3.219834,8522.000000,0.391500,3.000000,9351.000,829.000,16093.440000,0.000,275.062,24.899933,829,3.863793,2.083925
veh_001425,completed,8524.428099,2.819599,8525.000000,0.571901,3.000000,9353.000,828.000,16093.440000,0.000,274.104,24.044848,828,2.458151,1.853175
veh_001426,completed,8530.421874,5.993775,8531.000000,0.578126,6.000000,9356.000,825.000,16093.440000,0.000,270.651,23.455927,825,2.179838,1.768274
veh_001427,completed,8536.693262,6.271388,8537.000000,0.306738,6.000000,9360.000,823.000,16093.440000,0.000,268.906,20.208226,823,4.072177,1.915331
veh_001428,completed,8543.023860,6.330599,8544.000000,0.976140,7.000000,9362.000,818.000,16093.440000,0.000,263.750,22.063734,818,3.197964,1.465840
veh_001429,completed,8547.684686,4.660826,8548.000000,0.315314,4.000000,9364.000,816.000,16093.440000,0.000,261.756,23.614763,816,3.500969,1.648786
veh_001430,completed,8553.458937,5.774251,8554.000000,0.541063,6.000000,9366.000,812.000,16093.440000,0.000,258.147,24.920259,812,3.082243,2.209749
veh_001431,completed,8557.360837,3.901900,8558.000000,0.639163,4.000000,9368.000,810.000,16093.440000,0.000,255.774,25.845391,810,1.644160,1.489807
veh_001432,completed,8563.690180,6.329343,8564.000000,0.309820,6.000000,9372.000,808.000,16093.440000,0.000,253.407,20.044754,808,3.235267,2.315114
veh_001433,completed,8567.267202,3.577022,8568.000000,0.732798,4.000000,9375.000,807.000,16093.440000,0.000,253.087,21.437691,807,3.425346,2.404824
veh_001434,completed,8573.043338,5.776136,8574.000000,0.956662,6.000000,9440.000,866.000,16093.440000,0.000,311.609,18.757341,866,2.637533,2.023149
veh_001435,completed,8579.435707,6.392369,8580.000000,0.564293,6.000000,9442.000,862.000,16093.440000,0.000,307.824,25.772047,862,3.639107,2.034705
veh_001436,completed,8582.800768,3.365061,8583.000000,0.199232,3.000000,9444.000,861.000,16093.440000,0.000,306.616,24.196065,861,2.020345,1.339748
veh_001437,completed,8588.017014,5.216246,8589.000000,0.982986,6.000000,9446.000,857.000,16093.440000,0.000,302.978,19.313644,857,3.226579,1.736940
veh_001438,completed,8595.199233,7.182219,8596.000000,0.800767,7.000000,9451.000,855.000,16093.440000,0.000,301.010,20.879051,855,2.001787,1.802442
veh_001439,completed,8603.522685,8.323452,8604.000000,0.477315,8.000000,9453.000,849.000,16093.440000,0.000,294.774,22.359866,849,1.797539,1.541388
veh_001440,completed,8607.266745,3.744060,8608.000000,0.733255,4.000000,9462.000,854.000,16093.440000,0.000,299.512,19.028696,854,3.107209,1.601587
veh_001441,completed,8613.776622,6.509878,8614.000000,0.223378,6.000000,9464.000,850.000,16093.440000,0.000,296.052,23.618419,850,2.869224,2.072644
veh_001442,completed,8617.922698,4.146076,8618.000000,0.077302,4.000000,9466.000,848.000,16093.440000,0.000,293.669,21.498580,848,3.508930,1.729593
veh_001443,completed,8621.904811,3.982113,8622.000000,0.095189,4.000000,9470.000,848.000,16093.440000,0.000,293.651,22.014748,848,2.741387,2.427377
veh_001444,completed,8630.298922,8.394111,8631.000000,0.701078,9.000000,9471.000,840.000,16093.440000,0.000,286.002,25.554676,840,1.704446,1.176769
veh_001445,completed,8637.301195,7.002273,8638.000000,0.698805,7.000000,9475.000,837.000,16093.440000,0.000,282.750,19.684171,837,2.599183,2.299971
veh_001446,completed,8642.094904,4.793709,8643.000000,0.905096,5.000000,9477.000,834.000,16093.440000,0.000,279.816,21.027755,834,1.333541,1.544224
veh_001447,completed,8648.423445,6.328542,8649.000000,0.576555,6.000000,9480.000,831.000,16093.440000,0.000,276.994,22.093008,831,3.952721,2.026286
veh_001448,completed,8655.386365,6.962920,8656.000000,0.613635,7.000000,9483.000,827.000,16093.440000,0.000,272.444,23.201854,827,3.920236,2.166849
veh_001449,completed,8661.658304,6.271939,8662.000000,0.341696,6.000000,9485.000,823.000,16093.440000,0.000,268.446,22.875226,823,2.111747,1.279682
veh_001450,completed,8671.029222,9.370918,8672.000000,0.970778,10.000000,9492.000,820.000,16093.440000,0.000,265.504,19.863580,820,3.505041,1.501962
veh_001451,completed,8677.937891,6.908669,8678.000000,0.062109,6.000000,9506.000,828.000,16093.440000,0.000,273.781,19.754308,828,3.750870,2.294682
veh_001452,completed,8683.502591,5.564700,8684.000000,0.497409,6.000000,9514.000,830.000,16093.440000,0.000,275.496,21.482522,830,2.867132,1.903736
veh_001453,completed,8688.397727,4.895136,8689.000000,0.602273,5.000000,9530.000,841.000,16093.440000,0.000,286.614,20.619838,841,3.149202,1.899306
veh_001454,completed,8694.091507,5.693780,8695.000000,0.908493,6.000000,9532.000,837.000,16093.440000,0.000,282.612,24.904179,837,1.954303,1.407880
veh_001455,completed,8700.111705,6.020199,8701.000000,0.888295,6.000000,9534.000,833.000,16093.440000,0.000,278.825,23.792305,833,2.250792,2.037140
veh_001456,completed,8705.134991,5.023286,8706.000000,0.865009,5.000000,9537.000,831.000,16093.440000,0.000,277.066,20.592190,831,1.927209,2.024932
veh_001457,completed,8709.507615,4.372624,8710.000000,0.492385,4.000000,9540.000,830.000,16093.440000,0.000,275.743,20.916748,830,3.843719,1.750123
veh_001458,completed,8717.552723,8.045108,8718.000000,0.447277,8.000000,9587.000,869.000,16093.440000,0.000,314.537,18.973133,869,4.093049,1.140952
veh_001459,completed,8724.448736,6.896013,8725.000000,0.551264,7.000000,9592.000,867.000,16093.440000,0.000,312.507,19.562179,867,2.400836,2.166898
veh_001460,completed,8729.442627,4.993891,8730.000000,0.557373,5.000000,9594.000,864.000,16093.440000,0.000,309.900,22.229654,864,2.702715,2.193642
veh_001461,completed,8736.462101,7.019474,8737.000000,0.537899,7.000000,9596.000,859.000,16093.440000,0.000,304.864,23.839770,859,3.402330,1.897243
veh_001462,completed,8743.474872,7.012771,8744.000000,0.525128,7.000000,9598.000,854.000,16093.440000,0.000,299.996,23.090522,854,2.623952,1.888333
veh_001463,completed,8751.375833,7.900961,8752.000000,0.624167,8.000000,9600.000,848.000,16093.440000,0.000,293.988,22.205240,848,4.467948,1.646625
veh_001464,completed,8755.792863,4.417030,8756.000000,0.207137,4.000000,9602.000,846.000,16093.440000,0.000,292.027,23.664321,846,4.259796,1.515406
veh_001465,completed,8762.962686,7.169822,8763.000000,0.037314,7.000000,9608.000,845.000,16093.440000,0.000,290.895,20.600392,845,2.817891,1.570007
veh_001466,completed,8768.051003,5.088317,8769.000000,0.948997,6.000000,9614.000,845.000,16093.440000,0.000,291.117,20.311875,845,3.751348,1.746802
veh_001467,completed,8775.783570,7.732567,8776.000000,0.216430,7.000000,9617.000,841.000,16093.440000,0.000,286.900,21.968820,841,3.792298,2.532746
veh_001468,completed,8781.494896,5.711326,8782.000000,0.505104,6.000000,9619.000,837.000,16093.440000,0.000,282.922,21.412124,837,1.750278,1.734955
veh_001469,completed,8784.087228,2.592331,8785.000000,0.912772,3.000000,9621.000,836.000,16093.440000,0.000,281.921,22.550517,836,2.243064,1.584061
veh_001470,completed,8790.140259,6.053031,8791.000000,0.859741,6.000000,9624.000,833.000,16093.440000,0.000,278.486,21.424130,833,2.732572,1.623017
veh_001471,completed,8793.464015,3.323756,8794.000000,0.535985,3.000000,9626.000,832.000,16093.440000,0.000,277.573,23.861169,832,2.664515,1.911472
veh_001472,completed,8799.138291,5.674276,8800.000000,0.861709,6.000000,9627.000,827.000,16093.440000,0.000,273.130,25.437664,827,3.491458,1.733671
veh_001473,completed,8805.051003,5.912713,8806.000000,0.948997,6.000000,9630.000,824.000,16093.440000,0.000,269.475,23.484531,824,3.261652,1.793682
veh_001474,completed,8810.449046,5.398042,8811.000000,0.550954,5.000000,9631.000,820.000,16093.440000,0.000,266.129,25.234195,820,3.029129,1.790386
veh_001475,completed,8814.218666,3.769620,8815.000000,0.781334,4.000000,9709.000,894.000,16093.440000,0.000,339.834,18.054777,894,3.783106,1.169120
veh_001476,completed,8818.545073,4.326407,8819.000000,0.454927,4.000000,9711.000,892.000,16093.440000,0.000,338.045,20.097829,892,1.157914,2.240274
veh_001477,completed,8823.278187,4.733114,8824.000000,0.721813,5.000000,9713.000,889.000,16093.440000,0.000,335.067,24.580579,889,3.378303,1.894848
veh_001478,completed,8828.906024,5.627837,8829.000000,0.093976,5.000000,9715.000,886.000,16093.440000,0.000,332.144,23.550222,886,3.140401,1.812941
veh_001479,completed,8836.838773,7.932750,8837.000000,0.161227,8.000000,9717.000,880.000,16093.440000,0.000,325.942,21.722044,880,2.998418,1.569458
veh_001480,completed,8843.902402,7.063628,8844.000000,0.097598,7.000000,9719.000,875.000,16093.440000,0.000,321.008,21.797925,875,3.340213,1.915311
veh_001481,completed,8849.194109,5.291707,8850.000000,0.805891,6.000000,9733.000,883.000,16093.440000,0.000,328.939,19.023351,883,3.541452,1.454959
veh_001482,completed,8857.104925,7.910817,8858.000000,0.895075,8.000000,9735.000,877.000,16093.440000,0.000,322.966,24.147868,877,2.456929,1.957351
veh_001483,completed,8861.052831,3.947906,8862.000000,0.947169,4.000000,9738.000,876.000,16093.440000,0.000,321.634,22.514120,876,3.189351,2.344819
veh_001484,completed,8868.080363,7.027532,8869.000000,0.919637,7.000000,9740.000,871.000,16093.440000,0.000,316.614,23.707927,871,2.817761,1.654171
veh_001485,completed,8873.817511,5.737148,8874.000000,0.182489,5.000000,9742.000,868.000,16093.440000,0.000,313.803,24.984129,868,3.528139,1.778107
veh_001486,completed,8880.171999,6.354487,8881.000000,0.828001,7.000000,9744.000,863.000,16093.440000,0.000,308.815,24.258249,863,2.640885,1.507058
veh_001487,completed,8887.129692,6.957693,8888.000000,0.870308,7.000000,9748.000,860.000,16093.440000,0.000,305.714,20.083481,860,3.621493,1.866237
veh_001488,completed,8892.110329,4.980637,8893.000000,0.889671,5.000000,9751.000,858.000,16093.440000,0.000,303.791,23.932266,858,2.890603,2.063606
veh_001489,completed,8899.312067,7.201737,8900.000000,0.687933,7.000000,9799.000,899.000,16093.440000,0.000,345.115,17.891211,899,3.837556,1.979798
veh_001490,completed,8905.298102,5.986035,8906.000000,0.701898,6.000000,9801.000,895.000,16093.440000,0.000,340.990,26.302423,895,2.232561,1.382398
veh_001491,completed,8914.915800,9.617698,8915.000000,0.084200,9.000000,9803.000,888.000,16093.440000,0.000,334.129,21.802698,888,3.839547,1.974569
veh_001492,completed,8920.459408,5.543608,8921.000000,0.540592,6.000000,9806.000,885.000,16093.440000,0.000,330.589,22.029530,885,3.676500,1.722862
veh_001493,completed,8928.363171,7.903762,8929.000000,0.636829,8.000000,9808.000,879.000,16093.440000,0.000,324.995,21.865020,879,3.035301,2.018640
veh_001494,completed,8935.333806,6.970636,8936.000000,0.666194,7.000000,9810.000,874.000,16093.440000,0.000,320.099,24.056896,874,2.774638,1.786069
veh_001495,completed,8939.572617,4.238810,8940.000000,0.427383,4.000000,9819.000,879.000,16093.440000,0.000,324.618,18.470305,879,3.747450,1.916081
veh_001496,completed,8947.613550,8.040933,8948.000000,0.386450,8.000000,9821.000,873.000,16093.440000,0.000,318.454,18.960300,873,2.476027,1.488173
veh_001497,completed,8952.022934,4.409384,8953.000000,0.977066,5.000000,9823.000,870.000,16093.440000,0.000,315.584,23.324896,870,3.285447,1.522145
veh_001498,completed,8954.674941,2.652007,8955.000000,0.325059,2.000000,9825.000,870.000,16093.440000,0.000,315.692,26.207859,870,3.349175,1.945788
veh_001499,completed,8961.954914,7.279974,8962.000000,0.045086,7.000000,9838.000,876.000,16093.440000,0.000,321.731,18.215805,876,2.971113,2.386032
veh_001500,completed,8969.558345,7.603430,8970.000000,0.441655,8.000000,9840.000,870.000,16093.440000,0.000,315.607,22.116604,870,2.027566,1.557759
veh_001501,completed,8975.636383,6.078038,8976.000000,0.363617,6.000000,9858.000,882.000,16093.440000,0.000,327.807,18.046304,882,4.372687,1.585693
veh_001502,completed,8981.244854,5.608471,8982.000000,0.755146,6.000000,9860.000,878.000,16093.440000,0.000,323.920,22.477918,878,3.598637,1.986192
veh_001503,completed,8989.620377,8.375523,8990.000000,0.379623,8.000000,9862.000,872.000,16093.440000,0.000,318.106,20.410580,872,3.483860,1.725960
veh_001504,completed,8996.688179,7.067802,8997.000000,0.311821,7.000000,9865.000,868.000,16093.440000,0.000,313.528,23.083501,868,3.305053,1.789273
veh_001505,completed,9001.704380,5.016201,9002.000000,0.295620,5.000000,9867.000,865.000,16093.440000,0.000,310.482,24.735302,865,3.173265,1.656292
veh_001506,completed,9008.801679,7.097299,9009.000000,0.198321,7.000000,9868.000,859.000,16093.440000,0.000,304.964,22.061421,859,3.849077,1.370653
veh_001507,completed,9012.936742,4.135063,9013.000000,0.063258,4.000000,9871.000,858.000,16093.440000,0.000,303.605,22.853926,858,2.558598,2.355703
veh_001508,completed,9018.098290,5.161548,9019.000000,0.901710,6.000000,9873.000,854.000,16093.440000,0.000,299.630,23.366632,854,2.601669,1.826500
veh_001509,completed,9022.521595,4.423305,9023.000000,0.478405,4.000000,9875.000,852.000,16093.440000,0.000,297.475,21.947456,852,2.355349,1.872221
veh_001510,completed,9025.221569,2.699974,9026.000000,0.778431,3.000000,9877.000,851.000,16093.440000,0.000,296.352,23.586986,851,2.563413,1.692322
veh_001511,completed,9029.455630,4.234061,9030.000000,0.544370,4.000000,9879.000,849.000,16093.440000,0.000,294.462,25.843979,849,2.496400,1.878881
veh_001512,completed,9037.289122,7.833492,9038.000000,0.710878,8.000000,9881.000,843.000,16093.440000,0.000,288.672,23.759976,843,1.837125,1.841361
veh_001513,completed,9041.642389,4.353267,9042.000000,0.357611,4.000000,9883.000,841.000,16093.440000,0.000,286.822,22.667007,841,1.825435,1.962104
veh_001514,completed,9046.817341,5.174952,9047.000000,0.182659,5.000000,9885.000,838.000,16093.440000,0.000,283.721,20.545750,838,2.499968,1.766825
veh_001515,completed,9051.075881,4.258539,9052.000000,0.924119,5.000000,9890.000,838.000,16093.440000,0.000,283.618,19.854004,838,2.559105,1.866362
veh_001516,completed,9058.374291,7.298411,9059.000000,0.625709,7.000000,9892.000,833.000,16093.440000,0.000,278.800,18.221657,833,3.136194,1.839858
veh_001517,completed,9064.376088,6.001796,9065.000000,0.623912,6.000000,9894.000,829.000,16093.440000,0.000,275.123,24.780968,829,4.035122,1.858063
veh_001518,completed,9071.112206,6.736118,9072.000000,0.887794,7.000000,9896.000,824.000,16093.440000,0.000,269.807,22.372269,824,3.406006,1.555883
veh_001519,completed,9076.953675,5.841470,9077.000000,0.046325,5.000000,9898.000,821.000,16093.440000,0.000,267.076,20.526462,821,2.329372,1.958189
veh_001520,completed,9081.197135,4.243460,9082.000000,0.802865,5.000000,9900.000,818.000,16093.440000,0.000,263.989,21.565593,818,1.701640,1.691143
veh_001521,completed,9085.736221,4.539086,9086.000000,0.263779,4.000000,9915.000,829.000,16093.440000,0.000,274.917,19.588990,829,3.553030,1.670658
veh_001522,completed,9092.992120,7.255899,9093.000000,0.007880,7.000000,9917.000,824.000,16093.440000,0.000,269.589,22.408385,824,3.853804,1.540407
veh_001523,completed,9098.906010,5.913890,9099.000000,0.093990,6.000000,9918.000,819.000,16093.440000,0.000,264.974,24.682274,819,3.045427,1.366641
veh_001524,completed,9106.067612,7.161603,9107.000000,0.932388,8.000000,9920.000,813.000,16093.440000,0.000,258.788,24.006831,813,3.075221,1.683792
veh_001525,completed,9113.732775,7.665163,9114.000000,0.267225,7.000000,9922.000,808.000,16093.440000,0.000,253.713,21.402034,808,3.191136,1.623032
veh_001526,completed,9118.991824,5.259049,9119.000000,0.008176,5.000000,9953.000,834.000,16093.440000,0.000,279.622,19.800805,834,2.727066,2.062993
veh_001527,completed,9128.251110,9.259286,9129.000000,0.748890,10.000000,9955.000,826.000,16093.440000,0.000,271.857,21.659239,826,3.479294,1.840350
veh_001528,completed,9133.484978,5.233867,9134.000000,0.515022,5.000000,9957.000,823.000,16093.440000,0.000,268.968,22.765865,823,4.260666,1.768068
veh_001529,completed,9139.527381,6.042403,9140.000000,0.472619,6.000000,9959.000,819.000,16093.440000,0.000,265.091,22.691577,819,2.809362,1.848984
veh_001530,completed,9146.517947,6.990566,9147.000000,0.482053,7.000000,9961.000,814.000,16093.440000,0.000,259.952,23.218759,814,1.470283,1.702047
veh_001531,completed,9151.204255,4.686307,9152.000000,0.795745,5.000000,9976.000,824.000,16093.440000,0.000,269.518,20.006789,824,3.667692,1.659424
veh_001532,completed,9158.513362,7.309107,9159.000000,0.486638,7.000000,9978.000,819.000,16093.440000,0.000,264.704,21.314807,819,2.564388,1.691951
veh_001533,completed,9163.545538,5.032176,9164.000000,0.454462,5.000000,9980.000,816.000,16093.440000,0.000,262.105,21.264903,816,3.488036,1.971428
veh_001534,completed,9171.479192,7.933655,9172.000000,0.520808,8.000000,9982.000,810.000,16093.440000,0.000,255.920,23.979479,810,2.571054,1.439329
veh_001535,completed,9178.669002,7.189809,9179.000000,0.330998,7.000000,9991.000,812.000,16093.440000,0.000,258.115,20.038759,812,4.771150,1.202506
veh_001536,completed,9185.412457,6.743455,9186.000000,0.587543,7.000000,9994.000,808.000,16093.440000,0.000,253.560,22.510863,808,2.249276,1.884238
veh_001537,completed,9190.326165,4.913709,9191.000000,0.673835,5.000000,9996.000,805.000,16093.440000,0.000,250.978,21.460005,805,3.130181,1.956944
veh_001538,completed,9196.010309,5.684143,9197.000000,0.989691,6.000000,9999.000,802.000,16093.440000,0.000,247.511,21.745387,802,2.707831,2.026351
veh_001539,completed,9202.460176,6.449867,9203.000000,0.539824,6.000000,10008.000,805.000,16093.440000,0.000,251.136,21.268006,805,2.637436,1.895676
veh_001540,completed,9205.410162,2.949986,9206.000000,0.589838,3.000000,10011.000,805.000,16093.440000,0.000,250.513,24.948384,805,2.245084,1.750347
veh_001541,completed,9210.582538,5.172376,9211.000000,0.417462,5.000000,10013.000,802.000,16093.440000,0.000,248.149,21.790262,802,2.431170,1.284626
veh_001542,completed,9217.989648,7.407110,9218.000000,0.010352,7.000000,10015.000,797.000,16093.440000,0.000,242.746,24.797049,797,3.080319,1.739331
veh_001543,completed,9222.087377,4.097729,9223.000000,0.912623,5.000000,10017.000,794.000,16093.440000,0.000,239.873,24.928496,794,4.169567,1.894663
veh_001544,completed,9230.005845,7.918467,9231.000000,0.994155,8.000000,10019.000,788.000,16093.440000,0.000,233.942,21.106314,788,4.031891,1.277819
veh_001545,completed,9235.063372,5.057527,9236.000000,0.936628,5.000000,10021.000,785.000,16093.440000,0.000,230.996,23.631584,785,3.225312,1.792219
veh_001546,completed,9241.548258,6.484886,9242.000000,0.451742,6.000000,10025.000,783.000,16093.440000,0.000,228.736,22.172938,783,4.049888,1.604241
veh_001547,completed,9245.826762,4.278504,9246.000000,0.173238,4.000000,10027.000,781.000,16093.440000,0.000,226.769,21.581981,781,1.888423,1.721291
veh_001548,completed,9252.553329,6.726567,9253.000000,0.446671,7.000000,10029.000,776.000,16093.440000,0.000,222.015,22.007541,776,3.229463,1.772512
veh_001549,completed,9259.247422,6.694092,9260.000000,0.752578,7.000000,10031.000,771.000,16093.440000,0.000,217.043,21.527605,771,3.298123,2.066340
veh_001550,completed,9266.951982,7.704561,9267.000000,0.048018,7.000000,10049.000,782.000,16093.440000,0.000,227.772,21.870097,782,3.355432,1.938723
veh_001551,completed,9274.983088,8.031105,9275.000000,0.016912,8.000000,10051.000,776.000,16093.440000,0.000,221.492,24.746079,776,3.298876,1.288242
veh_001552,completed,9282.863373,7.880286,9283.000000,0.136627,8.000000,10056.000,773.000,16093.440000,0.000,218.855,22.008886,773,2.543052,1.938302
veh_001553,completed,9289.176752,6.313378,9290.000000,0.823248,7.000000,10058.000,768.000,16093.440000,0.000,213.719,22.678112,768,3.769328,1.284227
veh_001554,completed,9293.337505,4.160754,9294.000000,0.662495,4.000000,10147.000,853.000,16093.440000,0.000,299.041,19.693026,853,2.433772,2.315229
veh_001555,completed,9301.323153,7.985648,9302.000000,0.676847,8.000000,10149.000,847.000,16093.440000,0.000,292.960,20.027306,847,2.694038,1.537786
veh_001556,completed,9305.366951,4.043798,9306.000000,0.633049,4.000000,10151.000,845.000,16093.440000,0.000,290.963,26.388186,845,2.900512,1.942099
veh_001557,completed,9310.708886,5.341935,9311.000000,0.291114,5.000000,10153.000,842.000,16093.440000,0.000,287.860,19.611040,842,3.495361,1.683968
veh_001558,completed,9317.814549,7.105663,9318.000000,0.185451,7.000000,10155.000,837.000,16093.440000,0.000,282.799,21.059373,837,3.284840,1.872267
veh_001559,completed,9324.479886,6.665337,9325.000000,0.520114,7.000000,10157.000,832.000,16093.440000,0.000,278.008,19.693750,832,2.348976,1.890365
veh_001560,completed,9332.869484,8.389598,9333.000000,0.130516,8.000000,10159.000,826.000,16093.440000,0.000,271.887,20.822439,826,4.591693,1.395449
veh_001561,completed,9338.863404,5.993920,9339.000000,0.136596,6.000000,10161.000,822.000,16093.440000,0.000,267.599,23.094507,822,3.240044,1.338564
veh_001562,completed,9342.328300,3.464897,9343.000000,0.671700,4.000000,10163.000,820.000,16093.440000,0.000,265.448,21.288823,820,4.083711,1.384374
veh_001563,completed,9347.915413,5.587112,9348.000000,0.084587,5.000000,10188.000,840.000,16093.440000,0.000,286.020,18.945580,840,3.405915,1.302380
veh_001564,completed,9354.176503,6.261091,9355.000000,0.823497,7.000000,10190.000,835.000,16093.440000,0.000,281.152,22.672599,835,3.154212,1.971520
veh_001565,completed,9359.650590,5.474086,9360.000000,0.349410,5.000000,10193.000,833.000,16093.440000,0.000,278.648,21.337851,833,4.045435,2.129864
veh_001566,completed,9367.769270,8.118680,9368.000000,0.230730,8.000000,10196.000,828.000,16093.440000,0.000,273.600,20.574300,828,1.823754,1.402941
veh_001567,completed,9373.397851,5.628581,9374.000000,0.602149,6.000000,10198.000,824.000,16093.440000,0.000,269.726,23.195181,824,2.023068,1.980286
veh_001568,completed,9377.244080,3.846229,9378.000000,0.755920,4.000000,10200.000,822.000,16093.440000,0.000,267.443,21.087542,822,2.149045,1.594741
veh_001569,completed,9383.944264,6.700184,9384.000000,0.055736,6.000000,10202.000,818.000,16093.440000,0.000,263.987,23.857947,818,2.747841,2.702573
veh_001570,completed,9388.222737,4.278472,9389.000000,0.777263,5.000000,10205.000,816.000,16093.440000,0.000,261.466,20.306816,816,3.140910,1.740074
veh_001571,completed,9396.772575,8.549839,9397.000000,0.227425,8.000000,10206.000,809.000,16093.440000,0.000,255.104,26.173663,809,2.731152,1.549730
veh_001572,completed,9403.177716,6.405141,9404.000000,0.822284,7.000000,10208.000,804.000,16093.440000,0.000,250.139,23.681156,804,2.102627,1.716100
veh_001573,completed,9407.072790,3.895073,9408.000000,0.927210,4.000000,10211.000,803.000,16093.440000,0.000,248.994,22.240691,803,3.323714,2.428115
veh_001574,completed,9414.691878,7.619088,9415.000000,0.308122,7.000000,10214.000,799.000,16093.440000,0.000,244.376,25.787174,799,3.068378,1.992695
veh_001575,completed,9424.245747,9.553870,9425.000000,0.754253,10.000000,10216.000,791.000,16093.440000,0.000,236.539,24.182652,791,3.561263,1.309606
veh_001576,completed,9427.239663,2.993916,9428.000000,0.760337,3.000000,10218.000,790.000,16093.440000,0.000,235.673,21.865205,790,2.861249,1.849849
veh_001577,completed,9434.594274,7.354610,9435.000000,0.405726,7.000000,10220.000,785.000,16093.440000,0.000,230.898,21.047747,785,2.807973,1.702632
veh_001578,completed,9441.320315,6.726041,9442.000000,0.679685,7.000000,10223.000,781.000,16093.440000,0.000,226.419,25.064475,781,2.613296,1.974390
veh_001579,completed,9447.583835,6.263520,9448.000000,0.416165,6.000000,10226.000,778.000,16093.440000,0.000,223.954,21.065286,778,2.048414,1.588445
veh_001580,completed,9454.098828,6.514993,9455.000000,0.901172,7.000000,10228.000,773.000,16093.440000,0.000,218.571,23.914438,773,4.024805,1.567360
veh_001581,completed,9460.836656,6.737828,9461.000000,0.163344,6.000000,10230.000,769.000,16093.440000,0.000,214.751,23.184775,769,2.148208,2.100176
veh_001582,completed,9465.797149,4.960493,9466.000000,0.202851,5.000000,10233.000,767.000,16093.440000,0.000,212.849,23.471654,767,2.966979,2.178120
veh_001583,completed,9473.913634,8.116485,9474.000000,0.086366,8.000000,10235.000,761.000,16093.440000,0.000,207.007,24.424843,761,3.123477,1.883547
veh_001584,completed,9477.889348,3.975714,9478.000000,0.110652,4.000000,10248.000,770.000,16093.440000,0.000,215.497,21.812103,770,2.846618,1.589038
veh_001585,completed,9486.827193,8.937845,9487.000000,0.172807,9.000000,10249.000,762.000,16093.440000,0.000,207.925,24.757353,762,2.281418,1.532168
veh_001586,completed,9495.118724,8.291531,9496.000000,0.881276,9.000000,10251.000,755.000,16093.440000,0.000,200.750,23.209822,755,3.002133,1.733931
veh_001587,completed,9499.339521,4.220797,9500.000000,0.660479,4.000000,10253.000,753.000,16093.440000,0.000,198.580,22.948438,753,3.399328,1.674856
veh_001588,completed,9505.331421,5.991900,9506.000000,0.668579,6.000000,10255.000,749.000,16093.440000,0.000,194.790,25.052165,749,3.275114,1.902409
veh_001589,completed,9513.461209,8.129788,9514.000000,0.538791,8.000000,10257.000,743.000,16093.440000,0.000,188.929,23.518492,743,1.245783,1.979378
veh_001590,completed,9518.724718,5.263508,9519.000000,0.275282,5.000000,10259.000,740.000,16093.440000,0.000,185.919,26.547225,740,3.140410,1.897985
veh_001591,completed,9524.481105,5.756387,9525.000000,0.518895,6.000000,10262.000,737.000,16093.440000,0.000,182.502,22.654751,737,2.334116,2.030091
veh_001592,completed,9529.877539,5.396434,9530.000000,0.122461,5.000000,10264.000,734.000,16093.440000,0.000,179.548,23.111186,734,1.817619,1.844619
veh_001593,completed,9537.628748,7.751209,9538.000000,0.371252,8.000000,10266.000,728.000,16093.440000,0.000,173.777,24.038473,728,1.657003,2.153018
veh_001594,completed,9542.717224,5.088476,9543.000000,0.282776,5.000000,10277.000,734.000,16093.440000,0.000,179.618,21.831191,734,2.860736,1.347814
veh_001595,completed,9548.702485,5.985262,9549.000000,0.297515,6.000000,10279.000,730.000,16093.440000,0.000,176.074,23.739812,730,3.440264,1.788198
veh_001596,completed,9555.512809,6.810323,9556.000000,0.487191,7.000000,10282.000,726.000,16093.440000,0.000,171.424,25.785719,726,2.196329,1.554649
veh_001597,completed,9561.201406,5.688597,9562.000000,0.798594,6.000000,10385.000,823.000,16093.440000,0.000,268.602,19.224648,823,2.377826,1.943216
veh_001598,completed,9565.901759,4.700353,9566.000000,0.098241,4.000000,10387.000,821.000,16093.440000,0.000,267.050,22.712458,821,3.094732,2.299109
veh_001599,completed,9569.889436,3.987677,9570.000000,0.110564,4.000000,10390.000,820.000,16093.440000,0.000,265.608,21.820604,820,3.053776,1.989881
veh_001600,completed,9573.612051,3.722615,9574.000000,0.387949,4.000000,10392.000,818.000,16093.440000,0.000,263.834,22.589671,818,3.450701,2.037809
veh_001601,completed,9577.842345,4.230294,9578.000000,0.157655,4.000000,10425.000,847.000,16093.440000,0.000,293.002,19.189152,847,2.927348,1.326332
veh_001602,completed,9581.261520,3.419176,9582.000000,0.738480,4.000000,10427.000,845.000,16093.440000,0.000,291.049,24.478625,845,3.116688,1.901816
veh_001603,completed,9586.171205,4.909685,9587.000000,0.828795,5.000000,10429.000,842.000,16093.440000,0.000,288.136,24.237519,842,3.098226,1.872375
veh_001604,completed,9592.621527,6.450322,9593.000000,0.378473,6.000000,10432.000,839.000,16093.440000,0.000,284.911,21.118786,839,1.921279,2.046403
veh_001605,completed,9598.702671,6.081143,9599.000000,0.297329,6.000000,10455.000,856.000,16093.440000,0.000,301.695,19.522697,856,2.861701,1.816664
veh_001606,completed,9603.462721,4.760050,9604.000000,0.537279,5.000000,10456.000,852.000,16093.440000,0.000,298.120,21.611049,852,3.454516,1.368381
veh_001607,completed,9607.935692,4.472972,9608.000000,0.064308,4.000000,10458.000,850.000,16093.440000,0.000,295.750,21.516205,850,3.087350,1.278944
veh_001608,completed,9612.445610,4.509917,9613.000000,0.554390,5.000000,10460.000,847.000,16093.440000,0.000,292.803,24.598225,847,2.979708,1.629736
veh_001609,completed,9616.363763,3.918153,9617.000000,0.636237,4.000000,10463.000,846.000,16093.440000,0.000,291.428,20.894418,846,2.500580,2.355899
veh_001610,completed,9620.509946,4.146184,9621.000000,0.490054,4.000000,10465.000,844.000,16093.440000,0.000,289.631,23.358802,844,3.226459,2.147804
veh_001611,completed,9627.581489,7.071542,9628.000000,0.418511,7.000000,10468.000,840.000,16093.440000,0.000,285.509,23.594011,840,1.798668,2.512766
veh_001612,completed,9631.474571,3.893083,9632.000000,0.525429,4.000000,10470.000,838.000,16093.440000,0.000,283.679,24.553242,838,4.405895,2.208930
veh_001613,completed,9637.500545,6.025974,9638.000000,0.499455,6.000000,10472.000,834.000,16093.440000,0.000,279.585,26.527383,834,2.178086,1.603141
veh_001614,completed,9642.573464,5.072919,9643.000000,0.426536,5.000000,10474.000,831.000,16093.440000,0.000,276.949,22.828652,831,2.226095,2.071058
veh_001615,completed,9652.215381,9.641917,9653.000000,0.784619,10.000000,10482.000,829.000,16093.440000,0.000,274.971,19.666399,829,2.347949,1.597534
veh_001616,completed,9655.519989,3.304608,9656.000000,0.480011,3.000000,10485.000,829.000,16093.440000,0.000,274.513,23.017224,829,3.455465,1.966757
veh_001617,completed,9661.809940,6.289951,9662.000000,0.190060,6.000000,10487.000,825.000,16093.440000,0.000,270.681,23.660788,825,2.619442,1.918536
veh_001618,completed,9667.309314,5.499374,9668.000000,0.690686,6.000000,10489.000,821.000,16093.440000,0.000,266.790,23.462762,821,4.801753,1.761446
veh_001619,completed,9672.152619,4.843304,9673.000000,0.847381,5.000000,10491.000,818.000,16093.440000,0.000,264.093,22.668676,818,4.285874,2.092013
veh_001620,completed,9678.625438,6.472819,9679.000000,0.374562,6.000000,10495.000,816.000,16093.440000,0.000,261.538,20.385738,816,3.213288,2.018926
veh_001621,completed,9684.858815,6.233377,9685.000000,0.141185,6.000000,10496.000,811.000,16093.440000,0.000,257.133,20.334990,811,2.991968,1.526340
veh_001622,completed,9689.255457,4.396642,9690.000000,0.744543,5.000000,10498.000,808.000,16093.440000,0.000,254.135,21.120472,808,3.076027,1.593706
veh_001623,completed,9695.894874,6.639416,9696.000000,0.105126,6.000000,10500.000,804.000,16093.440000,0.000,249.883,23.489707,804,1.393019,1.420472
veh_001624,completed,9702.478626,6.583753,9703.000000,0.521374,7.000000,10503.000,800.000,16093.440000,0.000,245.577,22.319392,800,3.467949,2.217449
veh_001625,completed,9710.442831,7.964205,9711.000000,0.557169,8.000000,10505.000,794.000,16093.440000,0.000,239.677,21.821330,794,3.709822,1.948613
veh_001626,completed,9715.527874,5.085043,9716.000000,0.472126,5.000000,10507.000,791.000,16093.440000,0.000,236.497,24.775154,791,2.688466,1.411647
veh_001627,completed,9723.733541,8.205667,9724.000000,0.266459,8.000000,10510.000,786.000,16093.440000,0.000,231.789,21.497843,786,2.793255,1.795238
veh_001628,completed,9729.438315,5.704774,9730.000000,0.561685,6.000000,10512.000,782.000,16093.440000,0.000,227.426,26.106282,782,2.521767,1.276833
veh_001629,completed,9732.474296,3.035981,9733.000000,0.525704,3.000000,10514.000,781.000,16093.440000,0.000,226.778,25.818448,781,2.900824,1.937081
veh_001630,completed,9739.258940,6.784644,9740.000000,0.741060,7.000000,10516.000,776.000,16093.440000,0.000,222.042,23.040262,776,3.381198,2.026178
veh_001631,completed,9745.136555,5.877615,9746.000000,0.863445,6.000000,10519.000,773.000,16093.440000,0.000,218.530,21.462798,773,2.336667,2.180789
veh_001632,completed,9749.813028,4.676474,9750.000000,0.186972,4.000000,10521.000,771.000,16093.440000,0.000,216.609,23.358600,771,2.611846,2.014575
veh_001633,completed,9757.212889,7.399861,9758.000000,0.787111,8.000000,10524.000,766.000,16093.440000,0.000,212.152,22.300358,766,3.128358,1.999020
veh_001634,completed,9762.505446,5.292558,9763.000000,0.494554,5.000000,10527.000,764.000,16093.440000,0.000,209.873,26.086400,764,2.626341,2.093540
veh_001635,completed,9770.030775,7.525328,9771.000000,0.969225,8.000000,10529.000,758.000,16093.440000,0.000,203.942,26.464809,758,2.138433,1.913735
veh_001636,completed,9775.906723,5.875948,9776.000000,0.093277,5.000000,10573.000,797.000,16093.440000,0.000,242.995,21.037823,797,2.763629,1.918824
veh_001637,completed,9783.032206,7.125483,9784.000000,0.967794,8.000000,10575.000,791.000,16093.440000,0.000,237.032,21.453933,791,3.764851,1.868303
veh_001638,completed,9790.051422,7.019217,9791.000000,0.948578,7.000000,10578.000,787.000,16093.440000,0.000,232.669,24.787775,787,3.454978,2.517440
veh_001639,completed,9796.761174,6.709752,9797.000000,0.238826,6.000000,10580.000,783.000,16093.440000,0.000,229.030,22.978518,783,2.436340,2.155807
veh_001640,completed,9801.213109,4.451935,9802.000000,0.786891,5.000000,10648.000,846.000,16093.440000,0.000,291.633,18.767568,846,4.364876,1.462981
veh_001641,completed,9808.592678,7.379569,9809.000000,0.407322,7.000000,10650.000,841.000,16093.440000,0.000,286.626,20.382364,841,3.176803,1.536237
veh_001642,completed,9814.625321,6.032643,9815.000000,0.374679,6.000000,10651.000,836.000,16093.440000,0.000,281.993,26.179611,836,2.397788,1.382464
veh_001643,completed,9823.628712,9.003391,9824.000000,0.371288,9.000000,10653.000,829.000,16093.440000,0.000,274.827,23.552988,829,3.792513,1.520700
veh_001644,completed,9830.346717,6.718005,9831.000000,0.653283,7.000000,10655.000,824.000,16093.440000,0.000,269.858,22.999362,824,2.521942,1.979096
veh_001645,completed,9837.473406,7.126689,9838.000000,0.526594,7.000000,10658.000,820.000,16093.440000,0.000,265.484,22.972472,820,3.179679,1.732514
veh_001646,completed,9842.326067,4.852661,9843.000000,0.673933,5.000000,10659.000,816.000,16093.440000,0.000,262.007,21.953638,816,3.111217,1.280651
veh_001647,completed,9847.716855,5.390788,9848.000000,0.283145,5.000000,10667.000,819.000,16093.440000,0.000,264.708,20.841756,819,1.601303,2.292944
veh_001648,completed,9853.861932,6.145077,9854.000000,0.138068,6.000000,10669.000,815.000,16093.440000,0.000,260.836,21.223723,815,3.537696,2.050721
veh_001649,completed,9858.106217,4.244286,9859.000000,0.893783,5.000000,10671.000,812.000,16093.440000,0.000,257.726,22.377471,812,2.376691,1.419064
veh_001650,completed,9862.350801,4.244584,9863.000000,0.649199,4.000000,10690.000,827.000,16093.440000,0.000,272.677,19.333745,827,3.261743,1.685422
veh_001651,completed,9868.187927,5.837126,9869.000000,0.812073,6.000000,10692.000,823.000,16093.440000,0.000,268.625,24.365201,823,1.848834,1.605280
veh_001652,completed,9874.071120,5.883193,9875.000000,0.928880,6.000000,10694.000,819.000,16093.440000,0.000,265.018,22.619485,819,3.287330,2.079463
veh_001653,completed,9880.374233,6.303112,9881.000000,0.625767,6.000000,10697.000,816.000,16093.440000,0.000,261.521,21.258666,816,2.518957,2.222323
veh_001654,completed,9888.049889,7.675656,9889.000000,0.950111,8.000000,10699.000,810.000,16093.440000,0.000,255.470,23.783195,810,2.611746,1.625021
veh_001655,completed,9893.449383,5.399494,9894.000000,0.550617,5.000000,10700.000,806.000,16093.440000,0.000,251.900,25.608201,806,3.383324,1.580606
veh_001656,completed,9900.470697,7.021314,9901.000000,0.529303,7.000000,10702.000,801.000,16093.440000,0.000,246.503,23.303026,801,3.062742,1.460660
veh_001657,completed,9906.253744,5.783047,9907.000000,0.746256,6.000000,10762.000,855.000,16093.440000,0.000,301.096,19.803053,855,1.647457,1.803049
veh_001658,completed,9911.962726,5.708982,9912.000000,0.037274,5.000000,10765.000,853.000,16093.440000,0.000,298.737,21.774764,853,3.406309,2.073185
veh_001659,completed,9918.348328,6.385602,9919.000000,0.651672,7.000000,10767.000,848.000,16093.440000,0.000,293.686,20.832188,848,3.165825,1.640057
veh_001660,completed,9921.246735,2.898408,9922.000000,0.753265,3.000000,10769.000,847.000,16093.440000,0.000,292.972,25.525660,847,2.793951,1.823546
veh_001661,completed,9927.346271,6.099535,9928.000000,0.653729,6.000000,10771.000,843.000,16093.440000,0.000,289.081,24.749111,843,3.122229,1.708293
veh_001662,completed,9932.388884,5.042614,9933.000000,0.611116,5.000000,10773.000,840.000,16093.440000,0.000,286.009,24.291087,840,1.609578,1.491076
veh_001663,completed,9936.994127,4.605242,9937.000000,0.005873,4.000000,10776.000,839.000,16093.440000,0.000,284.348,23.932807,839,2.132224,2.138192
veh_001664,completed,9940.163639,3.169513,9941.000000,0.836361,4.000000,10778.000,837.000,16093.440000,0.000,282.600,24.565320,837,2.656841,1.714065
veh_001665,completed,9945.499303,5.335663,9946.000000,0.500697,5.000000,10780.000,834.000,16093.440000,0.000,279.675,24.771712,834,2.308866,1.807791
veh_001666,completed,9948.683149,3.183846,9949.000000,0.316851,3.000000,10782.000,833.000,16093.440000,0.000,278.840,22.039838,833,1.548674,1.983800
veh_001667,completed,9955.988333,7.305185,9956.000000,0.011667,7.000000,10785.000,829.000,16093.440000,0.000,274.475,24.455128,829,3.372227,1.632406
veh_001668,completed,9961.629373,5.641039,9962.000000,0.370627,6.000000,10788.000,826.000,16093.440000,0.000,271.675,21.132267,826,2.265369,1.810644
veh_001669,completed,9965.106265,3.476892,9966.000000,0.893735,4.000000,10790.000,824.000,16093.440000,0.000,269.782,22.408241,824,3.012018,1.638711
veh_001670,completed,9970.095978,4.989713,9971.000000,0.904022,5.000000,10792.000,821.000,16093.440000,0.000,266.528,20.732230,821,3.542431,1.368851
veh_001671,completed,9977.228408,7.132431,9978.000000,0.771592,7.000000,10793.000,815.000,16093.440000,0.000,261.063,23.705189,815,2.403929,1.532041
veh_001672,completed,9982.336083,5.107675,9983.000000,0.663917,5.000000,10799.000,816.000,16093.440000,0.000,261.792,23.213278,816,4.544846,2.476888
veh_001673,completed,9987.914256,5.578173,9988.000000,0.085744,5.000000,10805.000,817.000,16093.440000,0.000,262.523,20.996304,817,2.216647,2.270786
veh_001674,completed,9993.360481,5.446225,9994.000000,0.639519,6.000000,10806.000,812.000,16093.440000,0.000,258.115,23.618450,812,2.037307,1.448942
veh_001675,completed,9999.168067,5.807586,10000.000000,0.831933,6.000000,10809.000,809.000,16093.440000,0.000,254.486,23.543840,809,3.976482,1.862407
veh_001676,completed,10002.618417,3.450349,10003.000000,0.381583,3.000000,10815.000,812.000,16093.440000,0.000,257.826,22.288791,812,3.442336,2.305602
veh_001677,completed,10008.550227,5.931810,10009.000000,0.449773,6.000000,10817.000,808.000,16093.440000,0.000,253.960,24.633263,808,1.885635,1.904295
veh_001678,completed,10013.713088,5.162861,10014.000000,0.286912,5.000000,10820.000,806.000,16093.440000,0.000,251.532,24.852029,806,2.356212,2.251149
veh_001679,completed,10024.143757,10.430669,10025.000000,0.856243,11.000000,10821.000,796.000,16093.440000,0.000,242.109,23.098155,796,2.586903,1.549299
veh_001680,completed,10029.824244,5.680487,10030.000000,0.175756,5.000000,10824.000,794.000,16093.440000,0.000,239.782,23.513428,794,3.236619,2.138207
veh_001681,completed,10035.140808,5.316563,10036.000000,0.859192,6.000000,10826.000,790.000,16093.440000,0.000,235.881,21.640601,790,2.909081,1.801527
veh_001682,completed,10042.623523,7.482716,10043.000000,0.376477,7.000000,10879.000,836.000,16093.440000,0.000,281.533,19.241077,836,2.110062,1.890535
veh_001683,completed,10048.389475,5.765952,10049.000000,0.610525,6.000000,10881.000,832.000,16093.440000,0.000,277.516,21.675431,832,2.505581,1.921605
veh_001684,completed,10054.769488,6.380013,10055.000000,0.230512,6.000000,10883.000,828.000,16093.440000,0.000,273.536,23.280819,828,3.869995,1.539817
veh_001685,completed,10059.458314,4.688826,10060.000000,0.541686,5.000000,10885.000,825.000,16093.440000,0.000,270.935,22.465554,825,3.268565,2.022784
veh_001686,completed,10067.791156,8.332842,10068.000000,0.208844,8.000000,10887.000,819.000,16093.440000,0.000,265.144,23.495816,819,2.734731,1.919182
veh_001687,completed,10072.849644,5.058488,10073.000000,0.150356,5.000000,10890.000,817.000,16093.440000,0.000,262.883,22.571245,817,3.966636,2.160256
veh_001688,completed,10079.412670,6.563025,10080.000000,0.587330,7.000000,10892.000,812.000,16093.440000,0.000,257.823,22.662928,812,1.319421,1.782738
veh_001689,completed,10087.111206,7.698536,10088.000000,0.888794,8.000000,10894.000,806.000,16093.440000,0.000,251.901,25.599926,806,2.683295,1.526697
veh_001690,completed,10092.654449,5.543243,10093.000000,0.345551,5.000000,10897.000,804.000,16093.440000,0.000,250.102,21.215868,804,3.154049,1.737786
veh_001691,completed,10098.654225,5.999776,10099.000000,0.345775,6.000000,10910.000,811.000,16093.440000,0.000,257.056,20.068627,811,3.438861,1.668655
veh_001692,completed,10105.533995,6.879770,10106.000000,0.466005,7.000000,10914.000,808.000,16093.440000,0.000,253.836,20.769431,808,3.691106,1.826809
veh_001693,completed,10112.558018,7.024023,10113.000000,0.441982,7.000000,10919.000,806.000,16093.440000,0.000,251.578,21.485556,806,2.340662,1.757046
veh_001694,completed,10116.922871,4.364853,10117.000000,0.077129,4.000000,10928.000,811.000,16093.440000,0.000,256.791,22.270306,811,3.784607,1.886734
veh_001695,completed,10123.195096,6.272225,10124.000000,0.804904,7.000000,10930.000,806.000,16093.440000,0.000,252.064,23.904050,806,4.439225,2.087851
veh_001696,completed,10127.777042,4.581946,10128.000000,0.222958,4.000000,10933.000,805.000,16093.440000,0.000,250.503,21.532294,805,3.128552,1.972084
veh_001697,completed,10132.658987,4.881945,10133.000000,0.341013,5.000000,10935.000,802.000,16093.440000,0.000,247.627,20.112513,802,2.833003,1.886380
veh_001698,completed,10137.686400,5.027413,10138.000000,0.313600,5.000000,10937.000,799.000,16093.440000,0.000,245.026,21.991582,799,2.459955,1.384071
veh_001699,completed,10145.510367,7.823967,10146.000000,0.489633,8.000000,10939.000,793.000,16093.440000,0.000,239.113,25.193397,793,2.308811,1.770885
veh_001700,completed,10153.905233,8.394866,10154.000000,0.094767,8.000000,10954.000,800.000,16093.440000,0.000,246.044,20.836185,800,2.677533,2.506111
veh_001701,completed,10163.813412,9.908179,10164.000000,0.186588,10.000000,10957.000,793.000,16093.440000,0.000,238.624,23.029562,793,2.418549,1.868174
veh_001702,completed,10169.728586,5.915174,10170.000000,0.271414,6.000000,10965.000,795.000,16093.440000,0.000,240.801,21.053293,795,2.059271,1.471090
veh_001703,completed,10174.466476,4.737890,10175.000000,0.533524,5.000000,10969.000,794.000,16093.440000,0.000,239.603,21.672854,794,1.885410,1.573332
veh_001704,completed,10179.012253,4.545777,10180.000000,0.987747,5.000000,10971.000,791.000,16093.440000,0.000,236.431,26.019797,791,2.977599,1.496047
veh_001705,completed,10187.423474,8.411221,10188.000000,0.576526,8.000000,10973.000,785.000,16093.440000,0.000,230.343,24.412760,785,4.297670,1.685518
veh_001706,completed,10191.115907,3.692433,10192.000000,0.884093,4.000000,11042.000,850.000,16093.440000,0.000,295.868,18.923885,850,4.167662,1.853455
veh_001707,completed,10196.640454,5.524547,10197.000000,0.359546,5.000000,11044.000,847.000,16093.440000,0.000,293.100,24.441817,847,1.072605,1.973734
veh_001708,completed,10201.791360,5.150905,10202.000000,0.208640,5.000000,11047.000,845.000,16093.440000,0.000,290.879,23.519666,845,4.123075,2.094901
veh_001709,completed,10210.416353,8.624993,10211.000000,0.583647,9.000000,11049.000,838.000,16093.440000,0.000,283.567,20.539068,838,2.847113,1.521903
veh_001710,completed,10214.896336,4.479984,10215.000000,0.103664,4.000000,11051.000,836.000,16093.440000,0.000,282.014,19.228363,836,2.873639,1.997591
veh_001711,completed,10222.548831,7.652495,10223.000000,0.451169,8.000000,11054.000,831.000,16093.440000,0.000,276.516,22.951657,831,3.329421,1.901507
veh_001712,completed,10230.518861,7.970030,10231.000000,0.481139,8.000000,11064.000,833.000,16093.440000,0.000,278.812,20.747750,833,3.919763,1.955925
veh_001713,completed,10236.268706,5.749845,10237.000000,0.731294,6.000000,11066.000,829.000,16093.440000,0.000,274.804,21.580641,829,2.504127,1.591452
veh_001714,completed,10242.966949,6.698243,10243.000000,0.033051,6.000000,11074.000,831.000,16093.440000,0.000,276.530,19.934828,831,1.886187,2.150011
veh_001715,completed,10246.658878,3.691929,10247.000000,0.341122,4.000000,11076.000,829.000,16093.440000,0.000,274.520,24.403523,829,2.420538,1.732407
veh_001716,completed,10252.526566,5.867688,10253.000000,0.473434,6.000000,11078.000,825.000,16093.440000,0.000,270.630,22.129203,825,3.607760,1.601849
veh_001717,completed,10258.204025,5.677459,10259.000000,0.795975,6.000000,11100.000,841.000,16093.440000,0.000,287.017,18.580440,841,3.410486,1.856023
veh_001718,completed,10260.334651,2.130626,10261.000000,0.665349,2.000000,11105.000,844.000,16093.440000,0.000,290.102,21.305168,844,4.121107,2.154226
veh_001719,completed,10266.957717,6.623065,10267.000000,0.042283,6.000000,11107.000,840.000,16093.440000,0.000,285.982,21.300035,840,3.213252,1.842487
veh_001720,completed,10273.490466,6.532750,10274.000000,0.509534,7.000000,11109.000,835.000,16093.440000,0.000,281.079,22.059413,835,2.950883,1.975658
veh_001721,completed,10276.950402,3.459936,10277.000000,0.049598,3.000000,11112.000,835.000,16093.440000,0.000,280.573,21.849557,835,2.525170,1.988195
veh_001722,completed,10280.831989,3.881586,10281.000000,0.168011,4.000000,11114.000,833.000,16093.440000,0.000,278.886,19.780603,833,1.947382,2.274316
veh_001723,completed,10285.708055,4.876066,10286.000000,0.291945,5.000000,11116.000,830.000,16093.440000,0.000,275.775,26.512159,830,2.311708,1.708092
veh_001724,completed,10290.914282,5.206227,10291.000000,0.085718,5.000000,11118.000,827.000,16093.440000,0.000,272.715,23.582419,827,4.309657,1.623098
veh_001725,completed,10296.454733,5.540451,10297.000000,0.545267,6.000000,11119.000,822.000,16093.440000,0.000,268.129,21.627330,822,3.509745,1.308054
veh_001726,completed,10301.017547,4.562814,10302.000000,0.982453,5.000000,11122.000,820.000,16093.440000,0.000,265.842,21.589394,820,3.492337,2.106578
veh_001727,completed,10305.505761,4.488214,10306.000000,0.494239,4.000000,11124.000,818.000,16093.440000,0.000,264.003,22.810025,818,3.235472,1.587454
veh_001728,completed,10311.965531,6.459770,10312.000000,0.034469,6.000000,11127.000,815.000,16093.440000,0.000,260.384,21.091235,815,2.391271,2.186159
veh_001729,completed,10317.252659,5.287128,10318.000000,0.747341,6.000000,11129.000,811.000,16093.440000,0.000,256.532,22.924762,811,3.169994,1.891773
veh_001730,completed,10323.092458,5.839799,10324.000000,0.907542,6.000000,11131.000,807.000,16093.440000,0.000,252.993,20.937812,807,2.166588,2.116212
veh_001731,completed,10328.747938,5.655480,10329.000000,0.252062,5.000000,11134.000,805.000,16093.440000,0.000,250.543,22.845940,805,2.401117,2.144375
veh_001732,completed,10335.433739,6.685800,10336.000000,0.566261,7.000000,11136.000,800.000,16093.440000,0.000,245.662,22.020799,800,2.886223,1.766217
veh_001733,completed,10341.202326,5.768588,10342.000000,0.797674,6.000000,11151.000,809.000,16093.440000,0.000,254.684,20.482688,809,2.814758,1.688309
veh_001734,completed,10348.494636,7.292309,10349.000000,0.505364,7.000000,11153.000,804.000,16093.440000,0.000,249.649,23.473334,804,2.781545,1.902117
veh_001735,completed,10354.649133,6.154498,10355.000000,0.350867,6.000000,11155.000,800.000,16093.440000,0.000,245.598,26.505405,800,3.193672,1.815842
veh_001736,completed,10361.982685,7.333551,10362.000000,0.017315,7.000000,11157.000,795.000,16093.440000,0.000,240.880,24.941635,795,3.443876,1.970684
veh_001737,completed,10369.853308,7.870623,10370.000000,0.146692,8.000000,11159.000,789.000,16093.440000,0.000,234.819,22.054116,789,2.686897,1.830007
veh_001738,completed,10373.662595,3.809287,10374.000000,0.337405,4.000000,11161.000,787.000,16093.440000,0.000,232.957,25.360402,787,4.073977,1.819822
veh_001739,completed,10381.045588,7.382993,10382.000000,0.954412,8.000000,11164.000,782.000,16093.440000,0.000,227.363,26.450038,782,3.246318,2.172623
veh_001740,completed,10389.719821,8.674233,10390.000000,0.280179,8.000000,11209.000,819.000,16093.440000,0.000,264.722,20.546114,819,3.543457,1.562452
veh_001741,completed,10394.261027,4.541206,10395.000000,0.738973,5.000000,11211.000,816.000,16093.440000,0.000,261.606,23.528144,816,3.969977,1.650506
veh_001742,completed,10400.213221,5.952194,10401.000000,0.786779,6.000000,11213.000,812.000,16093.440000,0.000,258.097,20.011472,812,2.556477,2.746724
veh_001743,completed,10405.677415,5.464194,10406.000000,0.322585,5.000000,11215.000,809.000,16093.440000,0.000,254.995,24.632565,809,3.211749,1.672184
veh_001744,completed,10412.338666,6.661251,10413.000000,0.661334,7.000000,11239.000,826.000,16093.440000,0.000,271.948,19.549584,826,4.161725,1.487149
veh_001745,completed,10419.118654,6.779988,10420.000000,0.881346,7.000000,11241.000,821.000,16093.440000,0.000,267.023,25.656534,821,2.014915,2.038111
veh_001746,completed,10424.114710,4.996057,10425.000000,0.885290,5.000000,11244.000,819.000,16093.440000,0.000,264.737,23.174009,819,3.711186,1.733619
veh_001747,completed,10432.083545,7.968835,10433.000000,0.916455,8.000000,11246.000,813.000,16093.440000,0.000,258.645,23.237408,813,2.085111,1.594161
veh_001748,completed,10436.798524,4.714979,10437.000000,0.201476,4.000000,11326.000,889.000,16093.440000,0.000,334.577,18.910742,889,3.016878,1.953013
veh_001749,completed,10442.591046,5.792522,10443.000000,0.408954,6.000000,11328.000,885.000,16093.440000,0.000,331.020,24.009855,885,3.280955,1.202350
veh_001750,completed,10450.126434,7.535388,10451.000000,0.873566,8.000000,11330.000,879.000,16093.440000,0.000,324.951,23.331784,879,3.087550,1.744375
veh_001751,completed,10459.056591,8.930157,10460.000000,0.943409,9.000000,11332.000,872.000,16093.440000,0.000,317.708,23.393647,872,1.537381,1.323432
veh_001752,completed,10464.287608,5.231017,10465.000000,0.712392,5.000000,11335.000,870.000,16093.440000,0.000,315.418,24.112537,870,3.618347,1.880252
veh_001753,completed,10471.461050,7.173442,10472.000000,0.538950,7.000000,11337.000,865.000,16093.440000,0.000,310.923,21.717798,865,3.052590,1.806782
veh_001754,completed,10477.791112,6.330063,10478.000000,0.208888,6.000000,11339.000,861.000,16093.440000,0.000,306.577,25.716390,861,2.549734,1.446954
veh_001755,completed,10481.417447,3.626335,10482.000000,0.582553,4.000000,11340.000,858.000,16093.440000,0.000,303.901,22.106391,858,3.440333,1.266794
veh_001756,completed,10485.984665,4.567218,10486.000000,0.015335,4.000000,11343.000,857.000,16093.440000,0.000,302.413,21.210785,857,3.057864,2.114024
veh_001757,completed,10490.177508,4.192844,10491.000000,0.822492,5.000000,11345.000,854.000,16093.440000,0.000,299.590,23.280730,854,2.978201,2.092173
veh_001758,completed,10495.422533,5.245024,10496.000000,0.577467,5.000000,11347.000,851.000,16093.440000,0.000,296.802,22.982196,851,2.999782,1.745211
veh_001759,completed,10500.797351,5.374818,10501.000000,0.202649,5.000000,11351.000,850.000,16093.440000,0.000,295.722,21.431834,850,2.890980,2.279687
veh_001760,completed,10506.839274,6.041923,10507.000000,0.160726,6.000000,11353.000,846.000,16093.440000,0.000,291.578,21.619627,846,2.891918,1.415077
veh_001761,completed,10514.755815,7.916541,10515.000000,0.244185,8.000000,11355.000,840.000,16093.440000,0.000,285.691,22.147812,840,3.546689,1.791298
veh_001762,completed,10521.389529,6.633714,10522.000000,0.610471,7.000000,11357.000,835.000,16093.440000,0.000,280.740,24.263084,835,2.551114,1.999053
veh_001763,completed,10531.369123,9.979594,10532.000000,0.630877,10.000000,11359.000,827.000,16093.440000,0.000,272.531,26.054834,827,1.363029,1.558105
veh_001764,completed,10537.003981,5.634858,10538.000000,0.996019,6.000000,11363.000,825.000,16093.440000,0.000,271.091,20.298797,825,3.848266,2.259851
veh_001765,completed,10544.187860,7.183879,10545.000000,0.812140,7.000000,11365.000,820.000,16093.440000,0.000,266.143,21.783942,820,3.373989,1.704237
veh_001766,completed,10550.809478,6.621618,10551.000000,0.190522,6.000000,11368.000,817.000,16093.440000,0.000,262.528,20.981555,817,2.303632,2.162511
veh_001767,completed,10559.069328,8.259850,10560.000000,0.930672,9.000000,11370.000,810.000,16093.440000,0.000,256.113,21.395121,810,2.875735,2.360318
veh_001768,completed,10564.501254,5.431926,10565.000000,0.498746,5.000000,11373.000,808.000,16093.440000,0.000,253.901,23.187437,808,4.005199,2.317459
veh_001769,completed,10571.769141,7.267887,10572.000000,0.230859,7.000000,11376.000,804.000,16093.440000,0.000,249.870,20.423867,804,2.899154,1.620533
veh_001770,completed,10580.212750,8.443609,10581.000000,0.787250,9.000000,11379.000,798.000,16093.440000,0.000,243.438,25.667161,798,3.345413,2.104450
veh_001771,completed,10585.131530,4.918781,10586.000000,0.868470,5.000000,11381.000,795.000,16093.440000,0.000,240.807,22.597744,795,1.978506,2.157246
veh_001772,completed,10591.019223,5.887693,10592.000000,0.980777,6.000000,11415.000,823.000,16093.440000,0.000,268.564,19.927792,823,3.082460,1.483838
veh_001773,completed,10597.775682,6.756459,10598.000000,0.224318,6.000000,11417.000,819.000,16093.440000,0.000,264.557,25.439828,819,2.895613,1.700886
veh_001774,completed,10603.123513,5.347831,10604.000000,0.876487,6.000000,11470.000,866.000,16093.440000,0.000,312.070,19.137225,866,3.522374,2.029312
veh_001775,completed,10607.810647,4.687134,10608.000000,0.189353,4.000000,11473.000,865.000,16093.440000,0.000,311.075,23.136912,865,2.945033,2.548879
veh_001776,completed,10616.559747,8.749099,10617.000000,0.440253,9.000000,11475.000,858.000,16093.440000,0.000,303.950,23.691034,858,2.607162,1.322836
veh_001777,completed,10622.215272,5.655525,10623.000000,0.784728,6.000000,11489.000,866.000,16093.440000,0.000,311.884,18.441264,866,3.345429,1.999049
veh_001778,completed,10630.816411,8.601140,10631.000000,0.183589,8.000000,11491.000,860.000,16093.440000,0.000,305.963,20.132048,860,2.164384,1.640465
veh_001779,completed,10636.053773,5.237362,10637.000000,0.946227,6.000000,11508.000,871.000,16093.440000,0.000,317.005,19.905764,871,1.595782,1.911327
veh_001780,completed,10641.743140,5.689367,10642.000000,0.256860,5.000000,11511.000,869.000,16093.440000,0.000,314.829,22.630479,869,4.300439,2.421256
veh_001781,completed,10648.938849,7.195709,10649.000000,0.061151,7.000000,11513.000,864.000,16093.440000,0.000,309.611,26.083099,864,2.703797,1.464386
veh_001782,completed,10654.629820,5.690971,10655.000000,0.370180,6.000000,11515.000,860.000,16093.440000,0.000,305.547,20.673092,860,1.760789,2.100755
veh_001783,completed,10659.281518,4.651698,10660.000000,0.718482,5.000000,11517.000,857.000,16093.440000,0.000,302.915,20.895016,857,3.607596,1.616360
veh_001784,completed,10664.201651,4.920133,10665.000000,0.798349,5.000000,11519.000,854.000,16093.440000,0.000,299.484,23.136814,854,2.980104,1.211332
veh_001785,completed,10670.610659,6.409009,10671.000000,0.389341,6.000000,11520.000,849.000,16093.440000,0.000,294.884,21.130991,849,2.728588,1.355661
veh_001786,completed,10675.611488,5.000829,10676.000000,0.388512,5.000000,11522.000,846.000,16093.440000,0.000,291.795,24.204895,846,3.657342,1.817735
veh_001787,completed,10681.743590,6.132102,10682.000000,0.256410,6.000000,11524.000,842.000,16093.440000,0.000,287.919,23.746869,842,1.791118,2.136125
veh_001788,completed,10684.357661,2.614071,10685.000000,0.642339,3.000000,11526.000,841.000,16093.440000,0.000,286.697,22.737522,841,2.533776,1.457383
veh_001789,completed,10689.520478,5.162817,10690.000000,0.479522,5.000000,11528.000,838.000,16093.440000,0.000,283.408,26.417619,838,3.962397,1.505743
veh_001790,completed,10695.250010,5.729532,10696.000000,0.749990,6.000000,11530.000,834.000,16093.440000,0.000,279.471,19.873065,834,3.477980,1.666198
veh_001791,completed,10700.481048,5.231037,10701.000000,0.518952,5.000000,11531.000,830.000,16093.440000,0.000,276.004,19.998156,830,2.192873,1.181296
veh_001792,completed,10704.990668,4.509620,10705.000000,0.009332,4.000000,11533.000,828.000,16093.440000,0.000,274.049,23.124133,828,3.106465,1.788736
veh_001793,completed,10709.665411,4.674743,10710.000000,0.334589,5.000000,11563.000,853.000,16093.440000,0.000,298.965,19.447076,853,3.183079,1.259065
veh_001794,completed,10715.771192,6.105781,10716.000000,0.228808,6.000000,11566.000,850.000,16093.440000,0.000,295.658,22.247853,850,2.691020,2.255707
veh_001795,completed,10724.001781,8.230589,10725.000000,0.998219,9.000000,11568.000,843.000,16093.440000,0.000,288.722,22.123932,843,3.656175,1.664545
veh_001796,completed,10727.904142,3.902360,10728.000000,0.095858,3.000000,11572.000,844.000,16093.440000,0.000,290.089,21.378374,844,3.352973,1.727717
veh_001797,completed,10733.489752,5.585610,10734.000000,0.510248,6.000000,11575.000,841.000,16093.440000,0.000,286.447,23.889056,841,3.510200,1.667406
veh_001798,completed,10740.955326,7.465574,10741.000000,0.044674,7.000000,11576.000,835.000,16093.440000,0.000,281.113,22.500060,835,3.772728,1.553881
veh_001799,completed,10747.457013,6.501687,10748.000000,0.542987,7.000000,11579.000,831.000,16093.440000,0.000,276.317,24.981478,831,3.138769,1.828918
veh_001800,completed,10753.316377,5.859364,10754.000000,0.683623,6.000000,11581.000,827.000,16093.440000,0.000,272.722,24.403267,827,3.890729,2.061134
veh_001801,completed,10758.640308,5.323931,10759.000000,0.359692,5.000000,11584.000,825.000,16093.440000,0.000,271.129,22.301481,825,2.862617,1.581791
veh_001802,completed,10764.660201,6.019893,10765.000000,0.339799,6.000000,11657.000,892.000,16093.440000,0.000,337.875,18.450125,892,2.387243,2.041573
veh_001803,completed,10770.508604,5.848404,10771.000000,0.491396,6.000000,11659.000,888.000,16093.440000,0.000,333.993,22.438512,888,2.416370,1.692197
veh_001804,completed,10773.228912,2.720307,10774.000000,0.771088,3.000000,11670.000,896.000,16093.440000,0.000,342.081,18.340295,896,2.079139,1.993794
veh_001805,completed,10778.155237,4.926325,10779.000000,0.844763,5.000000,11673.000,894.000,16093.440000,0.000,339.508,23.834722,894,3.290019,1.740206
veh_001806,completed,10781.230854,3.075617,10782.000000,0.769146,3.000000,11675.000,893.000,16093.440000,0.000,338.773,20.054082,893,2.799309,2.132640
veh_001807,completed,10789.167438,7.936585,10790.000000,0.832562,8.000000,11677.000,887.000,16093.440000,0.000,332.876,23.373368,887,3.286373,1.726013
veh_001808,completed,10796.401411,7.233973,10797.000000,0.598589,7.000000,11679.000,882.000,16093.440000,0.000,327.547,23.966310,882,3.418168,1.640876
veh_001809,completed,10801.219060,4.817649,10802.000000,0.780940,5.000000,11682.000,880.000,16093.440000,0.000,325.488,20.184740,880,3.228392,1.789199
veh_001810,completed,10808.426377,7.207317,10809.000000,0.573623,7.000000,11684.000,875.000,16093.440000,0.000,320.617,21.726985,875,1.799390,2.097147
veh_001811,completed,10818.099348,9.672971,10819.000000,0.900652,10.000000,11686.000,867.000,16093.440000,0.000,312.878,20.580788,867,1.801575,2.196512
veh_001812,completed,10823.164733,5.065385,10824.000000,0.835267,5.000000,11688.000,864.000,16093.440000,0.000,309.661,21.500978,864,3.067591,1.568362
veh_001813,completed,10831.113646,7.948913,10832.000000,0.886354,8.000000,11691.000,859.000,16093.440000,0.000,304.308,24.470611,859,3.709249,2.399864
veh_001814,completed,10837.657403,6.543758,10838.000000,0.342597,6.000000,11695.000,857.000,16093.440000,0.000,302.677,19.958272,857,3.191508,1.356371
veh_001815,completed,10843.302355,5.644951,10844.000000,0.697645,6.000000,11697.000,853.000,16093.440000,0.000,298.649,24.024241,853,3.312729,1.668510
veh_001816,completed,10847.643489,4.341134,10848.000000,0.356511,4.000000,11698.000,850.000,16093.440000,0.000,296.038,26.687025,850,2.260405,1.315930
veh_001817,completed,10852.809601,5.166112,10853.000000,0.190399,5.000000,11701.000,848.000,16093.440000,0.000,293.468,24.593124,848,3.605406,1.594677
veh_001818,completed,10858.217232,5.407631,10859.000000,0.782768,6.000000,11702.000,843.000,16093.440000,0.000,288.920,22.322554,843,1.900230,1.423244
veh_001819,completed,10860.743569,2.526337,10861.000000,0.256431,2.000000,11704.000,843.000,16093.440000,0.000,288.903,24.639546,843,3.057154,1.796654
veh_001820,completed,10867.539262,6.795693,10868.000000,0.460738,7.000000,11723.000,855.000,16093.440000,0.000,301.020,19.636166,855,3.248790,1.861525
veh_001821,completed,10873.056665,5.517403,10874.000000,0.943335,6.000000,11726.000,852.000,16093.440000,0.000,297.720,20.776333,852,2.389089,1.593579
veh_001822,completed,10879.745531,6.688866,10880.000000,0.254469,6.000000,11728.000,848.000,16093.440000,0.000,293.584,23.167664,848,1.915781,1.637097
veh_001823,completed,10885.116690,5.371159,10886.000000,0.883310,6.000000,11730.000,844.000,16093.440000,0.000,289.610,26.646464,844,2.408230,1.681118
veh_001824,completed,10895.614100,10.497409,10896.000000,0.385900,10.000000,11732.000,836.000,16093.440000,0.000,281.775,25.216909,836,3.940595,1.624666
veh_001825,completed,10899.128173,3.514073,10900.000000,0.871827,4.000000,11734.000,834.000,16093.440000,0.000,279.976,21.651519,834,3.840249,1.824459
veh_001826,completed,10903.728583,4.600411,10904.000000,0.271417,4.000000,11736.000,832.000,16093.440000,0.000,277.736,23.301446,832,2.189104,1.651987
veh_001827,completed,10910.786392,7.057808,10911.000000,0.213608,7.000000,11741.000,830.000,16093.440000,0.000,276.136,20.491749,830,3.532715,2.185104
veh_001828,completed,10920.324093,9.537702,10921.000000,0.675907,10.000000,11743.000,822.000,16093.440000,0.000,268.088,21.603768,822,2.957839,1.907887
veh_001829,completed,10924.835465,4.511372,10925.000000,0.164535,4.000000,11762.000,837.000,16093.440000,0.000,282.756,20.605440,837,3.843171,1.807391
veh_001830,completed,10933.579287,8.743822,10934.000000,0.420713,9.000000,11764.000,830.000,16093.440000,0.000,275.841,22.729190,830,2.015960,1.671088
veh_001831,completed,10938.203743,4.624456,10939.000000,0.796257,5.000000,11767.000,828.000,16093.440000,0.000,273.856,20.738530,828,3.352238,1.307858
veh_001832,completed,10946.143794,7.940051,10947.000000,0.856206,8.000000,11780.000,833.000,16093.440000,0.000,278.581,21.337024,833,2.949668,1.723367
veh_001833,completed,10952.256886,6.113092,10953.000000,0.743114,6.000000,11782.000,829.000,16093.440000,0.000,274.813,22.532040,829,2.176210,2.222816
veh_001834,completed,10961.601884,9.344998,10962.000000,0.398116,9.000000,11784.000,822.000,16093.440000,0.000,267.574,21.574648,822,2.527221,1.092951
veh_001835,completed,10970.274862,8.672978,10971.000000,0.725138,9.000000,11786.000,815.000,16093.440000,0.000,260.862,20.373664,815,2.535752,2.003431
veh_001836,completed,10975.303278,5.028416,10976.000000,0.696722,5.000000,11874.000,898.000,16093.440000,0.000,344.099,18.220664,898,2.896855,1.861143
veh_001837,completed,10985.706830,10.403552,10986.000000,0.293170,10.000000,11876.000,890.000,16093.440000,0.000,336.051,23.702970,890,3.028958,1.703827
veh_001838,completed,10990.020591,4.313762,10991.000000,0.979409,5.000000,11878.000,887.000,16093.440000,0.000,332.971,21.844199,887,2.433492,1.675423
veh_001839,completed,10995.550160,5.529569,10996.000000,0.449840,5.000000,11880.000,884.000,16093.440000,0.000,329.857,23.941738,884,2.788033,1.605178
veh_001840,completed,11004.262015,8.711855,11005.000000,0.737985,9.000000,11886.000,881.000,16093.440000,0.000,327.056,19.726496,881,3.069285,1.845998
veh_001841,completed,11009.159840,4.897825,11010.000000,0.840160,5.000000,11889.000,879.000,16093.440000,0.000,324.574,24.085229,879,2.949871,1.978149
veh_001842,completed,11014.197813,5.037973,11015.000000,0.802187,5.000000,11891.000,876.000,16093.440000,0.000,321.427,24.365104,876,2.588556,1.461334
veh_001843,completed,11020.393759,6.195946,11021.000000,0.606241,6.000000,11893.000,872.000,16093.440000,0.000,317.847,18.983888,872,1.746084,1.534430
veh_001844,completed,11027.072489,6.678730,11028.000000,0.927511,7.000000,11896.000,868.000,16093.440000,0.000,313.516,24.062328,868,2.281480,1.969508
veh_001845,completed,11033.653262,6.580773,11034.000000,0.346738,6.000000,11898.000,864.000,16093.440000,0.000,309.530,24.085042,864,2.249671,1.890997
veh_001846,completed,11038.534716,4.881454,11039.000000,0.465284,5.000000,11900.000,861.000,16093.440000,0.000,306.594,19.951321,861,2.568743,1.730154
veh_001847,completed,11044.830057,6.295340,11045.000000,0.169943,6.000000,11902.000,857.000,16093.440000,0.000,302.653,24.653155,857,3.855109,1.685409
veh_001848,completed,11051.786195,6.956138,11052.000000,0.213805,7.000000,11904.000,852.000,16093.440000,0.000,297.818,24.068167,852,3.552237,1.840555
veh_001849,completed,11060.042181,8.255986,11061.000000,0.957819,9.000000,11906.000,845.000,16093.440000,0.000,291.121,20.639619,845,5.028495,1.801711
veh_001850,completed,11066.534421,6.492241,11067.000000,0.465579,6.000000,11909.000,842.000,16093.440000,0.000,287.497,24.832225,842,3.610636,1.944509
veh_001851,completed,11070.654952,4.120531,11071.000000,0.345048,4.000000,11910.000,839.000,16093.440000,0.000,284.790,21.838182,839,2.777594,1.030613
veh_001852,completed,11076.697579,6.042626,11077.000000,0.302421,6.000000,11912.000,835.000,16093.440000,0.000,281.032,23.389971,835,3.824779,1.596997
veh_001853,completed,11081.766688,5.069110,11082.000000,0.233312,5.000000,11916.000,834.000,16093.440000,0.000,279.549,20.025632,834,3.700616,1.774616
veh_001854,completed,11089.745235,7.978546,11090.000000,0.254765,8.000000,11918.000,828.000,16093.440000,0.000,274.136,19.660855,828,4.147228,2.703072
veh_001855,completed,11093.232101,3.486866,11094.000000,0.767899,4.000000,11921.000,827.000,16093.440000,0.000,272.448,20.666679,827,2.924618,1.722965
veh_001856,completed,11100.071701,6.839600,11101.000000,0.928299,7.000000,11923.000,822.000,16093.440000,0.000,267.862,22.252163,822,3.149264,1.976573
veh_001857,completed,11104.473606,4.401906,11105.000000,0.526394,4.000000,11926.000,821.000,16093.440000,0.000,266.495,25.089243,821,2.961950,2.149158
veh_001858,completed,11112.381692,7.908086,11113.000000,0.618308,8.000000,11935.000,822.000,16093.440000,0.000,267.959,20.932846,822,3.594558,1.670000
veh_001859,completed,11119.538435,7.156743,11120.000000,0.461565,7.000000,11938.000,818.000,16093.440000,0.000,263.533,25.519442,818,4.264259,1.926080
veh_001860,completed,11125.867432,6.328997,11126.000000,0.132568,6.000000,11940.000,814.000,16093.440000,0.000,260.153,22.888428,814,2.831762,2.422098
veh_001861,completed,11132.624840,6.757408,11133.000000,0.375160,7.000000,11942.000,809.000,16093.440000,0.000,254.996,23.228267,809,3.249362,1.598351
veh_001862,completed,11138.119520,5.494680,11139.000000,0.880480,6.000000,11944.000,805.000,16093.440000,0.000,250.652,25.424651,805,3.619503,1.542419
veh_001863,completed,11145.133186,7.013666,11146.000000,0.866814,7.000000,11946.000,800.000,16093.440000,0.000,245.558,20.585918,800,1.982572,1.396548
veh_001864,completed,11151.058746,5.925560,11152.000000,0.941254,6.000000,11951.000,799.000,16093.440000,0.000,244.593,21.506302,799,2.366475,1.260961
veh_001865,completed,11158.155552,7.096806,11159.000000,0.844448,7.000000,11953.000,794.000,16093.440000,0.000,239.992,21.909966,794,2.741605,1.873727
veh_001866,completed,11164.243416,6.087864,11165.000000,0.756584,6.000000,11957.000,792.000,16093.440000,0.000,238.134,23.534064,792,4.342917,1.585740
veh_001867,completed,11166.521629,2.278213,11167.000000,0.478371,2.000000,11961.000,794.000,16093.440000,0.000,239.944,23.126811,794,3.421021,2.095688
veh_001868,completed,11171.751142,5.229513,11172.000000,0.248858,5.000000,11964.000,792.000,16093.440000,0.000,237.641,25.553337,792,2.795465,1.833758
veh_001869,completed,11180.027381,8.276239,11181.000000,0.972619,9.000000,11965.000,784.000,16093.440000,0.000,229.942,22.326719,784,3.112385,1.031673
veh_001870,completed,11188.206191,8.178810,11189.000000,0.793809,8.000000,11971.000,782.000,16093.440000,0.000,228.033,20.407728,782,3.160509,2.042598
veh_001871,completed,11194.363015,6.156824,11195.000000,0.636985,6.000000,11974.000,779.000,16093.440000,0.000,224.601,23.630355,779,2.803146,2.215369
veh_001872,completed,11200.173965,5.810950,11201.000000,0.826035,6.000000,11995.000,794.000,16093.440000,0.000,240.134,20.341155,794,4.054400,1.089337
veh_001873,completed,11205.671092,5.497128,11206.000000,0.328908,5.000000,11999.000,793.000,16093.440000,0.000,238.855,21.615956,793,4.224524,2.154266
veh_001874,completed,11212.616934,6.945841,11213.000000,0.383066,7.000000,12052.000,839.000,16093.440000,0.000,284.704,19.299548,839,3.909691,1.811969
veh_001875,completed,11219.485490,6.868557,11220.000000,0.514510,7.000000,12054.000,834.000,16093.440000,0.000,279.916,21.972048,834,2.769258,1.715233
veh_001876,completed,11224.016852,4.531362,11225.000000,0.983148,5.000000,12056.000,831.000,16093.440000,0.000,276.931,24.146434,831,3.918985,1.694437
veh_001877,completed,11231.009328,6.992475,11232.000000,0.990672,7.000000,12058.000,826.000,16093.440000,0.000,271.709,20.082420,826,3.407763,1.313562
veh_001878,completed,11238.858673,7.849345,11239.000000,0.141327,7.000000,12060.000,821.000,16093.440000,0.000,266.595,24.520947,821,4.065936,1.505987
veh_001879,completed,11243.426375,4.567703,11244.000000,0.573625,5.000000,12062.000,818.000,16093.440000,0.000,263.744,21.348172,818,3.753578,1.982691
veh_001880,completed,11249.146113,5.719738,11250.000000,0.853887,6.000000,12149.000,899.000,16093.440000,0.000,345.009,18.302561,899,2.277907,2.083305
veh_001881,completed,11255.841461,6.695347,11256.000000,0.158539,6.000000,12151.000,895.000,16093.440000,0.000,340.948,20.938070,895,2.925058,1.915236
veh_001882,completed,11262.925590,7.084129,11263.000000,0.074410,7.000000,12153.000,890.000,16093.440000,0.000,335.896,22.127382,890,3.097622,1.721899
veh_001883,completed,11268.294787,5.369197,11269.000000,0.705213,6.000000,12155.000,886.000,16093.440000,0.000,331.925,23.470387,886,3.029015,1.805565
veh_001884,completed,11273.501771,5.206984,11274.000000,0.498229,5.000000,12157.000,883.000,16093.440000,0.000,328.763,20.701378,883,2.026656,1.050071
veh_001885,completed,11278.805943,5.304172,11279.000000,0.194057,5.000000,12159.000,880.000,16093.440000,0.000,325.994,20.795616,880,4.093793,2.099898
veh_001886,completed,11285.383792,6.577849,11286.000000,0.616208,7.000000,12163.000,877.000,16093.440000,0.000,322.683,19.417388,877,2.829272,2.058331
veh_001887,completed,11292.027471,6.643679,11293.000000,0.972529,7.000000,12165.000,872.000,16093.440000,0.000,317.908,25.500374,872,3.838673,1.855522
veh_001888,completed,11297.998344,5.970874,11298.000000,0.001656,5.000000,12168.000,870.000,16093.440000,0.000,315.455,23.539786,870,3.276176,2.264262
veh_001889,completed,11301.952008,3.953664,11302.000000,0.047992,4.000000,12170.000,868.000,16093.440000,0.000,313.629,26.398795,868,3.442938,1.820181
veh_001890,completed,11306.317028,4.365020,11307.000000,0.682972,5.000000,12172.000,865.000,16093.440000,0.000,310.927,23.291614,865,2.437618,1.799848
veh_001891,completed,11313.272264,6.955236,11314.000000,0.727736,7.000000,12174.000,860.000,16093.440000,0.000,305.762,22.246630,860,3.102529,1.515643
veh_001892,completed,11317.440632,4.168368,11318.000000,0.559368,4.000000,12176.000,858.000,16093.440000,0.000,303.982,23.029316,858,3.707227,1.869114
veh_001893,completed,11323.780167,6.339536,11324.000000,0.219833,6.000000,12178.000,854.000,16093.440000,0.000,300.035,23.347872,854,2.993167,1.814845
veh_001894,completed,11329.238971,5.458804,11330.000000,0.761029,6.000000,12180.000,850.000,16093.440000,0.000,296.052,24.913169,850,3.453257,2.141335
veh_001895,completed,11334.335628,5.096657,11335.000000,0.664372,5.000000,12182.000,847.000,16093.440000,0.000,292.757,22.515551,847,2.948732,1.492758
veh_001896,completed,11340.375676,6.040048,11341.000000,0.624324,6.000000,12200.000,859.000,16093.440000,0.000,304.414,18.560689,859,3.593463,1.674034
veh_001897,completed,11348.890204,8.514528,11349.000000,0.109796,8.000000,12203.000,854.000,16093.440000,0.000,299.936,22.727203,854,2.662870,1.404173
veh_001898,completed,11355.323429,6.433225,11356.000000,0.676571,7.000000,12228.000,872.000,16093.440000,0.000,318.125,19.126000,872,2.744416,1.722221
veh_001899,completed,11360.879930,5.556501,11361.000000,0.120070,5.000000,12230.000,869.000,16093.440000,0.000,315.063,24.451123,869,3.102392,1.557087
veh_001900,completed,11364.669873,3.789943,11365.000000,0.330127,4.000000,12234.000,869.000,16093.440000,0.000,314.670,18.586803,869,2.473217,2.226842
veh_001901,completed,11371.438231,6.768358,11372.000000,0.561769,7.000000,12236.000,864.000,16093.440000,0.000,309.686,20.808781,864,3.499069,1.739266
veh_001902,completed,11379.143286,7.705055,11380.000000,0.856714,8.000000,12238.000,858.000,16093.440000,0.000,303.765,21.383745,858,4.254516,2.009332
veh_001903,completed,11386.054350,6.911064,11387.000000,0.945650,7.000000,12241.000,854.000,16093.440000,0.000,299.378,22.345021,854,2.568255,2.245685
veh_001904,completed,11393.803281,7.748931,11394.000000,0.196719,7.000000,12242.000,848.000,16093.440000,0.000,294.116,22.635703,848,3.102737,1.765994
veh_001905,completed,11400.518178,6.714897,11401.000000,0.481822,7.000000,12244.000,843.000,16093.440000,0.000,289.016,24.791366,843,3.562334,1.673703
veh_001906,completed,11404.563266,4.045088,11405.000000,0.436734,4.000000,12247.000,842.000,16093.440000,0.000,287.330,23.213974,842,2.377203,1.934420
veh_001907,completed,11410.495841,5.932575,11411.000000,0.504159,6.000000,12253.000,842.000,16093.440000,0.000,287.917,19.101272,842,3.599944,2.074401
veh_001908,completed,11417.283143,6.787302,11418.000000,0.716857,7.000000,12255.000,837.000,16093.440000,0.000,282.911,24.010980,837,3.605762,1.842733
veh_001909,completed,11424.364661,7.081517,11425.000000,0.635339,7.000000,12257.000,832.000,16093.440000,0.000,278.017,23.476216,832,3.223929,1.714498
veh_001910,completed,11429.625046,5.260385,11430.000000,0.374954,5.000000,12260.000,830.000,16093.440000,0.000,275.419,24.367476,830,3.874881,1.965748
veh_001911,completed,11435.529998,5.904952,11436.000000,0.470002,6.000000,12264.000,828.000,16093.440000,0.000,273.472,20.461977,828,3.225429,1.536816
veh_001912,completed,11442.078802,6.548804,11443.000000,0.921198,7.000000,12266.000,823.000,16093.440000,0.000,268.611,22.509553,823,2.542894,1.698812
veh_001913,completed,11449.985742,7.906940,11450.000000,0.014258,7.000000,12312.000,862.000,16093.440000,0.000,307.880,19.056968,862,3.305013,2.623541
veh_001914,completed,11457.493600,7.507858,11458.000000,0.506400,8.000000,12314.000,856.000,16093.440000,0.000,301.957,19.550318,856,2.317917,1.719804
veh_001915,completed,11464.463078,6.969477,11465.000000,0.536922,7.000000,12316.000,851.000,16093.440000,0.000,297.095,19.150414,851,1.723518,2.117853
veh_001916,completed,11471.057411,6.594334,11472.000000,0.942589,7.000000,12319.000,847.000,16093.440000,0.000,292.760,20.248959,847,2.411034,2.162725
veh_001917,completed,11475.519489,4.462078,11476.000000,0.480511,4.000000,12321.000,845.000,16093.440000,0.000,290.590,24.069702,845,3.886378,1.686465
veh_001918,completed,11479.868050,4.348560,11480.000000,0.131950,4.000000,12322.000,842.000,16093.440000,0.000,288.124,21.152634,842,3.053472,1.532064
veh_001919,completed,11485.730268,5.862218,11486.000000,0.269732,6.000000,12324.000,838.000,16093.440000,0.000,284.031,25.012526,838,2.692719,1.640780
veh_001920,completed,11493.292643,7.562375,11494.000000,0.707357,8.000000,12327.000,833.000,16093.440000,0.000,278.598,21.977793,833,3.578854,2.096571
veh_001921,completed,11499.885673,6.593030,11500.000000,0.114327,6.000000,12372.000,872.000,16093.440000,0.000,317.805,19.025429,872,2.366543,2.052165
veh_001922,completed,11506.727317,6.841644,11507.000000,0.272683,7.000000,12374.000,867.000,16093.440000,0.000,313.045,22.582776,867,2.296259,2.034484
veh_001923,completed,11510.474983,3.747666,11511.000000,0.525017,4.000000,12376.000,865.000,16093.440000,0.000,310.715,20.251229,865,1.125986,1.350123
veh_001924,completed,11514.282502,3.807519,11515.000000,0.717498,4.000000,12378.000,863.000,16093.440000,0.000,308.543,22.862672,863,1.272086,1.449824
veh_001925,completed,11521.962328,7.679826,11522.000000,0.037672,7.000000,12380.000,858.000,16093.440000,0.000,303.681,21.621193,858,2.545173,1.760384
veh_001926,completed,11527.910370,5.948042,11528.000000,0.089630,6.000000,12382.000,854.000,16093.440000,0.000,299.520,20.568134,854,3.092351,1.590929
veh_001927,completed,11531.939839,4.029468,11532.000000,0.060161,4.000000,12383.000,851.000,16093.440000,0.000,296.859,21.524613,851,1.283101,1.147624
veh_001928,completed,11539.263090,7.323251,11540.000000,0.736910,8.000000,12385.000,845.000,16093.440000,0.000,290.851,20.353957,845,2.525809,1.536723
veh_001929,completed,11545.650144,6.387054,11546.000000,0.349856,6.000000,12387.000,841.000,16093.440000,0.000,286.808,22.963878,841,2.860916,1.654034
veh_001930,completed,11556.077340,10.427196,11557.000000,0.922660,11.000000,12389.000,832.000,16093.440000,0.000,277.880,20.273380,832,2.753143,1.730199
veh_001931,completed,11563.952341,7.875001,11564.000000,0.047659,7.000000,12393.000,829.000,16093.440000,0.000,274.868,19.515485,829,3.177242,1.717782
veh_001932,completed,11570.472387,6.520046,11571.000000,0.527613,7.000000,12395.000,824.000,16093.440000,0.000,269.689,25.755798,824,4.086338,1.569254
veh_001933,completed,11576.245723,5.773336,11577.000000,0.754277,6.000000,12397.000,820.000,16093.440000,0.000,265.790,23.506972,820,3.380444,1.851718
veh_001934,completed,11582.594166,6.348443,11583.000000,0.405834,6.000000,12469.000,886.000,16093.440000,0.000,331.795,17.984116,886,2.455932,2.277771
veh_001935,completed,11588.440188,5.846022,11589.000000,0.559812,6.000000,12473.000,884.000,16093.440000,0.000,329.623,20.434337,884,1.983348,1.656092
veh_001936,completed,11592.281993,3.841805,11593.000000,0.718007,4.000000,12475.000,882.000,16093.440000,0.000,327.614,22.746924,882,2.147510,1.943746
veh_001937,completed,11599.673276,7.391283,11600.000000,0.326724,7.000000,12476.000,876.000,16093.440000,0.000,322.112,22.618453,876,2.026501,1.547373
veh_001938,completed,11606.085562,6.412286,11607.000000,0.914438,7.000000,12481.000,874.000,16093.440000,0.000,319.937,20.546963,874,2.657190,1.967204
veh_001939,completed,11611.132277,5.046715,11612.000000,0.867723,5.000000,12484.000,872.000,16093.440000,0.000,317.726,21.312883,872,3.632379,2.036860
veh_001940,completed,11615.889164,4.756887,11616.000000,0.110836,4.000000,12487.000,871.000,16093.440000,0.000,316.817,19.653943,871,3.770624,2.255760
veh_001941,completed,11623.360500,7.471335,11624.000000,0.639500,8.000000,12490.000,866.000,16093.440000,0.000,311.557,20.550742,866,3.700857,2.231975
veh_001942,completed,11629.294417,5.933917,11630.000000,0.705583,6.000000,12492.000,862.000,16093.440000,0.000,307.773,23.831014,862,3.017882,1.651628
veh_001943,completed,11637.525527,8.231110,11638.000000,0.474473,8.000000,12517.000,879.000,16093.440000,0.000,325.146,18.174721,879,2.829163,1.711889
veh_001944,completed,11641.138248,3.612721,11642.000000,0.861752,4.000000,12520.000,878.000,16093.440000,0.000,323.536,20.368646,878,2.771138,2.064577
veh_001945,completed,11645.524569,4.386321,11646.000000,0.475431,4.000000,12522.000,876.000,16093.440000,0.000,321.559,23.337911,876,1.782004,1.864554
veh_001946,completed,11653.125210,7.600642,11654.000000,0.874790,8.000000,12524.000,870.000,16093.440000,0.000,315.476,23.607461,870,3.612705,1.610133
veh_001947,completed,11658.142378,5.017168,11659.000000,0.857622,5.000000,12526.000,867.000,16093.440000,0.000,312.988,20.692084,867,2.113720,2.176204
veh_001948,completed,11662.554430,4.412051,11663.000000,0.445570,4.000000,12528.000,865.000,16093.440000,0.000,311.150,20.084425,865,3.995762,1.519427
veh_001949,completed,11667.764423,5.209993,11668.000000,0.235577,5.000000,12533.000,865.000,16093.440000,0.000,311.120,20.303802,865,2.294097,1.508836
veh_001950,completed,11672.624686,4.860264,11673.000000,0.375314,5.000000,12535.000,862.000,16093.440000,0.000,307.712,24.065040,862,3.180633,1.307544
veh_001951,completed,11679.433678,6.808992,11680.000000,0.566322,7.000000,12539.000,859.000,16093.440000,0.000,304.519,22.075658,859,3.777600,1.875383
veh_001952,completed,11687.110929,7.677251,11688.000000,0.889071,8.000000,12541.000,853.000,16093.440000,0.000,298.979,22.549364,853,3.687854,2.013171
veh_001953,completed,11690.730551,3.619621,11691.000000,0.269449,3.000000,12547.000,856.000,16093.440000,0.000,302.012,19.449629,856,3.900190,1.557019
veh_001954,completed,11696.294386,5.563835,11697.000000,0.705614,6.000000,12550.000,853.000,16093.440000,0.000,298.900,21.051159,853,3.279816,1.647983
veh_001955,completed,11702.315752,6.021366,11703.000000,0.684248,6.000000,12552.000,849.000,16093.440000,0.000,294.996,25.008379,849,2.443355,1.869046
veh_001956,completed,11708.439042,6.123290,11709.000000,0.560958,6.000000,12555.000,846.000,16093.440000,0.000,291.497,23.350371,846,2.949002,2.045947
veh_001957,completed,11715.688926,7.249883,11716.000000,0.311074,7.000000,12557.000,841.000,16093.440000,0.000,286.869,22.291694,841,2.573723,1.993741
veh_001958,completed,11721.868696,6.179771,11722.000000,0.131304,6.000000,12559.000,837.000,16093.440000,0.000,282.505,23.362301,837,1.947921,1.207814
veh_001959,completed,11726.998991,5.130295,11727.000000,0.001009,5.000000,12561.000,834.000,16093.440000,0.000,279.956,21.316723,834,1.618765,2.198999
veh_001960,completed,11731.331151,4.332160,11732.000000,0.668849,5.000000,12564.000,832.000,16093.440000,0.000,277.442,25.489313,832,3.002242,1.921850
veh_001961,completed,11734.594087,3.262936,11735.000000,0.405913,3.000000,12567.000,832.000,16093.440000,0.000,277.486,20.320132,832,2.577829,1.909819
veh_001962,completed,11740.037419,5.443332,11741.000000,0.962581,6.000000,12569.000,828.000,16093.440000,0.000,273.881,23.746158,828,4.222381,2.097838
veh_001963,completed,11746.059034,6.021615,11747.000000,0.940966,6.000000,12571.000,824.000,16093.440000,0.000,269.753,22.850211,824,3.185260,1.743813
veh_001964,completed,11753.441621,7.382587,11754.000000,0.558379,7.000000,12573.000,819.000,16093.440000,0.000,265.066,24.071213,819,3.116757,1.882106
veh_001965,completed,11758.874968,5.433346,11759.000000,0.125032,5.000000,12576.000,817.000,16093.440000,0.000,262.650,23.218699,817,3.404741,1.996589
veh_001966,completed,11768.360524,9.485556,11769.000000,0.639476,10.000000,12578.000,809.000,16093.440000,0.000,254.739,24.282446,809,3.213750,1.856033
veh_001967,completed,11774.245805,5.885281,11775.000000,0.754195,6.000000,12580.000,805.000,16093.440000,0.000,250.918,20.735154,805,3.178705,1.677508
veh_001968,completed,11779.520789,5.274984,11780.000000,0.479211,5.000000,12583.000,803.000,16093.440000,0.000,248.713,23.112505,803,3.417175,2.291537
veh_001969,completed,11786.091682,6.570893,11787.000000,0.908318,7.000000,12592.000,805.000,16093.440000,0.000,251.017,19.351186,805,2.640492,1.678958
veh_001970,completed,11790.635843,4.544162,11791.000000,0.364157,4.000000,12605.000,814.000,16093.440000,0.000,259.736,20.774961,814,3.660186,1.998066
veh_001971,completed,11796.949205,6.313362,11797.000000,0.050795,6.000000,12665.000,868.000,16093.440000,0.000,313.942,18.382605,868,2.943019,1.660048
veh_001972,completed,11799.853060,2.903855,11800.000000,0.146940,3.000000,12667.000,867.000,16093.440000,0.000,313.006,20.156115,867,3.051724,1.914486
veh_001973,completed,11806.867201,7.014141,11807.000000,0.132799,7.000000,12669.000,862.000,16093.440000,0.000,308.145,23.684468,862,2.765098,1.911313
veh_001974,completed,11812.967219,6.100018,11813.000000,0.032781,6.000000,12671.000,858.000,16093.440000,0.000,304.143,20.998947,858,2.307962,1.861531
veh_001975,completed,11819.283075,6.315856,11820.000000,0.716925,7.000000,12673.000,853.000,16093.440000,0.000,299.144,24.002732,853,4.294951,1.599344
veh_001976,completed,11825.515289,6.232213,11826.000000,0.484711,6.000000,12676.000,850.000,16093.440000,0.000,295.507,23.138683,850,2.994119,1.724331
veh_001977,completed,11829.604654,4.089366,11830.000000,0.395346,4.000000,12678.000,848.000,16093.440000,0.000,293.615,23.473017,848,1.556345,1.778899
veh_001978,completed,11834.256722,4.652068,11835.000000,0.743278,5.000000,12680.000,845.000,16093.440000,0.000,290.912,19.915946,845,3.166083,1.935628
veh_001979,completed,11842.606360,8.349637,11843.000000,0.393640,8.000000,12682.000,839.000,16093.440000,0.000,285.001,21.646874,839,3.039047,1.544626
veh_001980,completed,11849.348256,6.741896,11850.000000,0.651744,7.000000,12684.000,834.000,16093.440000,0.000,280.109,25.710428,834,3.600693,2.072739
veh_001981,completed,11854.452361,5.104105,11855.000000,0.547639,5.000000,12687.000,832.000,16093.440000,0.000,278.003,21.175205,832,4.022578,1.599150
veh_001982,completed,11861.083982,6.631621,11862.000000,0.916018,7.000000,12690.000,828.000,16093.440000,0.000,273.476,24.590984,828,3.239072,1.868547
veh_001983,completed,11867.695548,6.611566,11868.000000,0.304452,6.000000,12691.000,823.000,16093.440000,0.000,268.848,22.615840,823,1.453135,1.365929
veh_001984,completed,11876.627275,8.931727,11877.000000,0.372725,9.000000,12694.000,817.000,16093.440000,0.000,262.561,21.156209,817,2.914167,1.682242
veh_001985,completed,11884.292801,7.665526,11885.000000,0.707199,8.000000,12716.000,831.000,16093.440000,0.000,277.123,20.738186,831,2.725709,2.033008
veh_001986,completed,11890.909554,6.616753,11891.000000,0.090446,6.000000,12718.000,827.000,16093.440000,0.000,272.890,23.988034,827,3.550268,1.645404
veh_001987,completed,11896.235777,5.326222,11897.000000,0.764223,6.000000,12721.000,824.000,16093.440000,0.000,269.575,21.929238,824,2.270049,2.190672
veh_001988,completed,11904.911311,8.675535,11905.000000,0.088689,8.000000,12723.000,818.000,16093.440000,0.000,263.852,24.595570,818,4.587132,2.142526
veh_001989,completed,11910.758988,5.847677,11911.000000,0.241012,6.000000,12726.000,815.000,16093.440000,0.000,260.389,25.633683,815,1.361206,2.532140
veh_001990,completed,11915.453221,4.694232,11916.000000,0.546779,5.000000,12728.000,812.000,16093.440000,0.000,257.425,23.571799,812,2.992838,1.282511
veh_001991,completed,11919.622851,4.169630,11920.000000,0.377149,4.000000,12742.000,822.000,16093.440000,0.000,267.785,19.861670,822,1.241572,1.658483
veh_001992,completed,11924.329256,4.706405,11925.000000,0.670744,5.000000,12744.000,819.000,16093.440000,0.000,265.058,22.816925,819,2.513341,2.158226
veh_001993,completed,11929.783128,5.453872,11930.000000,0.216872,5.000000,12747.000,817.000,16093.440000,0.000,262.427,24.883245,817,2.260384,1.849835
veh_001994,completed,11936.931230,7.148102,11937.000000,0.068770,7.000000,12749.000,812.000,16093.440000,0.000,257.403,25.012383,812,3.522863,1.876390
veh_001995,completed,11944.301009,7.369778,11945.000000,0.698991,8.000000,12751.000,806.000,16093.440000,0.000,251.419,25.657131,806,3.652184,1.587678
veh_001996,completed,11952.027613,7.726605,11953.000000,0.972387,8.000000,12752.000,799.000,16093.440000,0.000,244.962,21.076244,799,2.799630,1.511797
veh_001997,completed,11958.257078,6.229465,11959.000000,0.742922,6.000000,12755.000,796.000,16093.440000,0.000,241.586,24.330904,796,3.955416,2.127912
veh_001998,completed,11965.504317,7.247239,11966.000000,0.495683,7.000000,12757.000,791.000,16093.440000,0.000,236.653,23.638107,791,2.397354,1.401882
veh_001999,completed,11974.893290,9.388973,11975.000000,0.106710,9.000000,12759.000,784.000,16093.440000,0.000,230.150,22.223957,784,3.724068,1.738078
veh_002000,completed,11982.258725,7.365434,11983.000000,0.741275,8.000000,12761.000,778.000,16093.440000,0.000,224.046,26.018162,778,3.162593,1.435147
veh_002001,completed,11990.663048,8.404324,11991.000000,0.336952,8.000000,12763.000,772.000,16093.440000,0.000,218.032,23.372584,772,2.703540,1.586008
veh_002002,completed,11994.397091,3.734042,11995.000000,0.602909,4.000000,12765.000,770.000,16093.440000,0.000,215.786,23.926073,770,3.817952,1.440166
veh_002003,completed,11999.284392,4.887302,12000.000000,0.715608,5.000000,12768.000,768.000,16093.440000,0.000,213.470,22.184865,768,2.604598,2.134769
veh_002004,completed,12004.157720,4.873328,12005.000000,0.842280,5.000000,12815.000,810.000,16093.440000,0.000,255.882,20.056317,810,3.418903,2.067474
veh_002005,completed,12010.268237,6.110517,12011.000000,0.731763,6.000000,12818.000,807.000,16093.440000,0.000,252.854,21.538523,807,3.019903,1.426898
veh_002006,completed,12018.356911,8.088673,12019.000000,0.643089,8.000000,12820.000,801.000,16093.440000,0.000,246.591,24.311095,801,4.576800,1.422686
veh_002007,completed,12023.553935,5.197025,12024.000000,0.446065,5.000000,12822.000,798.000,16093.440000,0.000,244.027,23.551660,798,3.690457,2.229506
veh_002008,completed,12029.847099,6.293163,12030.000000,0.152901,6.000000,12835.000,805.000,16093.440000,0.000,250.615,20.145069,805,2.520848,1.080625
veh_002009,completed,12034.566017,4.718919,12035.000000,0.433983,5.000000,12836.000,801.000,16093.440000,0.000,246.946,25.917688,801,2.312379,1.328640
veh_002010,completed,12039.828426,5.262409,12040.000000,0.171574,5.000000,12839.000,799.000,16093.440000,0.000,244.654,24.031718,799,3.504823,1.783155
veh_002011,completed,12046.256391,6.427965,12047.000000,0.743609,7.000000,12841.000,794.000,16093.440000,0.000,239.672,24.541550,794,2.996694,1.626840
veh_002012,completed,12050.462727,4.206336,12051.000000,0.537273,4.000000,12843.000,792.000,16093.440000,0.000,237.801,24.211066,792,3.534424,1.865921
veh_002013,completed,12058.223777,7.761050,12059.000000,0.776223,8.000000,12846.000,787.000,16093.440000,0.000,232.739,22.926283,787,4.533220,1.978009
veh_002014,completed,12061.345638,3.121861,12062.000000,0.654362,3.000000,12848.000,786.000,16093.440000,0.000,231.795,22.966491,786,2.847820,1.903471
veh_002015,completed,12067.828989,6.483351,12068.000000,0.171011,6.000000,12853.000,785.000,16093.440000,0.000,230.740,21.303319,785,2.910831,1.920266
veh_002016,completed,12073.091766,5.262777,12074.000000,0.908234,6.000000,12855.000,781.000,16093.440000,0.000,226.756,24.814790,781,2.374808,1.946511
veh_002017,completed,12081.325483,8.233717,12082.000000,0.674517,8.000000,12857.000,775.000,16093.440000,0.000,220.803,25.593343,775,3.253372,1.565140
veh_002018,completed,12088.468251,7.142768,12089.000000,0.531749,7.000000,12859.000,770.000,16093.440000,0.000,215.532,23.413669,770,1.533394,1.595321
veh_002019,completed,12091.342012,2.873761,12092.000000,0.657988,3.000000,12861.000,769.000,16093.440000,0.000,214.629,21.983945,769,2.693878,1.895043
veh_002020,completed,12093.708417,2.366405,12094.000000,0.291583,2.000000,12963.000,869.000,16093.440000,0.000,315.142,18.762778,869,3.688080,1.347647
veh_002021,completed,12098.206383,4.497965,12099.000000,0.793617,5.000000,12966.000,867.000,16093.440000,0.000,312.960,20.871558,867,3.376721,2.333932
veh_002022,completed,12103.453043,5.246660,12104.000000,0.546957,5.000000,12968.000,864.000,16093.440000,0.000,309.650,24.192578,864,1.989977,1.549812
veh_002023,completed,12109.169533,5.716490,12110.000000,0.830467,6.000000,13005.000,895.000,16093.440000,0.000,340.869,18.078273,895,1.603148,2.329840
veh_002024,completed,12115.214901,6.045368,12116.000000,0.785099,6.000000,13007.000,891.000,16093.440000,0.000,336.661,26.338261,891,3.320191,1.420826
veh_002025,completed,12122.225295,7.010394,12123.000000,0.774705,7.000000,13009.000,886.000,16093.440000,0.000,332.065,25.145928,886,3.364467,2.136121
veh_002026,completed,12126.176309,3.951014,12127.000000,0.823691,4.000000,13012.000,885.000,16093.440000,0.000,330.476,22.796360,885,4.162202,1.449036
veh_002027,completed,12129.475489,3.299180,12130.000000,0.524511,3.000000,13013.000,883.000,16093.440000,0.000,329.098,22.952643,883,3.087825,1.299573
veh_002028,completed,12135.854181,6.378692,12136.000000,0.145819,6.000000,13016.000,880.000,16093.440000,0.000,325.546,21.885838,880,1.944496,2.066219
veh_002029,completed,12141.312710,5.458528,12142.000000,0.687290,6.000000,13018.000,876.000,16093.440000,0.000,321.630,19.563257,876,3.642582,1.936539
veh_002030,completed,12147.157650,5.844940,12148.000000,0.842350,6.000000,13020.000,872.000,16093.440000,0.000,317.490,25.283325,872,3.074546,1.659274
veh_002031,completed,12152.194905,5.037255,12153.000000,0.805095,5.000000,13021.000,868.000,16093.440000,0.000,314.152,23.520833,868,2.078685,1.881003
veh_002032,completed,12157.935092,5.740187,12158.000000,0.064908,5.000000,13023.000,865.000,16093.440000,0.000,311.138,24.362945,865,3.342242,1.872050
veh_002033,completed,12166.164852,8.229760,12167.000000,0.835148,9.000000,13026.000,859.000,16093.440000,0.000,304.484,22.346064,859,4.091739,2.123468
veh_002034,completed,12169.729947,3.565095,12170.000000,0.270053,3.000000,13028.000,858.000,16093.440000,0.000,303.496,22.331343,858,4.095129,1.792838
veh_002035,completed,12173.891651,4.161704,12174.000000,0.108349,4.000000,13029.000,855.000,16093.440000,0.000,301.091,23.955954,855,3.038429,1.467478
veh_002036,completed,12180.854053,6.962402,12181.000000,0.145947,7.000000,13031.000,850.000,16093.440000,0.000,296.034,26.340204,850,4.501062,1.639950
veh_002037,completed,12189.205165,8.351112,12190.000000,0.794835,9.000000,13037.000,847.000,16093.440000,0.000,292.585,19.847801,847,2.070534,2.059831
veh_002038,completed,12194.896692,5.691527,12195.000000,0.103308,5.000000,13039.000,844.000,16093.440000,0.000,289.523,22.497936,844,2.179769,1.612375
veh_002039,completed,12199.002618,4.105926,12200.000000,0.997382,5.000000,13041.000,841.000,16093.440000,0.000,286.638,22.957088,841,2.739011,1.550207
veh_002040,completed,12202.000938,2.998320,12203.000000,0.999062,3.000000,13043.000,840.000,16093.440000,0.000,285.641,24.598494,840,2.709810,2.106136
veh_002041,completed,12208.391752,6.390814,12209.000000,0.608248,6.000000,13045.000,836.000,16093.440000,0.000,282.014,19.733480,836,3.300886,1.851794
veh_002042,completed,12212.517720,4.125969,12213.000000,0.482280,4.000000,13047.000,834.000,16093.440000,0.000,280.139,20.667964,834,2.755365,1.456861
veh_002043,completed,12221.781089,9.263368,12222.000000,0.218911,9.000000,13050.000,828.000,16093.440000,0.000,273.673,25.522364,828,3.343126,2.277613
veh_002044,completed,12231.293494,9.512405,12232.000000,0.706506,10.000000,13052.000,820.000,16093.440000,0.000,265.719,24.979415,820,3.857891,1.737340
veh_002045,completed,12237.632946,6.339452,12238.000000,0.367054,6.000000,13054.000,816.000,16093.440000,0.000,262.024,22.330061,816,4.133038,1.793163
veh_002046,completed,12244.361138,6.728193,12245.000000,0.638862,7.000000,13056.000,811.000,16093.440000,0.000,257.106,23.829882,811,4.572189,1.623422
veh_002047,completed,12250.184269,5.823131,12251.000000,0.815731,6.000000,13059.000,808.000,16093.440000,0.000,253.798,22.046280,808,3.738326,1.875150
veh_002048,completed,12257.896963,7.712693,12258.000000,0.103037,7.000000,13079.000,821.000,16093.440000,0.000,266.613,19.360854,821,4.288434,1.755623
veh_002049,completed,12263.892357,5.995394,12264.000000,0.107643,6.000000,13090.000,826.000,16093.440000,0.000,271.970,19.727051,826,2.369993,2.190862
veh_002050,completed,12269.987392,6.095035,12270.000000,0.012608,6.000000,13093.000,823.000,16093.440000,0.000,268.489,20.772389,823,2.325308,1.912533
veh_002051,completed,12278.027997,8.040605,12279.000000,0.972003,9.000000,13147.000,868.000,16093.440000,0.000,313.984,17.960122,868,2.375221,1.419422
veh_002052,completed,12284.967271,6.939274,12285.000000,0.032729,6.000000,13149.000,864.000,16093.440000,0.000,310.091,19.614865,864,3.553710,1.651003
veh_002053,completed,12294.163743,9.196472,12295.000000,0.836257,10.000000,13152.000,857.000,16093.440000,0.000,302.702,21.346435,857,2.944368,2.325590
veh_002054,completed,12297.708498,3.544756,12298.000000,0.291502,3.000000,13154.000,856.000,16093.440000,0.000,301.834,23.446200,856,3.878291,1.796013
veh_002055,completed,12302.875125,5.166626,12303.000000,0.124875,5.000000,13156.000,853.000,16093.440000,0.000,298.722,24.071584,853,2.807718,1.576821
veh_002056,completed,12307.519266,4.644141,12308.000000,0.480734,5.000000,13158.000,850.000,16093.440000,0.000,295.764,23.028878,850,3.631632,1.657100
veh_002057,completed,12314.781935,7.262669,12315.000000,0.218065,7.000000,13160.000,845.000,16093.440000,0.000,290.910,21.519333,845,4.534483,1.841802
veh_002058,completed,12320.041549,5.259614,12321.000000,0.958451,6.000000,13162.000,841.000,16093.440000,0.000,286.453,24.207788,841,1.986123,1.298458
veh_002059,completed,12326.945047,6.903498,12327.000000,0.054953,6.000000,13164.000,837.000,16093.440000,0.000,282.433,23.671183,837,2.448119,1.444940
veh_002060,completed,12331.191565,4.246518,12332.000000,0.808435,5.000000,13165.000,833.000,16093.440000,0.000,278.827,26.240969,833,2.926952,1.264584
veh_002061,completed,12337.050053,5.858488,12338.000000,0.949947,6.000000,13173.000,835.000,16093.440000,0.000,280.888,21.351310,835,3.697996,1.763885
veh_002062,completed,12346.495547,9.445493,12347.000000,0.504453,9.000000,13181.000,834.000,16093.440000,0.000,279.907,19.118097,834,2.886246,1.798092
veh_002063,completed,12354.953099,8.457552,12355.000000,0.046901,8.000000,13239.000,884.000,16093.440000,0.000,329.733,18.347429,884,3.001603,1.909949
veh_002064,completed,12358.135301,3.182202,12359.000000,0.864699,4.000000,13241.000,882.000,16093.440000,0.000,327.973,25.359731,882,3.008775,1.861811
veh_002065,completed,12364.682181,6.546880,12365.000000,0.317819,6.000000,13243.000,878.000,16093.440000,0.000,323.594,24.132107,878,3.535976,1.060506
veh_002066,completed,12371.921710,7.239529,12372.000000,0.078290,7.000000,13245.000,873.000,16093.440000,0.000,318.335,23.497226,873,3.877060,1.436137
veh_002067,completed,12377.181599,5.259889,12378.000000,0.818401,6.000000,13247.000,869.000,16093.440000,0.000,315.141,20.819565,869,2.012812,2.197820
veh_002068,completed,12381.528029,4.346430,12382.000000,0.471971,4.000000,13249.000,867.000,16093.440000,0.000,312.906,22.727095,867,2.194615,1.617638
veh_002069,completed,12388.521010,6.992982,12389.000000,0.478990,7.000000,13252.000,863.000,16093.440000,0.000,308.766,22.505924,863,2.367870,1.874093
veh_002070,completed,12394.672248,6.151238,12395.000000,0.327752,6.000000,13255.000,860.000,16093.440000,0.000,305.419,21.754762,860,3.057775,2.212346
veh_002071,completed,12401.501060,6.828811,12402.000000,0.498940,7.000000,13257.000,855.000,16093.440000,0.000,300.393,25.336033,855,2.280495,1.883460
veh_002072,completed,12407.263983,5.762923,12408.000000,0.736017,6.000000,13259.000,851.000,16093.440000,0.000,296.590,21.608389,851,3.994947,1.380560
veh_002073,completed,12416.760730,9.496748,12417.000000,0.239270,9.000000,13261.000,844.000,16093.440000,0.000,289.668,21.369991,844,3.707170,1.777548
veh_002074,completed,12421.389969,4.629238,12422.000000,0.610031,5.000000,13263.000,841.000,16093.440000,0.000,286.764,23.033252,841,2.797874,1.774758
veh_002075,completed,12426.645971,5.256002,12427.000000,0.354029,5.000000,13267.000,840.000,16093.440000,0.000,285.819,22.084091,840,2.003028,1.973267
veh_002076,completed,12433.418299,6.772328,12434.000000,0.581701,7.000000,13269.000,835.000,16093.440000,0.000,280.536,22.989670,835,1.902639,1.815980
veh_002077,completed,12440.515911,7.097613,12441.000000,0.484089,7.000000,13271.000,830.000,16093.440000,0.000,275.848,21.204315,830,2.194752,2.164278
veh_002078,completed,12444.447841,3.931930,12445.000000,0.552159,4.000000,13281.000,836.000,16093.440000,0.000,281.687,20.768899,836,3.754803,1.780108
veh_002079,completed,12452.393810,7.945969,12453.000000,0.606190,8.000000,13283.000,830.000,16093.440000,0.000,275.792,22.040215,830,2.312833,1.778314
veh_002080,completed,12456.206632,3.812822,12457.000000,0.793368,4.000000,13326.000,869.000,16093.440000,0.000,314.668,18.558878,869,3.841646,1.817856
veh_002081,completed,12462.216232,6.009599,12463.000000,0.783768,6.000000,13328.000,865.000,16093.440000,0.000,310.582,22.064596,865,2.175596,1.528603
veh_002082,completed,12467.755692,5.539460,12468.000000,0.244308,5.000000,13330.000,862.000,16093.440000,0.000,308.139,24.909906,862,3.451524,2.283368
veh_002083,completed,12472.694255,4.938563,12473.000000,0.305745,5.000000,13333.000,860.000,16093.440000,0.000,305.573,20.352985,860,3.313735,1.823222
veh_002084,completed,12480.394130,7.699876,12481.000000,0.605870,8.000000,13335.000,854.000,16093.440000,0.000,299.445,22.057867,854,1.922844,1.888384
veh_002085,completed,12482.873551,2.479421,12483.000000,0.126449,2.000000,13337.000,854.000,16093.440000,0.000,299.514,25.233679,854,2.931882,1.639757
veh_002086,completed,12487.777377,4.903826,12488.000000,0.222623,5.000000,13342.000,854.000,16093.440000,0.000,299.900,20.345100,854,3.484701,2.059006
veh_002087,completed,12492.423231,4.645854,12493.000000,0.576769,5.000000,13344.000,851.000,16093.440000,0.000,297.045,22.062843,851,2.765425,2.213001
veh_002088,completed,12499.735577,7.312346,12500.000000,0.264423,7.000000,13347.000,847.000,16093.440000,0.000,292.585,20.937852,847,4.067414,2.213475
veh_002089,completed,12508.061209,8.325632,12509.000000,0.938791,9.000000,13349.000,840.000,16093.440000,0.000,285.875,23.851727,840,2.422106,1.303978
veh_002090,completed,12515.224412,7.163203,12516.000000,0.775588,7.000000,13351.000,835.000,16093.440000,0.000,281.064,22.740152,835,2.679739,1.722200
veh_002091,completed,12523.317340,8.092928,12524.000000,0.682660,8.000000,13354.000,830.000,16093.440000,0.000,276.019,22.536640,830,2.413706,2.248403
veh_002092,completed,12525.980509,2.663169,12526.000000,0.019491,2.000000,13356.000,830.000,16093.440000,0.000,276.027,23.485013,830,1.491761,1.324341
veh_002093,completed,12532.225909,6.245400,12533.000000,0.774091,7.000000,13358.000,825.000,16093.440000,0.000,270.992,23.026283,825,2.630519,1.739429
veh_002094,completed,12536.151359,3.925450,12537.000000,0.848641,4.000000,13361.000,824.000,16093.440000,0.000,270.062,20.225313,824,2.236535,1.248569
veh_002095,completed,12541.588911,5.437552,12542.000000,0.411089,5.000000,13364.000,822.000,16093.440000,0.000,267.543,23.720719,822,2.220077,2.021946
veh_002096,completed,12547.955918,6.367007,12548.000000,0.044082,6.000000,13366.000,818.000,16093.440000,0.000,263.588,24.535430,818,2.498657,1.904947
veh_002097,completed,12554.097855,6.141937,12555.000000,0.902145,7.000000,13368.000,813.000,16093.440000,0.000,258.664,23.415584,813,3.248439,1.932269
veh_002098,completed,12562.161486,8.063631,12563.000000,0.838514,8.000000,13370.000,807.000,16093.440000,0.000,252.673,23.476322,807,2.790591,1.630662
veh_002099,completed,12565.193533,3.032047,12566.000000,0.806467,3.000000,13372.000,806.000,16093.440000,0.000,251.906,23.010215,806,2.922591,2.005699
veh_002100,completed,12569.939928,4.746395,12570.000000,0.060072,4.000000,13375.000,805.000,16093.440000,0.000,250.554,23.200949,805,2.479828,2.209706
veh_002101,completed,12573.718983,3.779055,12574.000000,0.281017,4.000000,13378.000,804.000,16093.440000,0.000,249.780,22.064978,804,3.410687,2.233800
veh_002102,completed,12577.260797,3.541814,12578.000000,0.739203,4.000000,13380.000,802.000,16093.440000,0.000,247.717,25.333448,802,2.814952,2.013397
veh_002103,completed,12584.769466,7.508669,12585.000000,0.230534,7.000000,13382.000,797.000,16093.440000,0.000,242.719,23.248988,797,3.059319,1.475025
veh_002104,completed,12591.043094,6.273628,12592.000000,0.956906,7.000000,13385.000,793.000,16093.440000,0.000,238.760,20.895090,793,3.578930,2.475723
veh_002105,completed,12599.378015,8.334921,12600.000000,0.621985,8.000000,13387.000,787.000,16093.440000,0.000,232.731,23.891342,787,2.995239,1.583505
veh_002106,completed,12607.155824,7.777810,12608.000000,0.844176,8.000000,13391.000,783.000,16093.440000,0.000,228.598,21.946691,783,2.851233,1.806957
veh_002107,completed,12613.258050,6.102225,12614.000000,0.741950,6.000000,13393.000,779.000,16093.440000,0.000,224.807,22.404328,779,3.496952,2.106044
veh_002108,completed,12617.803625,4.545575,12618.000000,0.196375,4.000000,13395.000,777.000,16093.440000,0.000,223.013,22.191396,777,2.475191,2.139270
veh_002109,completed,12625.291313,7.487688,12626.000000,0.708687,8.000000,13397.000,771.000,16093.440000,0.000,217.039,21.508896,771,2.513611,1.991446
veh_002110,completed,12630.253908,4.962595,12631.000000,0.746092,5.000000,13399.000,768.000,16093.440000,0.000,214.005,24.030703,768,2.378346,2.076275
veh_002111,completed,12634.454772,4.200864,12635.000000,0.545228,4.000000,13402.000,767.000,16093.440000,0.000,212.370,25.703629,767,2.797690,2.100223
veh_002112,completed,12638.729157,4.274385,12639.000000,0.270843,4.000000,13432.000,793.000,16093.440000,0.000,238.433,19.897446,793,4.016961,2.054720
veh_002113,completed,12644.911943,6.182786,12645.000000,0.088057,6.000000,13434.000,789.000,16093.440000,0.000,235.133,21.541393,789,2.646909,1.583405
veh_002114,completed,12652.810238,7.898295,12653.000000,0.189762,8.000000,13437.000,784.000,16093.440000,0.000,229.790,23.594393,784,2.169975,2.483594
veh_002115,completed,12658.889151,6.078913,12659.000000,0.110849,6.000000,13439.000,780.000,16093.440000,0.000,226.057,23.181874,780,2.321157,2.091048
veh_002116,completed,12666.725794,7.836643,12667.000000,0.274206,8.000000,13469.000,802.000,16093.440000,0.000,247.589,20.265674,802,3.892674,1.694827
veh_002117,completed,12672.862807,6.137013,12673.000000,0.137193,6.000000,13473.000,800.000,16093.440000,0.000,245.608,21.338906,800,3.311441,1.523870
veh_002118,completed,12678.223134,5.360327,12679.000000,0.776866,6.000000,13476.000,797.000,16093.440000,0.000,242.702,21.995770,797,3.317417,1.578373
veh_002119,completed,12688.304894,10.081761,12689.000000,0.695106,10.000000,13478.000,789.000,16093.440000,0.000,234.513,21.245770,789,3.069767,1.631068
veh_002120,completed,12697.036461,8.731567,12698.000000,0.963539,9.000000,13480.000,782.000,16093.440000,0.000,227.460,23.674408,782,2.598443,1.721488
veh_002121,completed,12703.331822,6.295360,12704.000000,0.668178,6.000000,13482.000,778.000,16093.440000,0.000,223.519,23.852052,778,2.951295,1.942254
veh_002122,completed,12708.083530,4.751708,12709.000000,0.916470,5.000000,13485.000,776.000,16093.440000,0.000,221.674,22.627140,776,4.551434,1.927150
veh_002123,completed,12711.669985,3.586456,12712.000000,0.330015,3.000000,13487.000,775.000,16093.440000,0.000,220.893,23.672124,775,3.555196,2.023107
veh_002124,completed,12718.272022,6.602036,12719.000000,0.727978,7.000000,13490.000,771.000,16093.440000,0.000,216.374,25.123287,771,4.144152,1.782529
veh_002125,completed,12723.888754,5.616732,12724.000000,0.111246,5.000000,13500.000,776.000,16093.440000,0.000,222.047,21.753156,776,3.458724,1.855479
veh_002126,completed,12730.589255,6.700501,12731.000000,0.410745,7.000000,13502.000,771.000,16093.440000,0.000,216.799,22.694071,771,2.110504,1.614065
veh_002127,completed,12737.073817,6.484562,12738.000000,0.926183,7.000000,13504.000,766.000,16093.440000,0.000,211.699,25.408578,766,2.362455,1.749488
veh_002128,completed,12743.728232,6.654414,12744.000000,0.271768,6.000000,13539.000,795.000,16093.440000,0.000,241.097,19.710357,795,3.439420,1.275335
veh_002129,completed,12751.441573,7.713341,12752.000000,0.558427,8.000000,13568.000,816.000,16093.440000,0.000,261.634,19.523421,816,1.608023,1.653177
veh_002130,completed,12757.912903,6.471330,12758.000000,0.087097,6.000000,13570.000,812.000,16093.440000,0.000,257.823,20.703385,812,3.374740,1.691044
veh_002131,completed,12762.827737,4.914834,12763.000000,0.172263,5.000000,13638.000,875.000,16093.440000,0.000,321.137,18.487299,875,2.158853,2.084848
veh_002132,completed,12767.671914,4.844177,12768.000000,0.328086,5.000000,13640.000,872.000,16093.440000,0.000,317.970,22.742476,872,3.857664,1.350480
veh_002133,completed,12774.546604,6.874690,12775.000000,0.453396,7.000000,13642.000,867.000,16093.440000,0.000,312.933,24.209610,867,3.720041,1.657722
veh_002134,completed,12778.938864,4.392260,12779.000000,0.061136,4.000000,13644.000,865.000,16093.440000,0.000,310.966,24.650774,865,2.044121,1.946520
veh_002135,completed,12786.016377,7.077513,12787.000000,0.983623,8.000000,13646.000,859.000,16093.440000,0.000,304.806,21.135398,859,2.946954,1.279054
veh_002136,completed,12793.087667,7.071290,12794.000000,0.912333,7.000000,13648.000,854.000,16093.440000,0.000,300.007,19.605801,854,1.363428,1.899410
veh_002137,completed,12799.021842,5.934175,12800.000000,0.978158,6.000000,13650.000,850.000,16093.440000,0.000,295.861,24.624347,850,2.091567,1.659752
veh_002138,completed,12803.849707,4.827865,12804.000000,0.150293,4.000000,13652.000,848.000,16093.440000,0.000,293.962,21.394908,848,3.787081,1.695780
veh_002139,completed,12807.185199,3.335492,12808.000000,0.814801,4.000000,13654.000,846.000,16093.440000,0.000,291.872,21.844094,846,2.690421,1.515806
veh_002140,completed,12811.499251,4.314053,12812.000000,0.500749,4.000000,13656.000,844.000,16093.440000,0.000,289.829,20.697296,844,2.402142,1.461127
veh_002141,completed,12815.060356,3.561105,12816.000000,0.939644,4.000000,13658.000,842.000,16093.440000,0.000,287.985,22.626839,842,2.090191,1.908086
veh_002142,completed,12821.100363,6.040007,12822.000000,0.899637,6.000000,13661.000,839.000,16093.440000,0.000,284.595,19.331760,839,2.006525,2.176594
veh_002143,completed,12826.436932,5.336569,12827.000000,0.563068,5.000000,13663.000,836.000,16093.440000,0.000,281.959,24.774671,836,4.619074,2.214693
veh_002144,completed,12831.055939,4.619008,12832.000000,0.944061,5.000000,13665.000,833.000,16093.440000,0.000,279.023,21.500305,833,3.946979,1.494328
veh_002145,completed,12838.364848,7.308908,12839.000000,0.635152,7.000000,13668.000,829.000,16093.440000,0.000,274.591,22.610211,829,2.248750,2.078553
veh_002146,completed,12844.558840,6.193992,12845.000000,0.441160,6.000000,13670.000,825.000,16093.440000,0.000,270.494,23.604806,825,3.271146,2.092000
veh_002147,completed,12850.630220,6.071380,12851.000000,0.369780,6.000000,13672.000,821.000,16093.440000,0.000,266.621,21.961243,821,2.273975,2.057866
veh_002148,completed,12857.467395,6.837175,12858.000000,0.532605,7.000000,13674.000,816.000,16093.440000,0.000,261.520,26.406904,816,3.503571,1.909694
veh_002149,completed,12865.022074,7.554679,12866.000000,0.977926,8.000000,13676.000,810.000,16093.440000,0.000,255.691,22.691078,810,2.421253,1.851606
veh_002150,completed,12868.617838,3.595764,12869.000000,0.382162,3.000000,13747.000,878.000,16093.440000,0.000,323.960,17.946955,878,2.408304,1.754851
veh_002151,completed,12875.677858,7.060020,12876.000000,0.322142,7.000000,13749.000,873.000,16093.440000,0.000,318.844,24.921854,873,2.960249,1.545136
veh_002152,completed,12878.964452,3.286595,12879.000000,0.035548,3.000000,13755.000,876.000,16093.440000,0.000,322.089,22.457890,876,3.590591,1.881956
veh_002153,completed,12883.772877,4.808425,12884.000000,0.227123,5.000000,13757.000,873.000,16093.440000,0.000,318.915,21.507399,873,2.184673,1.431831
veh_002154,completed,12891.291095,7.518218,12892.000000,0.708905,8.000000,13759.000,867.000,16093.440000,0.000,312.847,23.279659,867,2.786294,1.729879
veh_002155,completed,12898.327929,7.036834,12899.000000,0.672071,7.000000,13761.000,862.000,16093.440000,0.000,308.136,21.202261,862,3.496019,2.089951
veh_002156,completed,12905.325041,6.997111,12906.000000,0.674959,7.000000,13763.000,857.000,16093.440000,0.000,302.986,22.653494,857,2.740588,1.787467
veh_002157,completed,12911.598168,6.273127,12912.000000,0.401832,6.000000,13765.000,853.000,16093.440000,0.000,299.020,21.875637,853,4.058354,1.582111
veh_002158,completed,12919.717633,8.119465,12920.000000,0.282367,8.000000,13768.000,848.000,16093.440000,0.000,293.472,21.665195,848,3.401146,1.886002
veh_002159,completed,12923.406432,3.688799,12924.000000,0.593568,4.000000,13770.000,846.000,16093.440000,0.000,291.627,21.250821,846,1.739052,2.037286
veh_002160,completed,12928.948699,5.542267,12929.000000,0.051301,5.000000,13772.000,843.000,16093.440000,0.000,288.815,24.424122,843,2.129759,1.839781
veh_002161,completed,12935.019722,6.071024,12936.000000,0.980278,7.000000,13774.000,838.000,16093.440000,0.000,283.704,24.623882,838,2.367667,1.827065
veh_002162,completed,12944.072650,9.052928,12945.000000,0.927350,9.000000,13776.000,831.000,16093.440000,0.000,276.954,20.862090,831,2.344730,1.633263
veh_002163,completed,12951.612475,7.539825,12952.000000,0.387525,7.000000,13779.000,827.000,16093.440000,0.000,272.315,26.621461,827,4.021523,1.828907
veh_002164,completed,12959.170116,7.557641,12960.000000,0.829884,8.000000,13788.000,828.000,16093.440000,0.000,274.083,19.984739,828,2.657356,1.851525
veh_002165,completed,12964.028098,4.857982,12965.000000,0.971902,5.000000,13790.000,825.000,16093.440000,0.000,271.102,24.125832,825,3.357419,1.647197
veh_002166,completed,12973.402590,9.374492,12974.000000,0.597410,9.000000,13793.000,819.000,16093.440000,0.000,264.437,23.169260,819,2.744533,1.758491
veh_002167,completed,12980.110303,6.707713,12981.000000,0.889697,7.000000,13795.000,814.000,16093.440000,0.000,259.739,21.027077,814,1.610828,1.503000
veh_002168,completed,12984.601416,4.491113,12985.000000,0.398584,4.000000,13819.000,834.000,16093.440000,0.000,279.691,19.095316,834,2.030171,2.161706
veh_002169,completed,12994.119455,9.518039,12995.000000,0.880545,10.000000,13829.000,834.000,16093.440000,0.000,279.976,20.340510,834,2.981220,1.801150
veh_002170,completed,12997.979093,3.859638,12998.000000,0.020907,3.000000,13832.000,834.000,16093.440000,0.000,279.317,25.010699,834,2.081027,1.872643
veh_002171,completed,13002.676043,4.696950,13003.000000,0.323957,5.000000,13834.000,831.000,16093.440000,0.000,276.913,23.586971,831,2.451960,1.917498
veh_002172,completed,13008.325042,5.648998,13009.000000,0.674958,6.000000,13836.000,827.000,16093.440000,0.000,272.646,22.725869,827,2.911152,1.625391
veh_002173,completed,13012.854412,4.529370,13013.000000,0.145588,4.000000,13838.000,825.000,16093.440000,0.000,270.479,23.645362,825,4.113264,1.334132
veh_002174,completed,13019.645229,6.790817,13020.000000,0.354771,7.000000,13840.000,820.000,16093.440000,0.000,265.430,24.910327,820,2.553591,1.695332
veh_002175,completed,13026.060373,6.415144,13027.000000,0.939627,7.000000,13842.000,815.000,16093.440000,0.000,260.786,23.759416,815,2.660770,1.811325
veh_002176,completed,13032.230635,6.170262,13033.000000,0.769365,6.000000,13844.000,811.000,16093.440000,0.000,257.020,25.389625,811,2.880595,2.147715
veh_002177,completed,13041.071345,8.840710,13042.000000,0.928655,9.000000,13847.000,805.000,16093.440000,0.000,250.585,23.520513,805,3.532662,2.091607
veh_002178,completed,13044.620392,3.549046,13045.000000,0.379608,3.000000,13886.000,841.000,16093.440000,0.000,287.121,19.455611,841,3.310677,1.809715
veh_002179,completed,13052.669970,8.049579,13053.000000,0.330030,8.000000,13888.000,835.000,16093.440000,0.000,281.095,22.516570,835,4.465638,1.387100
veh_002180,completed,13057.432993,4.763022,13058.000000,0.567007,5.000000,13891.000,833.000,16093.440000,0.000,278.762,24.306451,833,3.835676,2.393020
veh_002181,completed,13065.626239,8.193246,13066.000000,0.373761,8.000000,13893.000,827.000,16093.440000,0.000,272.571,20.155679,827,2.105221,1.157621
veh_002182,completed,13074.484060,8.857821,13075.000000,0.515940,9.000000,13895.000,820.000,16093.440000,0.000,265.663,22.826878,820,1.676482,1.762590
veh_002183,completed,13083.936389,9.452330,13084.000000,0.063611,9.000000,13950.000,866.000,16093.440000,0.000,312.012,19.160560,866,2.236356,1.995291
veh_002184,completed,13089.650618,5.714229,13090.000000,0.349382,6.000000,13952.000,862.000,16093.440000,0.000,307.989,25.437018,862,1.693291,1.483831
veh_002185,completed,13093.905728,4.255111,13094.000000,0.094272,4.000000,13955.000,861.000,16093.440000,0.000,306.635,21.572729,861,4.409622,1.622578
veh_002186,completed,13100.397618,6.491889,13101.000000,0.602382,7.000000,13957.000,856.000,16093.440000,0.000,301.608,25.173142,856,3.581534,1.991693
veh_002187,completed,13106.317565,5.919947,13107.000000,0.682435,6.000000,13959.000,852.000,16093.440000,0.000,297.980,20.551600,852,1.882166,1.517302
veh_002188,completed,13109.673291,3.355726,13110.000000,0.326709,3.000000,13961.000,851.000,16093.440000,0.000,297.020,23.214798,851,1.945251,1.821734
veh_002189,completed,13116.776608,7.103317,13117.000000,0.223392,7.000000,13964.000,847.000,16093.440000,0.000,292.429,23.490265,847,2.595206,2.027428
veh_002190,completed,13121.392591,4.615983,13122.000000,0.607409,5.000000,13968.000,846.000,16093.440000,0.000,291.954,20.085000,846,2.959258,1.987386
veh_002191,completed,13129.555604,8.163013,13130.000000,0.444396,8.000000,13971.000,841.000,16093.440000,0.000,286.605,22.446096,841,2.720701,1.929092
veh_002192,completed,13137.003350,7.447745,13138.000000,0.996650,8.000000,13973.000,835.000,16093.440000,0.000,280.859,23.373807,835,3.658287,1.610815
veh_002193,completed,13142.581344,5.577994,13143.000000,0.418656,5.000000,13975.000,832.000,16093.440000,0.000,277.963,22.704056,832,4.146563,1.985379
veh_002194,completed,13148.635590,6.054247,13149.000000,0.364410,6.000000,13977.000,828.000,16093.440000,0.000,274.018,23.393997,828,3.639396,1.832114
veh_002195,completed,13154.271739,5.636149,13155.000000,0.728261,6.000000,13982.000,827.000,16093.440000,0.000,273.008,22.168138,827,3.107875,1.926158
veh_002196,completed,13159.585649,5.313910,13160.000000,0.414351,5.000000,13984.000,824.000,16093.440000,0.000,270.084,23.598030,824,1.943412,1.795713
veh_002197,completed,13170.233115,10.647466,13171.000000,0.766885,11.000000,13987.000,816.000,16093.440000,0.000,261.486,22.968406,816,4.403760,1.747954
veh_002198,completed,13174.828820,4.595705,13175.000000,0.171180,4.000000,13989.000,814.000,16093.440000,0.000,259.766,20.565207,814,2.837938,2.070605
veh_002199,completed,13180.911826,6.083006,13181.000000,0.088174,6.000000,13997.000,816.000,16093.440000,0.000,261.652,21.442951,816,3.864037,1.829756
veh_002200,completed,13188.399034,7.487207,13189.000000,0.600966,8.000000,14007.000,818.000,16093.440000,0.000,263.740,20.328293,818,3.617938,1.802818
veh_002201,completed,13193.822525,5.423491,13194.000000,0.177475,5.000000,14009.000,815.000,16093.440000,0.000,261.032,25.528492,815,1.684828,2.101736
veh_002202,completed,13198.879711,5.057186,13199.000000,0.120289,5.000000,14011.000,812.000,16093.440000,0.000,257.618,23.470625,812,2.979834,1.440492
veh_002203,completed,13202.886060,4.006348,13203.000000,0.113940,4.000000,14015.000,812.000,16093.440000,0.000,257.723,19.955274,812,4.362323,1.781834
veh_002204,completed,13210.674113,7.788053,13211.000000,0.325887,8.000000,14017.000,806.000,16093.440000,0.000,251.968,23.317140,806,2.368203,1.852996
veh_002205,completed,13217.742117,7.068004,13218.000000,0.257883,7.000000,14026.000,808.000,16093.440000,0.000,253.728,20.811166,808,2.697372,1.840265
veh_002206,completed,13224.447017,6.704900,13225.000000,0.552983,7.000000,14038.000,813.000,16093.440000,0.000,258.525,21.013152,813,2.170262,2.147721
veh_002207,completed,13228.183824,3.736806,13229.000000,0.816176,4.000000,14039.000,810.000,16093.440000,0.000,256.000,23.982721,810,2.665087,1.810827
veh_002208,completed,13234.939198,6.755374,13235.000000,0.060802,6.000000,14041.000,806.000,16093.440000,0.000,251.842,23.569980,806,3.235360,1.755847
veh_002209,completed,13241.367154,6.427957,13242.000000,0.632846,7.000000,14044.000,802.000,16093.440000,0.000,247.353,25.332239,802,3.501064,2.361084
veh_002210,completed,13246.860059,5.492904,13247.000000,0.139941,5.000000,14072.000,825.000,16093.440000,0.000,271.116,19.472962,825,3.478984,1.202367
veh_002211,completed,13250.794948,3.934889,13251.000000,0.205052,4.000000,14075.000,824.000,16093.440000,0.000,269.678,23.498472,824,3.715017,1.760863
veh_002212,completed,13256.709924,5.914976,13257.000000,0.290076,6.000000,14077.000,820.000,16093.440000,0.000,266.004,23.047611,820,3.161804,1.374380
veh_002213,completed,13261.403661,4.693737,13262.000000,0.596339,5.000000,14079.000,817.000,16093.440000,0.000,262.956,24.433644,817,2.929486,1.593348
veh_002214,completed,13267.523713,6.120052,13268.000000,0.476287,6.000000,14082.000,814.000,16093.440000,0.000,260.139,21.846958,814,3.045492,2.330979
veh_002215,completed,13273.618723,6.095010,13274.000000,0.381277,6.000000,14084.000,810.000,16093.440000,0.000,255.835,24.520762,810,2.437638,1.490680
veh_002216,completed,13279.111485,5.492763,13280.000000,0.888515,6.000000,14109.000,829.000,16093.440000,0.000,274.915,19.653368,829,3.560858,1.601645
veh_002217,completed,13286.434521,7.323035,13287.000000,0.565479,7.000000,14112.000,825.000,16093.440000,0.000,270.452,21.833834,825,4.355403,2.069544
veh_002218,completed,13292.335445,5.900924,13293.000000,0.664555,6.000000,14113.000,820.000,16093.440000,0.000,266.123,23.128914,820,3.613472,1.659721
veh_002219,completed,13299.129075,6.793630,13300.000000,0.870925,7.000000,14117.000,817.000,16093.440000,0.000,262.713,21.361711,817,3.922465,1.685128
veh_002220,completed,13305.756679,6.627603,13306.000000,0.243321,6.000000,14120.000,814.000,16093.440000,0.000,259.523,21.325501,814,3.035981,1.716077
veh_002221,completed,13313.268938,7.512260,13314.000000,0.731062,8.000000,14122.000,808.000,16093.440000,0.000,253.848,21.880513,808,3.990555,2.022234
veh_002222,completed,13317.822849,4.553910,13318.000000,0.177151,4.000000,14124.000,806.000,16093.440000,0.000,252.115,25.313736,806,3.310158,1.951232
veh_002223,completed,13323.304892,5.482043,13324.000000,0.695108,6.000000,14149.000,825.000,16093.440000,0.000,270.503,20.597163,825,3.132161,1.668806
veh_002224,completed,13330.687883,7.382992,13331.000000,0.312117,7.000000,14151.000,820.000,16093.440000,0.000,265.348,24.904453,820,3.195781,1.604213
veh_002225,completed,13336.918183,6.230299,13337.000000,0.081817,6.000000,14152.000,815.000,16093.440000,0.000,260.771,24.399906,815,4.414866,1.413884
veh_002226,completed,13344.606891,7.688708,13345.000000,0.393109,8.000000,14155.000,810.000,16093.440000,0.000,255.383,21.185306,810,3.216838,2.233018
veh_002227,completed,13351.724755,7.117864,13352.000000,0.275245,7.000000,14182.000,830.000,16093.440000,0.000,275.552,18.705776,830,3.086972,1.639355
veh_002228,completed,13357.057735,5.332980,13358.000000,0.942265,6.000000,14184.000,826.000,16093.440000,0.000,271.571,21.906145,826,1.897353,1.942775
veh_002229,completed,13364.378501,7.320766,13365.000000,0.621499,7.000000,14186.000,821.000,16093.440000,0.000,266.559,25.553162,821,2.250140,1.405606
veh_002230,completed,13369.992272,5.613771,13370.000000,0.007728,5.000000,14189.000,819.000,16093.440000,0.000,264.444,21.613509,819,4.752483,1.938674
veh_002231,completed,13377.427179,7.434907,13378.000000,0.572821,8.000000,14204.000,826.000,16093.440000,0.000,272.080,20.482303,826,2.803947,2.136477
veh_002232,completed,13386.207826,8.780647,13387.000000,0.792174,9.000000,14207.000,820.000,16093.440000,0.000,265.519,21.735574,820,2.426188,1.830612
veh_002233,completed,13393.845218,7.637392,13394.000000,0.154782,7.000000,14209.000,815.000,16093.440000,0.000,260.512,24.073096,815,2.347239,1.650725
veh_002234,completed,13403.279469,9.434251,13404.000000,0.720531,10.000000,14210.000,806.000,16093.440000,0.000,251.837,24.454176,806,3.633763,1.451494
veh_002235,completed,13406.952096,3.672627,13407.000000,0.047904,3.000000,14212.000,805.000,16093.440000,0.000,250.850,20.702992,805,4.111342,1.874491
veh_002236,completed,13412.129534,5.177438,13413.000000,0.870466,6.000000,14216.000,803.000,16093.440000,0.000,248.701,20.600092,803,2.916988,1.401235
veh_002237,completed,13417.730017,5.600483,13418.000000,0.269983,5.000000,14250.000,832.000,16093.440000,0.000,277.525,19.723934,832,3.975823,2.029392
veh_002238,completed,13423.129581,5.399564,13424.000000,0.870419,6.000000,14252.000,828.000,16093.440000,0.000,273.628,22.472478,828,3.484268,2.121687
veh_002239,completed,13429.688253,6.558672,13430.000000,0.311747,6.000000,14254.000,824.000,16093.440000,0.000,269.775,24.711879,824,2.981519,2.033913
veh_002240,completed,13435.136090,5.447837,13436.000000,0.863910,6.000000,14295.000,859.000,16093.440000,0.000,304.827,19.175337,859,2.380719,1.485417
veh_002241,completed,13442.795251,7.659161,13443.000000,0.204749,7.000000,14299.000,856.000,16093.440000,0.000,301.936,20.403411,856,2.244383,1.702042
veh_002242,completed,13450.272392,7.477141,13451.000000,0.727608,8.000000,14303.000,852.000,16093.440000,0.000,297.800,20.940044,852,4.416270,1.432277
veh_002243,completed,13456.892602,6.620210,13457.000000,0.107398,6.000000,14305.000,848.000,16093.440000,0.000,294.023,21.514386,848,4.536797,1.870416
veh_002244,completed,13461.374282,4.481680,13462.000000,0.625718,5.000000,14308.000,846.000,16093.440000,0.000,291.580,26.553339,846,2.751197,2.217013
veh_002245,completed,13468.195343,6.821061,13469.000000,0.804657,7.000000,14310.000,841.000,16093.440000,0.000,286.392,25.737078,841,2.744500,1.730893
veh_002246,completed,13475.206778,7.011435,13476.000000,0.793222,7.000000,14312.000,836.000,16093.440000,0.000,281.609,22.128435,836,2.127381,2.035616
veh_002247,completed,13481.737606,6.530828,13482.000000,0.262394,6.000000,14314.000,832.000,16093.440000,0.000,277.810,24.236467,832,3.810150,1.797777
veh_002248,completed,13487.782617,6.045011,13488.000000,0.217383,6.000000,14316.000,828.000,16093.440000,0.000,274.120,22.216904,828,3.482928,2.130576
veh_002249,completed,13495.883119,8.100502,13496.000000,0.116881,8.000000,14322.000,826.000,16093.440000,0.000,271.538,21.964269,826,3.668350,1.423726
veh_002250,completed,13501.060548,5.177429,13502.000000,0.939452,6.000000,14324.000,822.000,16093.440000,0.000,267.427,24.504837,822,3.326067,1.501282
veh_002251,completed,13506.510502,5.449954,13507.000000,0.489498,5.000000,14326.000,819.000,16093.440000,0.000,264.528,25.685234,819,3.271202,1.851454
veh_002252,completed,13513.511086,7.000584,13514.000000,0.488914,7.000000,14366.000,852.000,16093.440000,0.000,297.793,19.042096,852,1.507119,1.921200
veh_002253,completed,13520.307273,6.796187,13521.000000,0.692727,7.000000,14368.000,847.000,16093.440000,0.000,292.616,22.992276,847,4.086512,1.337638
veh_002254,completed,13527.586169,7.278896,13528.000000,0.413831,7.000000,14370.000,842.000,16093.440000,0.000,287.667,25.699706,842,1.508635,2.016620
veh_002255,completed,13533.160153,5.573984,13534.000000,0.839847,6.000000,14372.000,838.000,16093.440000,0.000,283.519,22.341239,838,2.799694,1.503862
veh_002256,completed,13537.188094,4.027941,13538.000000,0.811906,4.000000,14374.000,836.000,16093.440000,0.000,281.881,23.359913,836,2.295788,1.653047
veh_002257,completed,13541.331720,4.143627,13542.000000,0.668280,4.000000,14376.000,834.000,16093.440000,0.000,279.934,22.683548,834,1.953002,1.786972
veh_002258,completed,13546.682711,5.350991,13547.000000,0.317289,5.000000,14378.000,831.000,16093.440000,0.000,276.875,21.511013,831,2.526748,1.516291
veh_002259,completed,13553.871349,7.188638,13554.000000,0.128651,7.000000,14380.000,826.000,16093.440000,0.000,272.016,23.210945,826,1.990586,2.068320
veh_002260,completed,13561.059745,7.188396,13562.000000,0.940255,8.000000,14383.000,821.000,16093.440000,0.000,266.487,20.601245,821,2.074460,1.584360
veh_002261,completed,13564.335878,3.276133,13565.000000,0.664122,3.000000,14385.000,820.000,16093.440000,0.000,265.690,25.004680,820,2.923180,2.072703
veh_002262,completed,13571.136722,6.800844,13572.000000,0.863278,7.000000,14387.000,815.000,16093.440000,0.000,260.775,22.893129,815,3.554722,1.701274
veh_002263,completed,13577.005882,5.869160,13578.000000,0.994118,6.000000,14389.000,811.000,16093.440000,0.000,256.632,22.961540,811,3.376831,1.487457
veh_002264,completed,13581.442723,4.436841,13582.000000,0.557277,4.000000,14392.000,810.000,16093.440000,0.000,255.873,21.079253,810,2.536574,1.397944
veh_002265,completed,13590.728886,9.286163,13591.000000,0.271114,9.000000,14408.000,817.000,16093.440000,0.000,262.568,19.002052,817,1.929988,2.139847
veh_002266,completed,13597.124823,6.395937,13598.000000,0.875177,7.000000,14409.000,811.000,16093.440000,0.000,257.136,21.990136,811,1.514602,1.483793
veh_002267,completed,13604.365946,7.241123,13605.000000,0.634054,7.000000,14411.000,806.000,16093.440000,0.000,252.109,21.736256,806,3.762257,1.647754
veh_002268,completed,13614.217234,9.851288,13615.000000,0.782766,10.000000,14443.000,828.000,16093.440000,0.000,273.931,19.112981,828,2.465917,1.994019
veh_002269,completed,13619.345555,5.128321,13620.000000,0.654445,5.000000,14446.000,826.000,16093.440000,0.000,271.450,24.168869,826,2.619178,2.070529
veh_002270,completed,13624.750369,5.404815,13625.000000,0.249631,5.000000,14448.000,823.000,16093.440000,0.000,268.539,24.978685,823,3.506182,1.529642
veh_002271,completed,13632.983893,8.233523,13633.000000,0.016107,8.000000,14449.000,816.000,16093.440000,0.000,262.076,23.513311,816,2.153184,1.593511
veh_002272,completed,13637.022386,4.038494,13638.000000,0.977614,5.000000,14452.000,814.000,16093.440000,0.000,259.600,20.937469,814,2.131053,2.068582
veh_002273,completed,13643.133335,6.110949,13644.000000,0.866665,6.000000,14455.000,811.000,16093.440000,0.000,256.699,21.068633,811,2.367071,1.161780
veh_002274,completed,13649.202658,6.069323,13650.000000,0.797342,6.000000,14457.000,807.000,16093.440000,0.000,252.408,24.310610,807,2.219830,1.399347
veh_002275,completed,13656.657929,7.455272,13657.000000,0.342071,7.000000,14458.000,801.000,16093.440000,0.000,246.811,25.259799,801,2.343187,1.410939
veh_002276,completed,13663.266016,6.608086,13664.000000,0.733984,7.000000,14464.000,800.000,16093.440000,0.000,246.145,22.862657,800,3.817211,1.480325
veh_002277,completed,13667.896246,4.630230,13668.000000,0.103754,4.000000,14475.000,807.000,16093.440000,0.000,253.016,19.724048,807,1.499340,1.062305
veh_002278,completed,13675.354615,7.458369,13676.000000,0.645385,8.000000,14478.000,802.000,16093.440000,0.000,247.562,24.053520,802,2.158642,2.055365
veh_002279,completed,13682.622339,7.267724,13683.000000,0.377661,7.000000,14534.000,851.000,16093.440000,0.000,296.661,19.297429,851,3.558945,1.814977
veh_002280,completed,13687.045833,4.423494,13688.000000,0.954167,5.000000,14536.000,848.000,16093.440000,0.000,294.136,24.598517,848,2.542895,2.480889
veh_002281,completed,13692.014128,4.968295,13693.000000,0.985872,5.000000,14539.000,846.000,16093.440000,0.000,291.369,23.447991,846,2.610854,1.968041
veh_002282,completed,13697.225417,5.211289,13698.000000,0.774583,5.000000,14542.000,844.000,16093.440000,0.000,289.737,22.571362,844,3.149141,1.816093
veh_002283,completed,13701.501407,4.275990,13702.000000,0.498593,4.000000,14560.000,858.000,16093.440000,0.000,304.072,19.672370,858,3.877091,1.782383
veh_002284,completed,13709.098407,7.597000,13710.000000,0.901593,8.000000,14563.000,853.000,16093.440000,0.000,298.696,23.208819,853,3.715377,2.347152
veh_002285,completed,13714.612643,5.514236,13715.000000,0.387357,5.000000,14568.000,853.000,16093.440000,0.000,298.550,22.030356,853,2.464938,1.984950
veh_002286,completed,13720.195898,5.583255,13721.000000,0.804102,6.000000,14571.000,850.000,16093.440000,0.000,295.575,23.281401,850,1.454254,1.781065
veh_002287,completed,13724.639264,4.443366,13725.000000,0.360736,4.000000,14573.000,848.000,16093.440000,0.000,293.755,21.540390,848,3.559142,2.117666
veh_002288,completed,13730.047456,5.408192,13731.000000,0.952544,6.000000,14600.000,869.000,16093.440000,0.000,314.921,18.884932,869,2.343731,2.372813
veh_002289,completed,13738.274883,8.227427,13739.000000,0.725117,8.000000,14602.000,863.000,16093.440000,0.000,308.568,22.955007,863,3.039143,1.330180
veh_002290,completed,13745.397316,7.122432,13746.000000,0.602684,7.000000,14603.000,857.000,16093.440000,0.000,303.011,21.056088,857,2.547258,1.310222
veh_002291,completed,13748.971220,3.573904,13749.000000,0.028780,3.000000,14605.000,856.000,16093.440000,0.000,302.041,20.196922,856,3.654577,1.580875
veh_002292,completed,13753.486659,4.515439,13754.000000,0.513341,5.000000,14607.000,853.000,16093.440000,0.000,298.926,22.559724,853,3.462315,1.706125
veh_002293,completed,13760.440060,6.953402,13761.000000,0.559940,7.000000,14609.000,848.000,16093.440000,0.000,293.909,25.114707,848,3.201840,1.798604
veh_002294,completed,13765.692877,5.252817,13766.000000,0.307123,5.000000,14611.000,845.000,16093.440000,0.000,290.585,21.468893,845,3.450196,1.328001
veh_002295,completed,13770.863018,5.170141,13771.000000,0.136982,5.000000,14613.000,842.000,16093.440000,0.000,287.951,21.923083,842,3.148733,2.117206
veh_002296,completed,13775.572280,4.709262,13776.000000,0.427720,5.000000,14615.000,839.000,16093.440000,0.000,284.744,23.815200,839,4.048818,1.445131
veh_002297,completed,13779.575676,4.003396,13780.000000,0.424324,4.000000,14617.000,837.000,16093.440000,0.000,282.468,22.216290,837,3.394191,1.466988
veh_002298,completed,13785.718610,6.142934,13786.000000,0.281390,6.000000,14619.000,833.000,16093.440000,0.000,278.670,21.191211,833,2.885749,1.853086
veh_002299,completed,13791.148202,5.429592,13792.000000,0.851798,6.000000,14627.000,835.000,16093.440000,0.000,280.668,19.483343,835,3.011778,1.935777
veh_002300,completed,13798.858769,7.710567,13799.000000,0.141231,7.000000,14631.000,832.000,16093.440000,0.000,277.547,19.882853,832,2.884997,1.406009
veh_002301,completed,13804.758707,5.899938,13805.000000,0.241293,6.000000,14633.000,828.000,16093.440000,0.000,273.542,25.420728,828,3.479784,1.921117
veh_002302,completed,13809.310950,4.552243,13810.000000,0.689050,5.000000,14649.000,839.000,16093.440000,0.000,284.552,19.557463,839,3.049184,1.854544
veh_002303,completed,13816.351659,7.040708,13817.000000,0.648341,7.000000,14653.000,836.000,16093.440000,0.000,282.027,20.704887,836,2.214863,1.864331
veh_002304,completed,13824.370880,8.019221,13825.000000,0.629120,8.000000,14655.000,830.000,16093.440000,0.000,276.097,22.185188,830,1.774590,1.867986
veh_002305,completed,13829.267274,4.896395,13830.000000,0.732726,5.000000,14658.000,828.000,16093.440000,0.000,273.517,24.082309,828,2.503632,1.751200
veh_002306,completed,13832.713410,3.446136,13833.000000,0.286590,3.000000,14659.000,826.000,16093.440000,0.000,272.126,24.637410,826,2.958153,1.314051
veh_002307,completed,13837.994961,5.281551,13838.000000,0.005039,5.000000,14662.000,824.000,16093.440000,0.000,269.865,24.186211,824,3.170797,2.098822
veh_002308,completed,13841.970097,3.975135,13842.000000,0.029903,4.000000,14664.000,822.000,16093.440000,0.000,268.014,23.036804,822,3.529323,1.964285
veh_002309,completed,13850.432523,8.462427,13851.000000,0.567477,9.000000,14667.000,816.000,16093.440000,0.000,262.124,22.148224,816,1.063799,1.908284
veh_002310,completed,13854.350906,3.918383,13855.000000,0.649094,4.000000,14669.000,814.000,16093.440000,0.000,260.035,22.223340,814,3.651076,1.589904
veh_002311,completed,13859.859364,5.508458,13860.000000,0.140636,5.000000,14672.000,812.000,16093.440000,0.000,257.476,24.603795,812,2.858779,2.071510
veh_002312,completed,13868.069647,8.210282,13869.000000,0.930353,9.000000,14716.000,847.000,16093.440000,0.000,292.871,19.134030,847,3.070267,2.150921
veh_002313,completed,13875.376465,7.306819,13876.000000,0.623535,7.000000,14719.000,843.000,16093.440000,0.000,289.020,20.604398,843,2.663644,1.509619
veh_002314,completed,13880.605973,5.229508,13881.000000,0.394027,5.000000,14721.000,840.000,16093.440000,0.000,286.009,26.183610,840,2.936485,1.812474
veh_002315,completed,13885.431377,4.825404,13886.000000,0.568623,5.000000,14803.000,917.000,16093.440000,0.000,363.078,17.949240,917,4.179832,1.847457
veh_002316,completed,13891.159133,5.727755,13892.000000,0.840867,6.000000,14805.000,913.000,16093.440000,0.000,358.999,19.604858,913,2.790000,1.407492
veh_002317,completed,13896.798900,5.639767,13897.000000,0.201100,5.000000,14807.000,910.000,16093.440000,0.000,356.085,19.823038,910,3.117349,1.612268
veh_002318,completed,13905.043498,8.244598,13906.000000,0.956502,9.000000,14810.000,904.000,16093.440000,0.000,349.617,21.342947,904,2.565206,2.146492
veh_002319,completed,13910.811500,5.768002,13911.000000,0.188500,5.000000,14812.000,901.000,16093.440000,0.000,346.779,21.957239,901,3.481975,1.642207
veh_002320,completed,13914.786545,3.975045,13915.000000,0.213455,4.000000,14815.000,900.000,16093.440000,0.000,345.355,21.658376,900,3.809587,2.169671
veh_002321,completed,13922.265204,7.478659,13923.000000,0.734796,8.000000,14817.000,894.000,16093.440000,0.000,339.559,24.498722,894,2.753866,1.905583
veh_002322,completed,13929.820004,7.554799,13930.000000,0.179996,7.000000,14819.000,889.000,16093.440000,0.000,334.819,21.482341,889,3.545453,1.740687
veh_002323,completed,13935.479810,5.659806,13936.000000,0.520190,6.000000,14823.000,887.000,16093.440000,0.000,332.622,19.754413,887,2.230468,2.321510
veh_002324,completed,13942.637997,7.158188,13943.000000,0.362003,7.000000,14826.000,883.000,16093.440000,0.000,328.626,20.213332,883,3.332233,2.164655
veh_002325,completed,13948.714867,6.076870,13949.000000,0.285133,6.000000,14828.000,879.000,16093.440000,0.000,324.776,21.258857,879,4.322280,2.092663
veh_002326,completed,13952.904669,4.189803,13953.000000,0.095331,4.000000,14829.000,876.000,16093.440000,0.000,322.145,24.816230,876,2.291764,1.534621
veh_002327,completed,13958.783058,5.878388,13959.000000,0.216942,6.000000,14832.000,873.000,16093.440000,0.000,318.920,22.163338,873,2.699724,2.212489
veh_002328,completed,13963.066041,4.282983,13964.000000,0.933959,5.000000,14834.000,870.000,16093.440000,0.000,316.038,21.555064,870,3.748974,1.864179
veh_002329,completed,13968.114808,5.048767,13969.000000,0.885192,5.000000,14836.000,867.000,16093.440000,0.000,313.035,21.985700,867,2.226154,1.624657
veh_002330,completed,13972.706461,4.591653,13973.000000,0.293539,4.000000,14838.000,865.000,16093.440000,0.000,310.731,19.646223,865,2.704875,1.274140
veh_002331,completed,13979.205729,6.499267,13980.000000,0.794271,7.000000,14840.000,860.000,16093.440000,0.000,306.094,21.902465,860,3.644349,2.354352
veh_002332,completed,13985.485454,6.279726,13986.000000,0.514546,6.000000,14843.000,857.000,16093.440000,0.000,302.452,24.848020,857,2.426575,2.262445
veh_002333,completed,13989.505935,4.020481,13990.000000,0.494065,4.000000,14844.000,854.000,16093.440000,0.000,300.069,22.973081,854,2.565278,1.740580
veh_002334,completed,13994.126153,4.620217,13995.000000,0.873847,5.000000,14847.000,852.000,16093.440000,0.000,297.452,21.886658,852,3.777802,1.524227
veh_002335,completed,14000.122115,5.995962,14001.000000,0.877885,6.000000,14849.000,848.000,16093.440000,0.000,293.581,22.937204,848,2.437936,1.874661
veh_002336,completed,14006.818666,6.696552,14007.000000,0.181334,6.000000,14850.000,843.000,16093.440000,0.000,289.130,24.472649,843,2.078133,1.362650
veh_002337,completed,14012.927028,6.108362,14013.000000,0.072972,6.000000,14853.000,840.000,16093.440000,0.000,285.714,21.111086,840,1.776401,1.824923
veh_002338,completed,14015.616836,2.689808,14016.000000,0.383164,3.000000,14902.000,886.000,16093.440000,0.000,331.990,18.451257,886,2.062620,1.893734
veh_002339,completed,14023.547194,7.930357,14024.000000,0.452806,8.000000,14905.000,881.000,16093.440000,0.000,326.607,23.305576,881,3.509986,1.950393
veh_002340,completed,14032.205661,8.658468,14033.000000,0.794339,9.000000,14910.000,877.000,16093.440000,0.000,322.920,20.505485,877,3.688780,1.510346
veh_002341,completed,14040.581350,8.375689,14041.000000,0.418650,8.000000,14913.000,872.000,16093.440000,0.000,317.386,24.636747,872,3.442360,2.080715
veh_002342,completed,14047.397506,6.816156,14048.000000,0.602494,7.000000,14914.000,866.000,16093.440000,0.000,311.962,24.483419,866,1.768738,1.746129
veh_002343,completed,14054.405485,7.007979,14055.000000,0.594515,7.000000,14916.000,861.000,16093.440000,0.000,307.095,21.718588,861,3.971281,1.896146
veh_002344,completed,14059.424197,5.018711,14060.000000,0.575803,5.000000,14919.000,859.000,16093.440000,0.000,304.463,24.294532,859,2.139430,1.967517
veh_002345,completed,14065.707065,6.282868,14066.000000,0.292935,6.000000,14921.000,855.000,16093.440000,0.000,300.375,22.737296,855,3.725300,1.653419
veh_002346,completed,14070.011121,4.304056,14071.000000,0.988879,5.000000,14922.000,851.000,16093.440000,0.000,297.042,25.309882,851,3.092928,1.590507
veh_002347,completed,14076.193762,6.182641,14077.000000,0.806238,6.000000,14924.000,847.000,16093.440000,0.000,293.071,22.257914,847,3.209918,1.936911
veh_002348,completed,14080.049222,3.855461,14081.000000,0.950778,4.000000,14929.000,848.000,16093.440000,0.000,293.547,22.083184,848,4.854416,2.052458
veh_002349,completed,14086.927025,6.877803,14087.000000,0.072975,6.000000,14938.000,851.000,16093.440000,0.000,297.129,19.313071,851,3.063245,1.419836
veh_002350,completed,14092.395191,5.468166,14093.000000,0.604809,6.000000,14941.000,848.000,16093.440000,0.000,293.703,23.095345,848,3.895830,2.451181
veh_002351,completed,14099.545794,7.150603,14100.000000,0.454206,7.000000,14943.000,843.000,16093.440000,0.000,288.971,20.511841,843,3.208597,1.974250
veh_002352,completed,14105.819655,6.273861,14106.000000,0.180345,6.000000,14946.000,840.000,16093.440000,0.000,285.560,23.073881,840,2.821361,1.826044
veh_002353,completed,14111.130316,5.310661,14112.000000,0.869684,6.000000,14947.000,835.000,16093.440000,0.000,281.110,21.019121,835,3.995848,1.561824
veh_002354,completed,14118.395305,7.264989,14119.000000,0.604695,7.000000,14950.000,831.000,16093.440000,0.000,276.603,23.500807,831,2.154181,2.213808
veh_002355,completed,14122.635198,4.239893,14123.000000,0.364802,4.000000,14953.000,830.000,16093.440000,0.000,275.496,20.812631,830,1.615049,1.884134
veh_002356,completed,14128.237919,5.602721,14129.000000,0.762081,6.000000,14954.000,825.000,16093.440000,0.000,271.153,20.816854,825,3.547092,1.477189
veh_002357,completed,14133.431603,5.193684,14134.000000,0.568397,5.000000,14957.000,823.000,16093.440000,0.000,268.480,23.459162,823,2.057728,1.955179
veh_002358,completed,14140.547561,7.115959,14141.000000,0.452439,7.000000,14959.000,818.000,16093.440000,0.000,263.392,23.933506,818,2.209711,1.907726
veh_002359,completed,14146.434288,5.886727,14147.000000,0.565712,6.000000,14960.000,813.000,16093.440000,0.000,259.071,22.424852,813,2.968738,1.465680
veh_002360,completed,14152.839317,6.405028,14153.000000,0.160683,6.000000,14971.000,818.000,16093.440000,0.000,264.145,18.850481,818,3.587343,1.484674
veh_002361,completed,14159.627523,6.788207,14160.000000,0.372477,7.000000,14973.000,813.000,16093.440000,0.000,258.973,21.883136,813,3.346885,1.338643
veh_002362,completed,14162.108350,2.480827,14163.000000,0.891650,3.000000,14975.000,812.000,16093.440000,0.000,257.814,25.466779,812,4.510776,1.588062
veh_002363,completed,14166.718873,4.610523,14167.000000,0.281127,4.000000,14977.000,810.000,16093.440000,0.000,256.126,21.551649,810,2.595299,1.568882
veh_002364,completed,14172.892768,6.173895,14173.000000,0.107232,6.000000,14979.000,806.000,16093.440000,0.000,251.804,23.099034,806,2.595520,1.701800
veh_002365,completed,14180.411481,7.518714,14181.000000,0.588519,8.000000,14982.000,801.000,16093.440000,0.000,246.669,22.645363,801,2.551161,2.184906
veh_002366,completed,14187.270363,6.858882,14188.000000,0.729637,7.000000,14984.000,796.000,16093.440000,0.000,242.016,22.187581,796,3.155733,2.014349
veh_002367,completed,14195.236512,7.966149,14196.000000,0.763488,8.000000,14987.000,791.000,16093.440000,0.000,236.454,23.538859,791,2.786564,1.938946
veh_002368,completed,14200.904077,5.667564,14201.000000,0.095923,5.000000,14989.000,788.000,16093.440000,0.000,233.826,24.048485,788,3.284089,1.910670
veh_002369,completed,14207.055097,6.151021,14208.000000,0.944903,7.000000,14991.000,783.000,16093.440000,0.000,228.673,24.391436,783,2.939559,1.587827
veh_002370,completed,14212.305399,5.250302,14213.000000,0.694601,5.000000,15002.000,789.000,16093.440000,0.000,235.096,20.283744,789,2.566581,2.010056
veh_002371,completed,14217.651890,5.346492,14218.000000,0.348110,5.000000,15012.000,794.000,16093.440000,0.000,240.057,21.674387,794,2.991651,1.748656
veh_002372,completed,14222.406235,4.754345,14223.000000,0.593765,5.000000,15023.000,800.000,16093.440000,0.000,245.663,21.575055,800,3.794124,1.838974
veh_002373,completed,14227.591314,5.185079,14228.000000,0.408686,5.000000,15025.000,797.000,16093.440000,0.000,242.838,22.999665,797,1.924251,2.085749
veh_002374,completed,14233.305612,5.714298,14234.000000,0.694388,6.000000,15027.000,793.000,16093.440000,0.000,238.954,23.041749,793,2.664452,1.860946
veh_002375,completed,14238.328281,5.022669,14239.000000,0.671719,5.000000,15029.000,790.000,16093.440000,0.000,235.988,23.003934,790,2.274241,1.969656
veh_002376,completed,14244.368143,6.039862,14245.000000,0.631857,6.000000,15032.000,787.000,16093.440000,0.000,232.744,24.127548,787,2.886845,2.242637
veh_002377,completed,14247.640192,3.272049,14248.000000,0.359808,3.000000,15034.000,786.000,16093.440000,0.000,231.751,25.254128,786,1.369187,1.524936
veh_002378,completed,14254.282093,6.641901,14255.000000,0.717907,7.000000,15036.000,781.000,16093.440000,0.000,227.008,24.137003,781,3.686710,1.662121
veh_002379,completed,14260.548278,6.266185,14261.000000,0.451722,6.000000,15039.000,778.000,16093.440000,0.000,223.487,25.132511,778,2.830772,2.115640
veh_002380,completed,14267.217621,6.669343,14268.000000,0.782379,7.000000,15061.000,793.000,16093.440000,0.000,238.582,20.856957,793,2.415779,1.756766
veh_002381,completed,14272.522376,5.304755,14273.000000,0.477624,5.000000,15063.000,790.000,16093.440000,0.000,235.827,22.134315,790,1.939398,2.061861
veh_002382,completed,14277.760046,5.237670,14278.000000,0.239954,5.000000,15065.000,787.000,16093.440000,0.000,232.818,21.957770,787,2.560719,1.795726
veh_002383,completed,14285.233587,7.473541,14286.000000,0.766413,8.000000,15067.000,781.000,16093.440000,0.000,227.155,22.693308,781,1.929060,2.009918
veh_002384,completed,14291.001832,5.768244,14292.000000,0.998168,6.000000,15124.000,832.000,16093.440000,0.000,278.042,19.628878,832,4.453449,1.728228
veh_002385,completed,14299.981656,8.979824,14300.000000,0.018344,8.000000,15127.000,827.000,16093.440000,0.000,272.615,20.615288,827,3.424057,2.066653
veh_002386,completed,14303.872479,3.890823,14304.000000,0.127521,4.000000,15129.000,825.000,16093.440000,0.000,270.944,22.314039,825,2.712236,2.009742
veh_002387,completed,14309.501432,5.628953,14310.000000,0.498568,6.000000,15157.000,847.000,16093.440000,0.000,292.537,18.826970,847,2.742216,2.050181
veh_002388,completed,14313.810372,4.308940,14314.000000,0.189628,4.000000,15158.000,844.000,16093.440000,0.000,290.061,22.625361,844,3.812134,1.364861
veh_002389,completed,14318.630255,4.819883,14319.000000,0.369745,5.000000,15161.000,842.000,16093.440000,0.000,287.494,22.131316,842,3.033356,1.858271
veh_002390,completed,14323.445268,4.815013,14324.000000,0.554732,5.000000,15163.000,839.000,16093.440000,0.000,284.536,24.231968,839,2.987530,1.860586
veh_002391,completed,14328.724169,5.278902,14329.000000,0.275831,5.000000,15164.000,835.000,16093.440000,0.000,280.931,25.421140,835,2.001142,1.689112
veh_002392,completed,14335.898432,7.174263,14336.000000,0.101568,7.000000,15166.000,830.000,16093.440000,0.000,275.767,22.822815,830,2.193229,1.282494
veh_002393,completed,14340.182591,4.284159,14341.000000,0.817409,5.000000,15169.000,828.000,16093.440000,0.000,273.573,23.899484,828,3.533059,2.516012
veh_002394,completed,14347.097609,6.915018,14348.000000,0.902391,7.000000,15171.000,823.000,16093.440000,0.000,268.569,21.057737,823,2.972110,1.572788
veh_002395,completed,14350.936277,3.838668,14351.000000,0.063723,3.000000,15174.000,823.000,16093.440000,0.000,268.561,22.821474,823,3.333589,2.162074
veh_002396,completed,14356.327989,5.391711,14357.000000,0.672011,6.000000,15196.000,839.000,16093.440000,0.000,285.133,19.569003,839,2.688862,2.337137
veh_002397,completed,14364.307703,7.979714,14365.000000,0.692297,8.000000,15198.000,833.000,16093.440000,0.000,279.081,25.714422,833,2.893219,1.742896
veh_002398,completed,14371.000767,6.693064,14372.000000,0.999233,7.000000,15200.000,828.000,16093.440000,0.000,274.072,26.335558,828,2.808970,1.939872
veh_002399,completed,14377.409187,6.408421,14378.000000,0.590813,6.000000,15203.000,825.000,16093.440000,0.000,270.903,21.877899,825,1.279736,1.399985
veh_002400,completed,14384.354346,6.945159,14385.000000,0.645654,7.000000,15205.000,820.000,16093.440000,0.000,265.889,20.439566,820,2.691169,1.581302
veh_002401,completed,14391.218309,6.863963,14392.000000,0.781691,7.000000,15207.000,815.000,16093.440000,0.000,260.690,22.592453,815,3.685575,1.878917
veh_002402,completed,14398.160317,6.942008,14399.000000,0.839683,7.000000,15209.000,810.000,16093.440000,0.000,255.477,21.318322,810,2.363367,1.603144
veh_002403,completed,14406.265812,8.105495,14407.000000,0.734188,8.000000,15212.000,805.000,16093.440000,0.000,251.016,20.256921,805,3.866445,2.290149
veh_002404,completed,14410.708130,4.442318,14411.000000,0.291870,4.000000,15218.000,807.000,16093.440000,0.000,252.851,21.542300,807,2.866079,1.841520
veh_002405,completed,14416.602021,5.893891,14417.000000,0.397979,6.000000,15283.000,866.000,16093.440000,0.000,311.730,18.128418,866,3.122204,1.279332
veh_002406,completed,14423.557925,6.955903,14424.000000,0.442075,7.000000,15285.000,861.000,16093.440000,0.000,306.948,23.363759,861,2.456370,1.903253
veh_002407,completed,14430.682388,7.124463,14431.000000,0.317612,7.000000,15287.000,856.000,16093.440000,0.000,301.576,24.763379,856,2.341837,1.490702
veh_002408,completed,14437.519475,6.837087,14438.000000,0.480525,7.000000,15289.000,851.000,16093.440000,0.000,296.810,19.776818,851,2.770979,2.052227
veh_002409,completed,14445.479280,7.959805,14446.000000,0.520720,8.000000,15292.000,846.000,16093.440000,0.000,291.753,20.175524,846,3.441467,1.742835
veh_002410,completed,14450.727787,5.248507,14451.000000,0.272213,5.000000,15294.000,843.000,16093.440000,0.000,288.481,25.260932,843,3.646772,1.549396
veh_002411,completed,14454.703207,3.975420,14455.000000,0.296793,4.000000,15295.000,840.000,16093.440000,0.000,286.155,24.250874,840,3.512646,1.892364
veh_002412,completed,14462.611787,7.908580,14463.000000,0.388213,8.000000,15298.000,835.000,16093.440000,0.000,280.559,23.216181,835,2.393319,1.865011
veh_002413,completed,14468.610583,5.998795,14469.000000,0.389417,6.000000,15300.000,831.000,16093.440000,0.000,276.791,23.218684,831,2.679159,2.337248
veh_002414,completed,14473.787553,5.176970,14474.000000,0.212447,5.000000,15311.000,837.000,16093.440000,0.000,282.582,20.381056,837,3.330386,1.809248
veh_002415,completed,14479.841192,6.053639,14480.000000,0.158808,6.000000,15313.000,833.000,16093.440000,0.000,278.578,21.227184,833,3.224243,1.702791
veh_002416,completed,14485.192778,5.351586,14486.000000,0.807222,6.000000,15314.000,828.000,16093.440000,0.000,274.116,20.540835,828,2.342401,1.295297
veh_002417,completed,14492.702090,7.509312,14493.000000,0.297910,7.000000,15317.000,824.000,16093.440000,0.000,269.589,20.906248,824,2.176659,1.890711
veh_002418,completed,14500.037340,7.335250,14501.000000,0.962660,8.000000,15318.000,817.000,16093.440000,0.000,263.009,24.359690,817,3.691837,1.297950
veh_002419,completed,14506.504939,6.467599,14507.000000,0.495061,6.000000,15321.000,814.000,16093.440000,0.000,259.646,25.486726,814,1.754421,2.198273
veh_002420,completed,14513.316244,6.811304,14514.000000,0.683756,7.000000,15322.000,808.000,16093.440000,0.000,254.106,24.221743,808,2.868306,1.646637
veh_002421,completed,14519.365155,6.048911,14520.000000,0.634845,6.000000,15325.000,805.000,16093.440000,0.000,250.643,22.522097,805,4.488687,1.608612
veh_002422,completed,14526.904918,7.539763,14527.000000,0.095082,7.000000,15327.000,800.000,16093.440000,0.000,245.749,24.956118,800,3.703802,1.737443
veh_002423,completed,14529.359939,2.455021,14530.000000,0.640061,3.000000,15329.000,799.000,16093.440000,0.000,244.513,20.615747,799,2.522551,1.283118
veh_002424,completed,14533.607646,4.247707,14534.000000,0.392354,4.000000,15331.000,797.000,16093.440000,0.000,242.687,21.331610,797,1.883346,2.092721
veh_002425,completed,14539.547751,5.940104,14540.000000,0.452249,6.000000,15334.000,794.000,16093.440000,0.000,239.594,22.999773,794,3.842780,2.214133
veh_002426,completed,14544.927534,5.379784,14545.000000,0.072466,5.000000,15339.000,794.000,16093.440000,0.000,240.117,21.105431,794,3.423861,1.863183
veh_002427,completed,14549.501761,4.574227,14550.000000,0.498239,5.000000,15354.000,804.000,16093.440000,0.000,250.053,19.776219,804,3.278147,2.099025
veh_002428,completed,14556.431714,6.929953,14557.000000,0.568286,7.000000,15356.000,799.000,16093.440000,0.000,245.091,23.237439,799,4.469879,1.757017
veh_002429,completed,14560.964138,4.532424,14561.000000,0.035862,4.000000,15358.000,797.000,16093.440000,0.000,243.027,22.562245,797,2.904011,1.628478
veh_002430,completed,14567.290180,6.326042,14568.000000,0.709820,7.000000,15361.000,793.000,16093.440000,0.000,238.433,24.592157,793,2.598627,1.691709
veh_002431,completed,14573.476615,6.186435,14574.000000,0.523385,6.000000,15363.000,789.000,16093.440000,0.000,234.889,23.182830,789,3.703606,1.933986
veh_002432,completed,14579.563160,6.086545,14580.000000,0.436840,6.000000,15366.000,786.000,16093.440000,0.000,231.683,21.473529,786,2.437240,2.376580
veh_002433,completed,14584.319383,4.756223,14585.000000,0.680617,5.000000,15443.000,858.000,16093.440000,0.000,303.698,19.559486,858,2.806720,1.775059
veh_002434,completed,14590.029635,5.710252,14591.000000,0.970365,6.000000,15446.000,855.000,16093.440000,0.000,300.419,22.770023,855,2.715294,2.621071
veh_002435,completed,14597.870040,7.840405,14598.000000,0.129960,7.000000,15448.000,850.000,16093.440000,0.000,295.877,21.553632,850,3.587277,2.197486
veh_002436,completed,14604.685325,6.815285,14605.000000,0.314675,7.000000,15451.000,846.000,16093.440000,0.000,291.543,20.725903,846,1.858682,2.092888
veh_002437,completed,14612.129583,7.444258,14613.000000,0.870417,8.000000,15453.000,840.000,16093.440000,0.000,285.388,25.801786,840,2.804487,1.698527
veh_002438,completed,14618.009460,5.879877,14619.000000,0.990540,6.000000,15454.000,835.000,16093.440000,0.000,281.060,21.703115,835,3.409215,1.676482
veh_002439,completed,14621.456036,3.446575,14622.000000,0.543964,3.000000,15464.000,842.000,16093.440000,0.000,288.083,19.361076,842,3.306229,1.734665
veh_002440,completed,14626.756333,5.300298,14627.000000,0.243667,5.000000,15466.000,839.000,16093.440000,0.000,285.048,23.848647,839,2.946977,1.556776
veh_002441,completed,14632.530317,5.773983,14633.000000,0.469683,6.000000,15468.000,835.000,16093.440000,0.000,280.968,24.914164,835,2.922826,1.366327
veh_002442,completed,14640.482579,7.952262,14641.000000,0.517421,8.000000,15470.000,829.000,16093.440000,0.000,274.713,24.070891,829,3.158743,1.608949
veh_002443,completed,14648.186510,7.703931,14649.000000,0.813490,8.000000,15472.000,823.000,16093.440000,0.000,268.625,23.921903,823,2.688105,1.617009
veh_002444,completed,14654.823777,6.637268,14655.000000,0.176223,6.000000,15483.000,828.000,16093.440000,0.000,273.481,19.726636,828,2.145339,1.917833
veh_002445,completed,14659.538986,4.715209,14660.000000,0.461014,5.000000,15485.000,825.000,16093.440000,0.000,270.529,21.701487,825,1.680942,1.923067
veh_002446,completed,14665.731657,6.192671,14666.000000,0.268343,6.000000,15488.000,822.000,16093.440000,0.000,267.863,20.422154,822,3.069431,1.885764
veh_002447,completed,14671.339059,5.607403,14672.000000,0.660941,6.000000,15496.000,824.000,16093.440000,0.000,269.891,20.492545,824,3.731170,2.039493
veh_002448,completed,14676.973797,5.634738,14677.000000,0.026203,5.000000,15498.000,821.000,16093.440000,0.000,267.084,21.593459,821,4.258281,1.677874
veh_002449,completed,14681.123514,4.149717,14682.000000,0.876486,5.000000,15500.000,818.000,16093.440000,0.000,263.939,22.595335,818,2.732311,1.780481
veh_002450,completed,14687.819371,6.695857,14688.000000,0.180629,6.000000,15503.000,815.000,16093.440000,0.000,260.780,22.503772,815,3.745836,1.686878
veh_002451,completed,14693.774607,5.955236,14694.000000,0.225393,6.000000,15505.000,811.000,16093.440000,0.000,256.656,21.317419,811,2.970543,1.477357
veh_002452,completed,14700.981179,7.206573,14701.000000,0.018821,7.000000,15507.000,806.000,16093.440000,0.000,251.567,22.966116,806,2.854387,1.824899
veh_002453,completed,14704.788740,3.807560,14705.000000,0.211260,4.000000,15509.000,804.000,16093.440000,0.000,249.456,23.973036,804,2.587090,1.729727
veh_002454,completed,14709.098267,4.309527,14710.000000,0.901733,5.000000,15510.000,800.000,16093.440000,0.000,246.154,24.189885,800,4.439714,1.787966
veh_002455,completed,14720.567676,11.469409,14721.000000,0.432324,11.000000,15565.000,844.000,16093.440000,0.000,290.079,19.367091,844,3.176995,1.563337
veh_002456,completed,14725.247601,4.679925,14726.000000,0.752399,5.000000,15571.000,845.000,16093.440000,0.000,290.874,21.760201,845,2.506536,2.472457
veh_002457,completed,14731.678975,6.431374,14732.000000,0.321025,6.000000,15573.000,841.000,16093.440000,0.000,286.961,21.390446,841,3.132693,1.905810
veh_002458,completed,14738.335607,6.656633,14739.000000,0.664393,7.000000,15575.000,836.000,16093.440000,0.000,281.843,23.185507,836,1.975826,1.565537
veh_002459,completed,14742.862329,4.526722,14743.000000,0.137671,4.000000,15577.000,834.000,16093.440000,0.000,280.039,23.992522,834,3.634347,2.037429
veh_002460,completed,14751.453740,8.591411,14752.000000,0.546260,9.000000,15579.000,827.000,16093.440000,0.000,272.970,25.676946,827,3.331613,1.874734
veh_002461,completed,14757.355310,5.901570,14758.000000,0.644690,6.000000,15581.000,823.000,16093.440000,0.000,268.719,23.488172,823,2.427106,1.493177
veh_002462,completed,14763.579530,6.224220,14764.000000,0.420470,6.000000,15583.000,819.000,16093.440000,0.000,265.015,23.714043,819,3.415098,1.897843
veh_002463,completed,14772.307109,8.727580,14773.000000,0.692891,9.000000,15587.000,814.000,16093.440000,0.000,259.522,21.710481,814,2.707763,1.728274
veh_002464,completed,14777.120578,4.813469,14778.000000,0.879422,5.000000,15671.000,893.000,16093.440000,0.000,339.098,18.939261,893,3.050467,1.515166
veh_002465,completed,14782.389116,5.268539,14783.000000,0.610884,5.000000,15673.000,890.000,16093.440000,0.000,336.003,24.635690,890,3.760907,1.731032
veh_002466,completed,14787.870847,5.481731,14788.000000,0.129153,5.000000,15675.000,887.000,16093.440000,0.000,332.773,25.132410,887,3.088110,1.313383
veh_002467,completed,14791.811878,3.941030,14792.000000,0.188122,4.000000,15677.000,885.000,16093.440000,0.000,330.776,22.874506,885,2.782518,2.012243
veh_002468,completed,14798.225637,6.413759,14799.000000,0.774363,7.000000,15679.000,880.000,16093.440000,0.000,326.112,20.597138,880,2.716825,1.789048
veh_002469,completed,14804.935218,6.709581,14805.000000,0.064782,6.000000,15682.000,877.000,16093.440000,0.000,322.430,22.455162,877,3.429011,1.845884
veh_002470,completed,14811.210198,6.274980,14812.000000,0.789802,7.000000,15684.000,872.000,16093.440000,0.000,317.864,22.692354,872,4.666056,2.083576
veh_002471,completed,14818.193943,6.983746,14819.000000,0.806057,7.000000,15687.000,868.000,16093.440000,0.000,314.027,20.864105,868,2.286369,1.676762
veh_002472,completed,14825.492424,7.298481,14826.000000,0.507576,7.000000,15689.000,863.000,16093.440000,0.000,309.101,21.555565,863,3.148643,1.988153
veh_002473,completed,14832.000478,6.508054,14832.000000,-0.000478,6.000000,15691.000,859.000,16093.440000,0.000,305.056,24.862026,859,1.057991,2.014534
veh_002474,completed,14837.638317,5.637838,14838.000000,0.361683,6.000000,15693.000,855.000,16093.440000,0.000,301.101,20.853003,855,3.035627,1.657592
veh_002475,completed,14845.468942,7.830625,14846.000000,0.531058,8.000000,15696.000,850.000,16093.440000,0.000,295.601,24.174774,850,3.551511,1.982623
veh_002476,completed,14850.423946,4.955004,14851.000000,0.576054,5.000000,15698.000,847.000,16093.440000,0.000,292.763,20.169977,847,2.231744,2.144054
veh_002477,completed,14858.518482,8.094536,14859.000000,0.481518,8.000000,15716.000,857.000,16093.440000,0.000,302.729,19.433666,857,4.118623,1.662985
veh_002478,completed,14864.229048,5.710565,14865.000000,0.770952,6.000000,15718.000,853.000,16093.440000,0.000,298.735,20.981797,853,1.656362,1.824981
veh_002479,completed,14871.376252,7.147204,14872.000000,0.623748,7.000000,15720.000,848.000,16093.440000,0.000,293.878,20.370077,848,3.602362,1.811205
veh_002480,completed,14880.116080,8.739828,14881.000000,0.883920,9.000000,15722.000,841.000,16093.440000,0.000,286.858,23.389381,841,2.115301,1.456025
veh_002481,completed,14882.718883,2.602804,14883.000000,0.281117,2.000000,15724.000,841.000,16093.440000,0.000,286.868,21.486011,841,2.477911,2.171166
veh_002482,completed,14888.430493,5.711609,14889.000000,0.569507,6.000000,15726.000,837.000,16093.440000,0.000,282.746,26.006021,837,2.567291,1.444209
veh_002483,completed,14893.824570,5.394077,14894.000000,0.175430,5.000000,15728.000,834.000,16093.440000,0.000,279.893,20.302497,834,2.347449,2.052501
veh_002484,completed,14902.385650,8.561080,14903.000000,0.614350,9.000000,15730.000,827.000,16093.440000,0.000,272.769,21.429528,827,3.033880,1.720479
veh_002485,completed,14907.775416,5.389766,14908.000000,0.224584,5.000000,15732.000,824.000,16093.440000,0.000,269.493,19.830626,824,3.329681,1.060385
veh_002486,completed,14917.868946,10.093529,14918.000000,0.131054,10.000000,15801.000,883.000,16093.440000,0.000,329.136,18.453111,883,4.395451,2.128039
veh_002487,completed,14921.577091,3.708146,14922.000000,0.422909,4.000000,15803.000,881.000,16093.440000,0.000,326.762,24.649260,881,1.738497,1.598849
veh_002488,completed,14928.101350,6.524258,14929.000000,0.898650,7.000000,15808.000,879.000,16093.440000,0.000,324.477,20.691409,879,4.050874,2.144490
veh_002489,completed,14933.521897,5.420547,14934.000000,0.478103,5.000000,15810.000,876.000,16093.440000,0.000,321.570,22.851716,876,2.478487,1.928310
veh_002490,completed,14940.279532,6.757636,14941.000000,0.720468,7.000000,15841.000,900.000,16093.440000,0.000,345.427,18.272583,900,2.256963,1.775062
veh_002491,completed,14945.431817,5.152284,14946.000000,0.568183,5.000000,15843.000,897.000,16093.440000,0.000,343.103,22.347206,897,4.117510,2.207042
veh_002492,completed,14950.755269,5.323452,14951.000000,0.244731,5.000000,15852.000,901.000,16093.440000,0.000,346.953,20.639332,901,2.992057,2.095805
veh_002493,completed,14954.021027,3.265758,14955.000000,0.978973,4.000000,15884.000,929.000,16093.440000,0.000,374.993,18.394702,929,2.809520,2.073244
veh_002494,completed,14960.183287,6.162261,14961.000000,0.816713,6.000000,15887.000,926.000,16093.440000,0.000,371.740,20.991613,926,4.215519,1.889965
veh_002495,completed,14963.936404,3.753117,14964.000000,0.063596,3.000000,15889.000,925.000,16093.440000,0.000,370.631,25.788408,925,3.431657,1.694465
veh_002496,completed,14967.971901,4.035497,14968.000000,0.028099,4.000000,15891.000,923.000,16093.440000,0.000,368.505,20.640095,923,3.041980,1.558900
veh_002497,completed,14974.102206,6.130305,14975.000000,0.897794,7.000000,15892.000,917.000,16093.440000,0.000,363.044,21.879763,917,3.316426,1.531457
veh_002498,completed,14979.920182,5.817976,14980.000000,0.079818,5.000000,15895.000,915.000,16093.440000,0.000,360.694,22.262232,915,2.946208,1.853629
veh_002499,completed,14987.460817,7.540635,14988.000000,0.539183,8.000000,15897.000,909.000,16093.440000,0.000,354.993,19.077024,909,3.537630,2.034280
veh_002500,completed,14991.431123,3.970306,14992.000000,0.568877,4.000000,15900.000,908.000,16093.440000,0.000,353.571,20.324451,908,2.640013,2.083037
veh_002501,completed,14998.062641,6.631518,14999.000000,0.937359,7.000000,15902.000,903.000,16093.440000,0.000,348.496,22.794407,903,2.459724,1.597666
veh_002502,completed,15004.546391,6.483750,15005.000000,0.453609,6.000000,15904.000,899.000,16093.440000,0.000,344.815,26.215894,899,2.856317,2.035836
veh_002503,completed,15010.092834,5.546443,15011.000000,0.907166,6.000000,15905.000,894.000,16093.440000,0.000,340.156,22.272931,894,2.465337,1.502410
veh_002504,completed,15014.887381,4.794547,15015.000000,0.112619,4.000000,15907.000,892.000,16093.440000,0.000,337.919,24.665346,892,4.253669,1.551847
veh_002505,completed,15020.768743,5.881361,15021.000000,0.231257,6.000000,15910.000,889.000,16093.440000,0.000,334.428,22.714798,889,3.034878,2.257658
veh_002506,completed,15028.094721,7.325979,15029.000000,0.905279,8.000000,15912.000,883.000,16093.440000,0.000,328.502,25.163885,883,3.677083,1.666903
veh_002507,completed,15033.534088,5.439366,15034.000000,0.465912,5.000000,15914.000,880.000,16093.440000,0.000,325.588,26.112232,880,4.606174,1.993680
veh_002508,completed,15040.805030,7.270943,15041.000000,0.194970,7.000000,15916.000,875.000,16093.440000,0.000,320.560,20.200501,875,4.092159,1.604443
veh_002509,completed,15046.394318,5.589288,15047.000000,0.605682,6.000000,15918.000,871.000,16093.440000,0.000,317.073,20.397486,871,2.055221,1.774107
veh_002510,completed,15054.981511,8.587193,15055.000000,0.018489,8.000000,15921.000,866.000,16093.440000,0.000,311.505,21.783338,866,1.643232,1.950346
veh_002511,completed,15061.021717,6.040205,15062.000000,0.978283,7.000000,15923.000,861.000,16093.440000,0.000,306.850,23.939564,861,3.183635,2.265433
veh_002512,completed,15066.758403,5.736686,15067.000000,0.241597,5.000000,15925.000,858.000,16093.440000,0.000,303.779,23.343786,858,2.243968,1.442851
veh_002513,completed,15070.342161,3.583758,15071.000000,0.657839,4.000000,15927.000,856.000,16093.440000,0.000,301.669,22.467077,856,3.446422,1.581060
veh_002514,completed,15074.201433,3.859272,15075.000000,0.798567,4.000000,15929.000,854.000,16093.440000,0.000,299.586,24.286274,854,2.247516,1.650614
veh_002515,completed,15080.773369,6.571935,15081.000000,0.226631,6.000000,15932.000,851.000,16093.440000,0.000,296.641,24.185953,851,3.462023,2.102524
veh_002516,completed,15086.432194,5.658825,15087.000000,0.567806,6.000000,15934.000,847.000,16093.440000,0.000,293.080,23.806017,847,2.789948,2.213936
veh_002517,completed,15092.854109,6.421915,15093.000000,0.145891,6.000000,15937.000,844.000,16093.440000,0.000,289.562,21.754167,844,2.974352,1.961613
veh_002518,completed,15097.827146,4.973037,15098.000000,0.172854,5.000000,15939.000,841.000,16093.440000,0.000,286.740,22.638868,841,2.382320,2.185621
veh_002519,completed,15103.601489,5.774343,15104.000000,0.398511,6.000000,15941.000,837.000,16093.440000,0.000,283.063,19.574419,837,2.558519,1.396893
veh_002520,completed,15108.665947,5.064458,15109.000000,0.334053,5.000000,15944.000,835.000,16093.440000,0.000,280.444,25.397866,835,1.820207,1.931784
veh_002521,completed,15115.108745,6.442798,15116.000000,0.891255,7.000000,15946.000,830.000,16093.440000,0.000,275.618,20.009205,830,3.455456,1.757606
veh_002522,completed,15120.781498,5.672754,15121.000000,0.218502,5.000000,15948.000,827.000,16093.440000,0.000,272.662,23.931943,827,1.296135,1.709913
veh_002523,completed,15129.578476,8.796977,15130.000000,0.421524,9.000000,15950.000,820.000,16093.440000,0.000,266.110,25.651161,820,3.162222,2.212931
veh_002524,completed,15134.546360,4.967884,15135.000000,0.453640,5.000000,15953.000,818.000,16093.440000,0.000,263.684,21.881070,818,2.952200,1.515693
veh_002525,completed,15142.224575,7.678215,15143.000000,0.775425,8.000000,15955.000,812.000,16093.440000,0.000,257.424,25.084829,812,1.647684,1.461155
veh_002526,completed,15146.642835,4.418261,15147.000000,0.357165,4.000000,15956.000,809.000,16093.440000,0.000,254.909,24.991806,809,2.827584,1.768998
veh_002527,completed,15151.944837,5.302002,15152.000000,0.055163,5.000000,15959.000,807.000,16093.440000,0.000,252.800,21.052958,807,3.959297,1.964847
veh_002528,completed,15156.682521,4.737684,15157.000000,0.317479,5.000000,15961.000,804.000,16093.440000,0.000,249.577,23.743451,804,3.546061,1.305055
veh_002529,completed,15164.571977,7.889456,15165.000000,0.428023,8.000000,15963.000,798.000,16093.440000,0.000,243.522,20.552603,798,3.691468,1.538093
veh_002530,completed,15171.227461,6.655484,15172.000000,0.772539,7.000000,15965.000,793.000,16093.440000,0.000,238.573,23.792869,793,3.763313,1.851191
veh_002531,completed,15177.433221,6.205760,15178.000000,0.566779,6.000000,15967.000,789.000,16093.440000,0.000,234.553,24.013324,789,3.303813,1.591871
veh_002532,completed,15183.784903,6.351682,15184.000000,0.215097,6.000000,15969.000,785.000,16093.440000,0.000,230.662,22.496277,785,3.259315,1.572757
veh_002533,completed,15188.158351,4.373447,15189.000000,0.841649,5.000000,15971.000,782.000,16093.440000,0.000,227.622,22.310153,782,2.814875,1.514382
veh_002534,completed,15196.262720,8.104370,15197.000000,0.737280,8.000000,15973.000,776.000,16093.440000,0.000,221.576,23.956730,776,1.515968,1.749582
veh_002535,completed,15204.347014,8.084293,15205.000000,0.652986,8.000000,15975.000,770.000,16093.440000,0.000,215.902,24.463007,770,3.720711,1.834775
veh_002536,completed,15210.295564,5.948550,15211.000000,0.704436,6.000000,16003.000,792.000,16093.440000,0.000,237.547,19.917723,792,1.517757,1.575170
veh_002537,completed,15216.315455,6.019891,15217.000000,0.684545,6.000000,16004.000,787.000,16093.440000,0.000,232.833,25.808071,787,2.343947,1.203118
veh_002538,completed,15223.289158,6.973703,15224.000000,0.710842,7.000000,16120.000,896.000,16093.440000,0.000,341.691,18.473268,896,1.984104,1.998343
veh_002539,completed,15229.026277,5.737119,15230.000000,0.973723,6.000000,16122.000,892.000,16093.440000,0.000,337.715,21.646882,892,2.899398,1.860339
veh_002540,completed,15234.726012,5.699735,15235.000000,0.273988,5.000000,16124.000,889.000,16093.440000,0.000,334.960,20.455391,889,3.129397,1.838162
veh_002541,completed,15239.986806,5.260793,15240.000000,0.013194,5.000000,16126.000,886.000,16093.440000,0.000,331.947,20.045599,886,1.781561,1.301254
veh_002542,completed,15245.467969,5.481164,15246.000000,0.532031,6.000000,16128.000,882.000,16093.440000,0.000,327.748,23.887497,882,3.678801,1.526380
veh_002543,completed,15250.753879,5.285910,15251.000000,0.246121,5.000000,16130.000,879.000,16093.440000,0.000,325.034,23.438244,879,3.199792,1.943323
veh_002544,completed,15257.848659,7.094779,15258.000000,0.151341,7.000000,16133.000,875.000,16093.440000,0.000,320.776,21.385261,875,3.267690,2.672579
veh_002545,completed,15263.356214,5.507555,15264.000000,0.643786,6.000000,16135.000,871.000,16093.440000,0.000,317.091,20.485897,871,2.460232,1.356922
veh_002546,completed,15268.713667,5.357453,15269.000000,0.286333,5.000000,16137.000,868.000,16093.440000,0.000,314.067,22.895594,868,4.381662,1.550785
veh_002547,completed,15273.773433,5.059766,15274.000000,0.226567,5.000000,16140.000,866.000,16093.440000,0.000,311.962,22.777925,866,3.481508,2.151776
veh_002548,completed,15277.524188,3.750755,15278.000000,0.475812,4.000000,16143.000,865.000,16093.440000,0.000,310.456,23.180024,865,2.397675,2.265920
veh_002549,completed,15285.864461,8.340273,15286.000000,0.135539,8.000000,16145.000,859.000,16093.440000,0.000,304.644,25.630954,859,4.734611,1.620717
veh_002550,completed,15292.627355,6.762894,15293.000000,0.372645,7.000000,16147.000,854.000,16093.440000,0.000,299.792,23.556172,854,3.728513,1.642055
veh_002551,completed,15299.927106,7.299751,15300.000000,0.072894,7.000000,16149.000,849.000,16093.440000,0.000,295.015,19.787765,849,2.564019,1.685283
veh_002552,completed,15305.132260,5.205154,15306.000000,0.867740,6.000000,16152.000,846.000,16093.440000,0.000,291.382,23.960788,846,3.543025,2.110081
veh_002553,completed,15313.318060,8.185801,15314.000000,0.681940,8.000000,16154.000,840.000,16093.440000,0.000,285.618,22.937952,840,3.490273,2.246626
veh_002554,completed,15319.535865,6.217804,15320.000000,0.464135,6.000000,16156.000,836.000,16093.440000,0.000,281.755,21.490332,836,3.194311,1.617925
veh_002555,completed,15327.714819,8.178955,15328.000000,0.285181,8.000000,16159.000,831.000,16093.440000,0.000,276.938,20.088867,831,2.783580,2.162170
veh_002556,completed,15333.694759,5.979940,15334.000000,0.305241,6.000000,16161.000,827.000,16093.440000,0.000,272.964,24.052907,827,2.682799,1.905469
veh_002557,completed,15339.627762,5.933003,15340.000000,0.372238,6.000000,16163.000,823.000,16093.440000,0.000,269.008,22.078918,823,2.626025,1.874847
veh_002558,completed,15344.835830,5.208068,15345.000000,0.164170,5.000000,16165.000,820.000,16093.440000,0.000,266.068,23.285118,820,2.995620,1.770211
veh_002559,completed,15350.952061,6.116230,15351.000000,0.047939,6.000000,16167.000,816.000,16093.440000,0.000,262.043,23.330810,816,3.009982,1.744391
veh_002560,completed,15357.289537,6.337476,15358.000000,0.710463,7.000000,16170.000,812.000,16093.440000,0.000,257.534,21.723453,812,2.835125,1.184056
veh_002561,completed,15365.528582,8.239045,15366.000000,0.471418,8.000000,16214.000,848.000,16093.440000,0.000,293.440,19.421418,848,3.050580,2.374969
veh_002562,completed,15373.838151,8.309569,15374.000000,0.161849,8.000000,16216.000,842.000,16093.440000,0.000,287.569,23.663934,842,2.617113,1.836095
veh_002563,completed,15379.973071,6.134920,15380.000000,0.026929,6.000000,16218.000,838.000,16093.440000,0.000,283.550,21.943804,838,1.941064,1.421579
veh_002564,completed,15387.801629,7.828558,15388.000000,0.198371,8.000000,16220.000,832.000,16093.440000,0.000,278.109,21.560125,832,2.971578,1.508608
veh_002565,completed,15393.096190,5.294561,15394.000000,0.903810,6.000000,16222.000,828.000,16093.440000,0.000,273.797,26.603370,828,2.252642,1.389391
veh_002566,completed,15399.470757,6.374567,15400.000000,0.529243,6.000000,16227.000,827.000,16093.440000,0.000,272.670,19.770742,827,2.821742,2.015426
veh_002567,completed,15406.801440,7.330682,15407.000000,0.198560,7.000000,16229.000,822.000,16093.440000,0.000,267.843,25.531958,822,2.583913,2.090200
veh_002568,completed,15413.436091,6.634651,15414.000000,0.563909,7.000000,16247.000,833.000,16093.440000,0.000,278.974,20.538061,833,3.577621,1.440800
veh_002569,completed,15419.352011,5.915920,15420.000000,0.647989,6.000000,16249.000,829.000,16093.440000,0.000,275.068,23.865760,829,4.201139,1.662532
veh_002570,completed,15424.659765,5.307754,15425.000000,0.340235,5.000000,16252.000,827.000,16093.440000,0.000,272.634,22.482294,827,3.155248,2.309087
veh_002571,completed,15429.460116,4.800351,15430.000000,0.539884,5.000000,16257.000,827.000,16093.440000,0.000,272.798,20.016227,827,1.516461,1.667907
veh_002572,completed,15438.313057,8.852941,15439.000000,0.686943,9.000000,16259.000,820.000,16093.440000,0.000,265.979,23.924015,820,1.883660,1.973562
veh_002573,completed,15445.996396,7.683339,15446.000000,0.003604,7.000000,16261.000,815.000,16093.440000,0.000,261.113,22.223533,815,3.642574,1.956998
veh_002574,completed,15453.958061,7.961666,15454.000000,0.041939,8.000000,16264.000,810.000,16093.440000,0.000,255.464,22.837463,810,2.919491,1.709600
veh_002575,completed,15459.973970,6.015909,15460.000000,0.026030,6.000000,16266.000,806.000,16093.440000,0.000,251.601,22.240177,806,4.424947,1.984483
veh_002576,completed,15465.172266,5.198296,15466.000000,0.827734,6.000000,16304.000,838.000,16093.440000,0.000,283.593,19.597010,838,2.843234,2.082503
veh_002577,completed,15472.004307,6.832041,15473.000000,0.995693,7.000000,16306.000,833.000,16093.440000,0.000,278.713,23.963010,833,2.414639,2.067150
veh_002578,completed,15477.967375,5.963068,15478.000000,0.032625,5.000000,16308.000,830.000,16093.440000,0.000,275.606,24.746022,830,2.655951,1.780147
veh_002579,completed,15483.775259,5.807884,15484.000000,0.224741,6.000000,16310.000,826.000,16093.440000,0.000,272.120,20.711515,826,3.109101,1.965949
veh_002580,completed,15489.737974,5.962716,15490.000000,0.262026,6.000000,16312.000,822.000,16093.440000,0.000,267.965,26.090928,822,2.746027,1.418011
veh_002581,completed,15494.788547,5.050573,15495.000000,0.211453,5.000000,16315.000,820.000,16093.440000,0.000,265.383,24.742138,820,3.469331,1.991707
veh_002582,completed,15499.481424,4.692877,15500.000000,0.518576,5.000000,16317.000,817.000,16093.440000,0.000,262.494,25.386783,817,2.892492,1.792847
veh_002583,completed,15505.117818,5.636393,15506.000000,0.882182,6.000000,16319.000,813.000,16093.440000,0.000,258.456,21.494906,813,2.291203,1.718810
veh_002584,completed,15509.039685,3.921867,15510.000000,0.960315,4.000000,16321.000,811.000,16093.440000,0.000,256.876,22.026305,811,3.003166,1.818925
veh_002585,completed,15515.937060,6.897375,15516.000000,0.062940,6.000000,16323.000,807.000,16093.440000,0.000,253.010,26.431402,807,3.749566,1.720945
veh_002586,completed,15523.194886,7.257826,15524.000000,0.805114,8.000000,16327.000,803.000,16093.440000,0.000,248.536,21.190822,803,3.280093,1.513459
veh_002587,completed,15528.040577,4.845692,15529.000000,0.959423,5.000000,16411.000,882.000,16093.440000,0.000,327.862,19.072595,882,3.199734,1.990101
veh_002588,completed,15531.299432,3.258855,15532.000000,0.700568,3.000000,16413.000,881.000,16093.440000,0.000,326.873,25.329509,881,3.417269,1.777758
veh_002589,completed,15537.889802,6.590369,15538.000000,0.110198,6.000000,16415.000,877.000,16093.440000,0.000,323.055,22.993428,877,2.853093,2.090681
veh_002590,completed,15544.247450,6.357649,15545.000000,0.752550,7.000000,16421.000,876.000,16093.440000,0.000,321.522,21.251057,876,2.265808,2.093064
veh_002591,completed,15550.278211,6.030761,15551.000000,0.721789,6.000000,16423.000,872.000,16093.440000,0.000,317.537,21.504811,872,3.382915,1.936422
veh_002592,completed,15554.276569,3.998358,15555.000000,0.723431,4.000000,16425.000,870.000,16093.440000,0.000,315.887,22.348517,870,3.555693,1.997307
veh_002593,completed,15557.399958,3.123389,15558.000000,0.600042,3.000000,16427.000,869.000,16093.440000,0.000,314.800,23.313765,869,2.964262,1.849824
veh_002594,completed,15565.967297,8.567339,15566.000000,0.032703,8.000000,16429.000,863.000,16093.440000,0.000,308.994,21.544886,863,3.649066,1.971880
veh_002595,completed,15571.642685,5.675388,15572.000000,0.357315,6.000000,16431.000,859.000,16093.440000,0.000,305.018,23.033907,859,3.867302,1.876253
veh_002596,completed,15578.399284,6.756599,15579.000000,0.600716,7.000000,16433.000,854.000,16093.440000,0.000,299.796,24.736940,854,3.030536,1.586600
veh_002597,completed,15584.293159,5.893875,15585.000000,0.706841,6.000000,16436.000,851.000,16093.440000,0.000,296.608,22.040940,851,3.253264,2.056100
veh_002598,completed,15590.913469,6.620310,15591.000000,0.086531,6.000000,16438.000,847.000,16093.440000,0.000,292.710,23.767408,847,2.577231,1.730073
veh_002599,completed,15594.996070,4.082601,15595.000000,0.003930,4.000000,16440.000,845.000,16093.440000,0.000,290.561,24.784820,845,3.540453,1.705525
veh_002600,completed,15600.327506,5.331436,15601.000000,0.672494,6.000000,16441.000,840.000,16093.440000,0.000,286.027,22.280052,840,2.500079,1.112352
veh_002601,completed,15604.294462,3.966955,15605.000000,0.705538,4.000000,16443.000,838.000,16093.440000,0.000,284.022,20.951138,838,2.729089,1.707789
veh_002602,completed,15608.663732,4.369271,15609.000000,0.336268,4.000000,16446.000,837.000,16093.440000,0.000,282.613,20.716898,837,2.883707,2.071284
veh_002603,completed,15613.600202,4.936470,15614.000000,0.399798,5.000000,16448.000,834.000,16093.440000,0.000,280.013,22.896162,834,3.651795,2.028368
veh_002604,completed,15616.890378,3.290176,15617.000000,0.109622,3.000000,16450.000,833.000,16093.440000,0.000,279.078,23.487517,833,1.947070,1.826576
veh_002605,completed,15622.198579,5.308201,15623.000000,0.801421,6.000000,16499.000,876.000,16093.440000,0.000,321.866,18.816346,876,2.972707,1.926084
veh_002606,completed,15627.132246,4.933667,15628.000000,0.867754,5.000000,16501.000,873.000,16093.440000,0.000,319.080,24.926993,873,2.125193,2.066869
veh_002607,completed,15631.352924,4.220678,15632.000000,0.647076,4.000000,16503.000,871.000,16093.440000,0.000,316.942,25.074881,871,1.289778,1.141169
veh_002608,completed,15637.153665,5.800741,15638.000000,0.846335,6.000000,16505.000,867.000,16093.440000,0.000,312.830,23.994003,867,2.894447,1.616843
veh_002609,completed,15643.136654,5.982989,15644.000000,0.863346,6.000000,16507.000,863.000,16093.440000,0.000,308.949,24.986262,863,3.596518,1.818161
veh_002610,completed,15647.881194,4.744540,15648.000000,0.118806,4.000000,16510.000,862.000,16093.440000,0.000,307.703,22.549520,862,1.929780,2.662699
veh_002611,completed,15656.899151,9.017957,15657.000000,0.100849,9.000000,16513.000,856.000,16093.440000,0.000,301.326,22.847872,856,3.387734,2.422453
veh_002612,completed,15663.976462,7.077311,15664.000000,0.023538,7.000000,16515.000,851.000,16093.440000,0.000,296.503,21.780394,851,2.988344,1.708776
veh_002613,completed,15671.658947,7.682485,15672.000000,0.341053,8.000000,16516.000,844.000,16093.440000,0.000,290.047,20.628551,844,2.655275,1.285882
veh_002614,completed,15677.166372,5.507425,15678.000000,0.833628,6.000000,16519.000,841.000,16093.440000,0.000,286.924,19.897938,841,3.402840,1.283307
veh_002615,completed,15684.506771,7.340399,15685.000000,0.493229,7.000000,16551.000,866.000,16093.440000,0.000,312.118,19.160091,866,3.162729,1.025869
veh_002616,completed,15691.655134,7.148363,15692.000000,0.344866,7.000000,16553.000,861.000,16093.440000,0.000,306.956,19.916458,861,3.585255,1.503888
veh_002617,completed,15696.127373,4.472239,15697.000000,0.872627,5.000000,16567.000,870.000,16093.440000,0.000,316.081,18.462960,870,3.110365,2.161855
veh_002618,completed,15701.104058,4.976685,15702.000000,0.895942,5.000000,16569.000,867.000,16093.440000,0.000,312.732,21.715275,867,1.692353,1.438095
veh_002619,completed,15711.476892,10.372833,15712.000000,0.523108,10.000000,16571.000,859.000,16093.440000,0.000,304.837,22.541175,859,3.721702,1.953335
veh_002620,completed,15716.860065,5.383173,15717.000000,0.139935,5.000000,16573.000,856.000,16093.440000,0.000,302.048,22.999726,856,1.989794,1.920175
veh_002621,completed,15723.590357,6.730292,15724.000000,0.409643,7.000000,16575.000,851.000,16093.440000,0.000,296.744,24.601884,851,3.350683,1.445902
veh_002622,completed,15729.268455,5.678098,15730.000000,0.731545,6.000000,16577.000,847.000,16093.440000,0.000,292.843,22.115190,847,3.900372,1.444794
veh_002623,completed,15736.515550,7.247096,15737.000000,0.484450,7.000000,16579.000,842.000,16093.440000,0.000,287.752,25.333447,842,3.447052,1.975516
veh_002624,completed,15741.023672,4.508122,15742.000000,0.976328,5.000000,16582.000,840.000,16093.440000,0.000,286.024,21.611962,840,3.443794,2.458905
veh_002625,completed,15745.515734,4.492061,15746.000000,0.484266,4.000000,16585.000,839.000,16093.440000,0.000,284.520,22.004866,839,2.825475,1.783694
veh_002626,completed,15753.217245,7.701511,15754.000000,0.782755,8.000000,16587.000,833.000,16093.440000,0.000,279.049,22.730840,833,2.152649,1.934239
veh_002627,completed,15759.515043,6.297799,15760.000000,0.484957,6.000000,16590.000,830.000,16093.440000,0.000,276.072,21.666306,830,3.292645,2.144718
veh_002628,completed,15761.798612,2.283569,15762.000000,0.201388,2.000000,16592.000,830.000,16093.440000,0.000,276.129,23.983936,830,3.265044,1.770310
veh_002629,completed,15767.833734,6.035122,15768.000000,0.166266,6.000000,16594.000,826.000,16093.440000,0.000,272.020,22.617365,826,4.484913,1.737507
veh_002630,completed,15773.560782,5.727048,15774.000000,0.439218,6.000000,16596.000,822.000,16093.440000,0.000,267.988,21.446758,822,2.721467,1.454232
veh_002631,completed,15780.626784,7.066002,15781.000000,0.373216,7.000000,16598.000,817.000,16093.440000,0.000,263.050,23.123051,817,2.638771,1.610347
veh_002632,completed,15787.108365,6.481581,15788.000000,0.891635,7.000000,16600.000,812.000,16093.440000,0.000,257.913,22.755703,812,2.521984,1.691852
veh_002633,completed,15793.621661,6.513295,15794.000000,0.378339,6.000000,16603.000,809.000,16093.440000,0.000,254.401,24.850542,809,2.877299,2.138489
veh_002634,completed,15799.752857,6.131197,15800.000000,0.247143,6.000000,16605.000,805.000,16093.440000,0.000,250.940,22.658523,805,3.368610,2.267345
veh_002635,completed,15806.188560,6.435703,15807.000000,0.811440,7.000000,16635.000,828.000,16093.440000,0.000,273.569,19.917004,828,2.825917,2.108135
veh_002636,completed,15810.459625,4.271065,15811.000000,0.540375,4.000000,16637.000,826.000,16093.440000,0.000,271.739,23.319879,826,2.942541,1.087849
veh_002637,completed,15815.237276,4.777650,15816.000000,0.762724,5.000000,16639.000,823.000,16093.440000,0.000,268.931,23.969938,823,1.851332,1.887516
veh_002638,completed,15819.958810,4.721534,15820.000000,0.041190,4.000000,16641.000,821.000,16093.440000,0.000,266.942,22.056317,821,2.120387,1.651298
veh_002639,completed,15823.947071,3.988261,15824.000000,0.052929,4.000000,16645.000,821.000,16093.440000,0.000,266.550,23.172101,821,5.009817,2.140592
veh_002640,completed,15831.129451,7.182381,15832.000000,0.870549,8.000000,16647.000,815.000,16093.440000,0.000,260.621,24.360148,815,3.831724,1.822967
veh_002641,completed,15838.745827,7.616376,15839.000000,0.254173,7.000000,16701.000,862.000,16093.440000,0.000,307.895,19.048114,862,3.300915,1.612613
veh_002642,completed,15845.666820,6.920993,15846.000000,0.333180,7.000000,16703.000,857.000,16093.440000,0.000,302.555,25.736260,857,3.101045,1.400323
veh_002643,completed,15850.764973,5.098152,15851.000000,0.235027,5.000000,16705.000,854.000,16093.440000,0.000,299.514,21.219416,854,2.438289,1.586637
veh_002644,completed,15855.959280,5.194308,15856.000000,0.040720,5.000000,16707.000,851.000,16093.440000,0.000,296.542,23.374144,851,3.477548,1.698380
veh_002645,completed,15861.299468,5.340188,15862.000000,0.700532,6.000000,16709.000,847.000,16093.440000,0.000,292.657,24.141369,847,2.424961,1.852425
veh_002646,completed,15868.968816,7.669347,15869.000000,0.031184,7.000000,16711.000,842.000,16093.440000,0.000,287.641,23.858261,842,2.581076,1.817665
veh_002647,completed,15875.758758,6.789942,15876.000000,0.241242,7.000000,16713.000,837.000,16093.440000,0.000,282.702,23.553552,837,4.766170,1.797750
veh_002648,completed,15884.367123,8.608365,15885.000000,0.632877,9.000000,16715.000,830.000,16093.440000,0.000,275.533,23.469717,830,3.059545,1.730158
veh_002649,completed,15888.912757,4.545634,15889.000000,0.087243,4.000000,16717.000,828.000,16093.440000,0.000,273.842,23.870177,828,2.669663,1.679936
veh_002650,completed,15894.574302,5.661546,15895.000000,0.425698,6.000000,16719.000,824.000,16093.440000,0.000,269.967,20.309506,824,2.968710,1.850796
veh_002651,completed,15898.683283,4.108980,15899.000000,0.316717,4.000000,16722.000,823.000,16093.440000,0.000,269.053,21.400163,823,2.249723,1.514414
veh_002652,completed,15902.557420,3.874137,15903.000000,0.442580,4.000000,16747.000,844.000,16093.440000,0.000,289.733,19.084359,844,3.724981,2.300643
veh_002653,completed,15908.324530,5.767110,15909.000000,0.675470,6.000000,16749.000,840.000,16093.440000,0.000,285.881,25.757956,840,2.638446,1.836665
veh_002654,completed,15913.820971,5.496441,15914.000000,0.179029,5.000000,16751.000,837.000,16093.440000,0.000,282.622,21.672356,837,1.962217,1.403548
veh_002655,completed,15919.051746,5.230775,15920.000000,0.948254,6.000000,16753.000,833.000,16093.440000,0.000,278.666,25.024448,833,2.935747,1.616786
veh_002656,completed,15922.749660,3.697914,15923.000000,0.250340,3.000000,16756.000,833.000,16093.440000,0.000,278.446,23.694459,833,4.009836,2.389899
veh_002657,completed,15929.044815,6.295155,15930.000000,0.955185,7.000000,16758.000,828.000,16093.440000,0.000,273.611,24.795911,828,3.847905,1.818320
veh_002658,completed,15934.619010,5.574196,15935.000000,0.380990,5.000000,16761.000,826.000,16093.440000,0.000,271.490,21.562343,826,2.721970,1.954966
veh_002659,completed,15941.991309,7.372298,15942.000000,0.008691,7.000000,16763.000,821.000,16093.440000,0.000,266.533,22.604678,821,3.621824,1.830286
veh_002660,completed,15948.817062,6.825754,15949.000000,0.182938,7.000000,16764.000,815.000,16093.440000,0.000,260.933,24.450879,815,1.913157,1.281474
veh_002661,completed,15952.849450,4.032387,15953.000000,0.150550,4.000000,16767.000,814.000,16093.440000,0.000,259.541,22.228625,814,3.680102,1.832105
veh_002662,completed,15959.442988,6.593538,15960.000000,0.557012,7.000000,16769.000,809.000,16093.440000,0.000,254.480,25.232854,809,3.641089,1.680830
veh_002663,completed,15964.544685,5.101698,15965.000000,0.455315,5.000000,16771.000,806.000,16093.440000,0.000,251.534,23.124280,806,3.683382,1.708374
veh_002664,completed,15972.843444,8.298759,15973.000000,0.156556,8.000000,16847.000,874.000,16093.440000,0.000,319.604,19.078456,874,2.677030,1.444393
veh_002665,completed,15978.799061,5.955617,15979.000000,0.200939,6.000000,16849.000,870.000,16093.440000,0.000,315.995,22.723797,870,3.714386,2.255015
veh_002666,completed,15984.043791,5.244730,15985.000000,0.956209,6.000000,16851.000,866.000,16093.440000,0.000,311.639,20.821358,866,2.189638,1.485153
veh_002667,completed,15989.433979,5.390188,15990.000000,0.566021,5.000000,16853.000,863.000,16093.440000,0.000,308.581,21.292584,863,2.501484,1.657669
veh_002668,completed,15993.182634,3.748654,15994.000000,0.817366,4.000000,16856.000,862.000,16093.440000,0.000,307.822,19.607174,862,3.746627,1.722264
veh_002669,completed,16001.094319,7.911685,16002.000000,0.905681,8.000000,16859.000,857.000,16093.440000,0.000,302.456,23.794434,857,3.792142,2.035578
veh_002670,completed,16010.273351,9.179032,16011.000000,0.726649,9.000000,16861.000,850.000,16093.440000,0.000,295.718,20.534172,850,2.652192,1.657167
veh_002671,completed,16013.678656,3.405305,16014.000000,0.321344,3.000000,16863.000,849.000,16093.440000,0.000,294.766,21.694921,849,3.934366,1.622198
veh_002672,completed,16019.300966,5.622311,16020.000000,0.699034,6.000000,16865.000,845.000,16093.440000,0.000,291.014,19.826494,845,3.238275,2.189506
veh_002673,completed,16025.135359,5.834393,16026.000000,0.864641,6.000000,16868.000,842.000,16093.440000,0.000,287.565,22.143105,842,2.537305,2.050585
veh_002674,completed,16030.243944,5.108585,16031.000000,0.756056,5.000000,16870.000,839.000,16093.440000,0.000,285.071,19.967870,839,2.635217,1.432223
veh_002675,completed,16038.070248,7.826305,16039.000000,0.929752,8.000000,16873.000,834.000,16093.440000,0.000,279.653,25.825823,834,1.863599,2.274852
veh_002676,completed,16045.941407,7.871159,16046.000000,0.058593,7.000000,16875.000,829.000,16093.440000,0.000,274.567,23.229511,829,3.146002,1.788229
veh_002677,completed,16051.573392,5.631985,16052.000000,0.426608,6.000000,16877.000,825.000,16093.440000,0.000,270.674,19.662542,825,2.774720,1.743963
veh_002678,completed,16060.680315,9.106923,16061.000000,0.319685,9.000000,16879.000,818.000,16093.440000,0.000,263.642,22.767475,818,3.419017,1.704371
veh_002679,completed,16066.729471,6.049156,16067.000000,0.270529,6.000000,16881.000,814.000,16093.440000,0.000,259.697,22.593795,814,1.965184,1.751959
veh_002680,completed,16072.366615,5.637144,16073.000000,0.633385,6.000000,16883.000,810.000,16093.440000,0.000,255.809,26.634725,810,3.193852,1.886758
veh_002681,completed,16078.786320,6.419705,16079.000000,0.213680,6.000000,16885.000,806.000,16093.440000,0.000,251.740,24.293144,806,3.197322,1.894661
veh_002682,completed,16083.667271,4.880951,16084.000000,0.332729,5.000000,16890.000,806.000,16093.440000,0.000,252.131,20.314714,806,3.785771,2.154187
veh_002683,completed,16091.846971,8.179699,16092.000000,0.153029,8.000000,16894.000,802.000,16093.440000,0.000,248.067,21.844525,802,2.947174,1.797630
veh_002684,completed,16098.771925,6.924954,16099.000000,0.228075,7.000000,16932.000,833.000,16093.440000,0.000,278.625,18.788434,833,3.857597,2.212463
veh_002685,completed,16104.239506,5.467581,16105.000000,0.760494,6.000000,16934.000,829.000,16093.440000,0.000,274.539,20.866621,829,3.237304,1.366887
veh_002686,completed,16109.961228,5.721722,16110.000000,0.038772,5.000000,16936.000,826.000,16093.440000,0.000,271.770,23.798309,826,3.649559,1.799583
veh_002687,completed,16114.599570,4.638342,16115.000000,0.400430,5.000000,16941.000,826.000,16093.440000,0.000,272.028,22.666503,826,3.646068,1.938773
veh_002688,completed,16120.993334,6.393764,16121.000000,0.006666,6.000000,16944.000,823.000,16093.440000,0.000,268.688,22.878496,823,4.209100,2.307587
veh_002689,completed,16125.052877,4.059543,16126.000000,0.947123,5.000000,16946.000,820.000,16093.440000,0.000,265.553,24.525773,820,2.196531,1.551694
veh_002690,completed,16131.057632,6.004755,16132.000000,0.942368,6.000000,16948.000,816.000,16093.440000,0.000,261.474,23.567228,816,3.446721,1.598292
veh_002691,completed,16136.281824,5.224192,16137.000000,0.718176,5.000000,16950.000,813.000,16093.440000,0.000,258.459,22.699536,813,2.641249,1.630020
veh_002692,completed,16143.132407,6.850584,16144.000000,0.867593,7.000000,16951.000,807.000,16093.440000,0.000,253.122,25.352988,807,2.540421,1.677678
veh_002693,completed,16150.696260,7.563852,16151.000000,0.303740,7.000000,16954.000,803.000,16093.440000,0.000,248.398,25.805614,803,3.808993,2.036888
veh_002694,completed,16157.876667,7.180407,16158.000000,0.123333,7.000000,16958.000,800.000,16093.440000,0.000,245.816,22.040313,800,3.995302,1.755737
veh_002695,completed,16163.692811,5.816144,16164.000000,0.307189,6.000000,17041.000,877.000,16093.440000,0.000,323.077,18.222608,877,2.023114,2.349640
veh_002696,completed,16168.628375,4.935564,16169.000000,0.371625,5.000000,17043.000,874.000,16093.440000,0.000,320.145,19.739439,874,2.634141,1.949217
veh_002697,completed,16174.178882,5.550507,16175.000000,0.821118,6.000000,17046.000,871.000,16093.440000,0.000,316.812,20.067164,871,2.767801,2.267707
veh_002698,completed,16180.153933,5.975051,16181.000000,0.846067,6.000000,17048.000,867.000,16093.440000,0.000,313.040,25.498208,867,2.583594,2.146592
veh_002699,completed,16186.885811,6.731878,16187.000000,0.114189,6.000000,17051.000,864.000,16093.440000,0.000,309.619,23.281610,864,3.422228,2.126727
veh_002700,completed,16192.033549,5.147738,16193.000000,0.966451,6.000000,17053.000,860.000,16093.440000,0.000,305.916,20.236184,860,3.037223,2.031464
veh_002701,completed,16196.582630,4.549081,16197.000000,0.417370,4.000000,17055.000,858.000,16093.440000,0.000,303.871,23.412988,858,2.627863,1.648216
veh_002702,completed,16202.842770,6.260140,16203.000000,0.157230,6.000000,17057.000,854.000,16093.440000,0.000,299.453,25.722895,854,2.138832,1.440856
veh_002703,completed,16210.880973,8.038203,16211.000000,0.119027,8.000000,17061.000,850.000,16093.440000,0.000,295.787,21.756922,850,2.108562,1.279900
veh_002704,completed,16219.689460,8.808487,16220.000000,0.310540,9.000000,17063.000,843.000,16093.440000,0.000,288.611,22.102980,843,3.500818,1.281054
veh_002705,completed,16226.879260,7.189800,16227.000000,0.120740,7.000000,17065.000,838.000,16093.440000,0.000,283.472,20.953887,838,3.034620,1.483600
veh_002706,completed,16231.393864,4.514604,16232.000000,0.606136,5.000000,17124.000,892.000,16093.440000,0.000,337.812,18.845505,892,4.149408,2.174780
veh_002707,completed,16239.506754,8.112890,16240.000000,0.493246,8.000000,17127.000,887.000,16093.440000,0.000,332.515,18.955893,887,3.319066,2.188500
veh_002708,completed,16244.238263,4.731510,16245.000000,0.761737,5.000000,17129.000,884.000,16093.440000,0.000,329.732,25.524496,884,2.825453,2.121703
veh_002709,completed,16249.082405,4.844142,16250.000000,0.917595,5.000000,17131.000,881.000,16093.440000,0.000,327.017,23.584944,881,3.122281,2.016032
veh_002710,completed,16255.723822,6.641416,16256.000000,0.276178,6.000000,17133.000,877.000,16093.440000,0.000,322.843,21.125010,877,2.990788,1.566842
veh_002711,completed,16259.653334,3.929512,16260.000000,0.346666,4.000000,17135.000,875.000,16093.440000,0.000,320.994,21.221057,875,2.510179,1.827021
veh_002712,completed,16266.855854,7.202520,16267.000000,0.144146,7.000000,17137.000,870.000,16093.440000,0.000,315.604,25.141854,870,2.989870,1.163590
veh_002713,completed,16272.775410,5.919556,16273.000000,0.224590,6.000000,17138.000,865.000,16093.440000,0.000,310.929,21.838361,865,2.673434,1.235652
veh_002714,completed,16279.374094,6.598684,16280.000000,0.625906,7.000000,17141.000,861.000,16093.440000,0.000,306.840,24.216987,861,3.027280,2.147692
veh_002715,completed,16284.138951,4.764856,16285.000000,0.861049,5.000000,17143.000,858.000,16093.440000,0.000,304.123,24.411662,858,1.950076,2.091362
veh_002716,completed,16291.408592,7.269641,16292.000000,0.591408,7.000000,17145.000,853.000,16093.440000,0.000,298.965,22.866179,853,2.739881,1.793113
veh_002717,completed,16298.178277,6.769685,16299.000000,0.821723,7.000000,17147.000,848.000,16093.440000,0.000,293.681,24.866498,848,1.417081,1.571568
veh_002718,completed,16303.633285,5.455007,16304.000000,0.366715,5.000000,17149.000,845.000,16093.440000,0.000,290.360,24.594305,845,3.894306,1.316730
veh_002719,completed,16311.051206,7.417922,16312.000000,0.948794,8.000000,17159.000,847.000,16093.440000,0.000,292.766,19.299101,847,1.774611,2.617161
veh_002720,completed,16313.060777,2.009571,16314.000000,0.939223,2.000000,17161.000,847.000,16093.440000,0.000,292.860,23.887331,847,2.731899,1.943133
veh_002721,completed,16319.604245,6.543467,16320.000000,0.395755,6.000000,17163.000,843.000,16093.440000,0.000,288.830,21.095645,843,3.607566,1.761460
veh_002722,completed,16325.442938,5.838693,16326.000000,0.557062,6.000000,17165.000,839.000,16093.440000,0.000,284.945,19.104847,839,2.567426,1.610526
veh_002723,completed,16330.250440,4.807502,16331.000000,0.749560,5.000000,17167.000,836.000,16093.440000,0.000,282.076,20.700246,836,4.321880,1.914100
veh_002724,completed,16336.516254,6.265814,16337.000000,0.483746,6.000000,17169.000,832.000,16093.440000,0.000,278.079,25.505509,832,1.975376,1.875513
veh_002725,completed,16343.265955,6.749701,16344.000000,0.734045,7.000000,17172.000,828.000,16093.440000,0.000,273.723,20.431060,828,2.882922,2.020113
veh_002726,completed,16348.160512,4.894556,16349.000000,0.839488,5.000000,17173.000,824.000,16093.440000,0.000,270.014,23.413619,824,2.868170,1.217666
veh_002727,completed,16353.981222,5.820710,16354.000000,0.018778,5.000000,17175.000,821.000,16093.440000,0.000,266.853,24.032762,821,1.281268,1.691589
veh_002728,completed,16359.919092,5.937870,16360.000000,0.080908,6.000000,17177.000,817.000,16093.440000,0.000,262.914,23.369318,817,4.148733,1.804632
veh_002729,completed,16366.508429,6.589337,16367.000000,0.491571,7.000000,17188.000,821.000,16093.440000,0.000,266.944,19.198718,821,2.314150,1.935724
veh_002730,completed,16374.348591,7.840162,16375.000000,0.651409,8.000000,17191.000,816.000,16093.440000,0.000,261.412,21.102450,816,2.406857,1.338984
veh_002731,completed,16379.652666,5.304075,16380.000000,0.347334,5.000000,17198.000,818.000,16093.440000,0.000,263.861,20.084330,818,1.777130,1.579349
veh_002732,completed,16387.628043,7.975377,16388.000000,0.371957,8.000000,17200.000,812.000,16093.440000,0.000,257.656,25.904422,812,1.955750,1.331691
veh_002733,completed,16391.671710,4.043667,16392.000000,0.328290,4.000000,17221.000,829.000,16093.440000,0.000,274.995,20.438060,829,2.675113,1.164186
veh_002734,completed,16398.122876,6.451166,16399.000000,0.877124,7.000000,17223.000,824.000,16093.440000,0.000,270.101,22.516529,824,3.585270,1.793104
veh_002735,completed,16401.543463,3.420587,16402.000000,0.456537,3.000000,17226.000,824.000,16093.440000,0.000,269.690,19.700263,824,2.304836,1.990542
veh_002736,completed,16407.651128,6.107666,16408.000000,0.348872,6.000000,17237.000,829.000,16093.440000,0.000,275.152,19.788006,829,2.623055,1.951211
veh_002737,completed,16414.734510,7.083381,16415.000000,0.265490,7.000000,17239.000,824.000,16093.440000,0.000,270.118,22.656473,824,2.197249,1.380085
veh_002738,completed,16423.768964,9.034454,16424.000000,0.231036,9.000000,17321.000,897.000,16093.440000,0.000,343.146,18.099400,897,2.833825,1.563672
veh_002739,completed,16429.842999,6.074035,16430.000000,0.157001,6.000000,17324.000,894.000,16093.440000,0.000,339.551,22.988128,894,3.555126,1.645202
veh_002740,completed,16434.720526,4.877528,16435.000000,0.279474,5.000000,17326.000,891.000,16093.440000,0.000,336.711,21.669355,891,3.341242,1.642862
veh_002741,completed,16442.260270,7.539744,16443.000000,0.739730,8.000000,17328.000,885.000,16093.440000,0.000,330.751,21.141219,885,1.323390,1.651820
veh_002742,completed,16448.322006,6.061736,16449.000000,0.677994,6.000000,17330.000,881.000,16093.440000,0.000,327.145,20.534506,881,4.079718,2.192719
veh_002743,completed,16454.469513,6.147507,16455.000000,0.530487,6.000000,17333.000,878.000,16093.440000,0.000,323.539,20.333450,878,3.202310,1.616280
veh_002744,completed,16461.845040,7.375527,16462.000000,0.154960,7.000000,17361.000,899.000,16093.440000,0.000,344.557,20.379589,899,2.521329,2.157098
veh_002745,completed,16469.484165,7.639125,16470.000000,0.515835,8.000000,17363.000,893.000,16093.440000,0.000,338.937,19.875566,893,4.701418,2.256201
veh_002746,completed,16472.885971,3.401806,16473.000000,0.114029,3.000000,17366.000,893.000,16093.440000,0.000,338.489,21.219636,893,3.059423,1.976458
veh_002747,completed,16478.963296,6.077325,16479.000000,0.036704,6.000000,17369.000,890.000,16093.440000,0.000,335.527,20.600607,890,3.488898,1.977866
veh_002748,completed,16484.938703,5.975406,16485.000000,0.061297,6.000000,17370.000,885.000,16093.440000,0.000,331.105,26.037151,885,2.329945,1.616596
veh_002749,completed,16489.334348,4.395645,16490.000000,0.665652,5.000000,17372.000,882.000,16093.440000,0.000,327.967,26.172158,882,2.776449,1.810202
veh_002750,completed,16492.898498,3.564150,16493.000000,0.101502,3.000000,17375.000,882.000,16093.440000,0.000,328.033,21.037216,882,2.187279,2.144017
veh_002751,completed,16498.798229,5.899731,16499.000000,0.201771,6.000000,17377.000,878.000,16093.440000,0.000,323.932,19.820505,878,3.392971,1.790685
veh_002752,completed,16504.102631,5.304402,16505.000000,0.897369,6.000000,17379.000,874.000,16093.440000,0.000,319.836,19.688661,874,4.036238,1.670840
veh_002753,completed,16509.015584,4.912953,16510.000000,0.984416,5.000000,17385.000,875.000,16093.440000,0.000,320.846,18.702173,875,3.067936,1.935381
veh_002754,completed,16514.809531,5.793948,16515.000000,0.190469,5.000000,17387.000,872.000,16093.440000,0.000,317.851,21.427496,872,3.273945,1.842015
veh_002755,completed,16520.282995,5.473464,16521.000000,0.717005,6.000000,17389.000,868.000,16093.440000,0.000,313.944,22.383982,868,3.559951,1.545109
veh_002756,completed,16526.309388,6.026393,16527.000000,0.690612,6.000000,17392.000,865.000,16093.440000,0.000,310.774,19.563330,865,3.139930,1.600073
veh_002757,completed,16534.674574,8.365187,16535.000000,0.325426,8.000000,17394.000,859.000,16093.440000,0.000,304.523,26.725379,859,2.179898,1.598756
veh_002758,completed,16540.629381,5.954807,16541.000000,0.370619,6.000000,17396.000,855.000,16093.440000,0.000,300.556,22.874068,855,2.540385,1.815743
veh_002759,completed,16549.449936,8.820555,16550.000000,0.550064,9.000000,17398.000,848.000,16093.440000,0.000,294.093,20.687093,848,2.513574,2.308261
veh_002760,completed,16557.316084,7.866148,16558.000000,0.683916,8.000000,17401.000,843.000,16093.440000,0.000,288.421,20.643614,843,3.998560,1.892003
veh_002761,completed,16564.767459,7.451374,16565.000000,0.232541,7.000000,17403.000,838.000,16093.440000,0.000,283.776,19.116929,838,3.233123,1.684047
veh_002762,completed,16569.674702,4.907244,16570.000000,0.325298,5.000000,17405.000,835.000,16093.440000,0.000,281.008,23.583034,835,2.372244,1.960933
veh_002763,completed,16575.234550,5.559847,16576.000000,0.765450,6.000000,17407.000,831.000,16093.440000,0.000,276.998,24.166755,831,1.904002,1.554717
veh_002764,completed,16579.854963,4.620413,16580.000000,0.145037,4.000000,17409.000,829.000,16093.440000,0.000,274.571,24.238509,829,1.642548,1.256256
veh_002765,completed,16586.478775,6.623812,16587.000000,0.521225,7.000000,17411.000,824.000,16093.440000,0.000,269.861,24.480717,824,3.669975,2.428458
veh_002766,completed,16592.378183,5.899408,16593.000000,0.621817,6.000000,17414.000,821.000,16093.440000,0.000,266.978,20.352311,821,2.052134,1.420042
veh_002767,completed,16599.040731,6.662547,16600.000000,0.959269,7.000000,17416.000,816.000,16093.440000,0.000,261.939,24.653853,816,2.280023,1.750469
veh_002768,completed,16605.494517,6.453787,16606.000000,0.505483,6.000000,17438.000,832.000,16093.440000,0.000,277.695,21.633238,832,1.641305,1.675764
veh_002769,completed,16611.746288,6.251770,16612.000000,0.253712,6.000000,17440.000,828.000,16093.440000,0.000,273.669,21.918300,828,3.760285,1.786262
veh_002770,completed,16617.210924,5.464637,16618.000000,0.789076,6.000000,17442.000,824.000,16093.440000,0.000,269.607,23.341513,824,2.994543,1.423475
veh_002771,completed,16621.751437,4.540513,16622.000000,0.248563,4.000000,17444.000,822.000,16093.440000,0.000,267.475,24.893177,822,4.476702,1.531640
veh_002772,completed,16627.088909,5.337472,16628.000000,0.911091,6.000000,17446.000,818.000,16093.440000,0.000,263.536,24.014565,818,3.289961,1.604449
veh_002773,completed,16634.163833,7.074924,16635.000000,0.836167,7.000000,17449.000,814.000,16093.440000,0.000,259.529,21.012145,814,3.990192,1.828619
veh_002774,completed,16639.918010,5.754176,16640.000000,0.081990,5.000000,17452.000,812.000,16093.440000,0.000,258.154,20.524225,812,2.609055,2.001910
veh_002775,completed,16645.827972,5.909963,16646.000000,0.172028,6.000000,17454.000,808.000,16093.440000,0.000,254.042,25.275593,808,1.929668,1.887217
veh_002776,completed,16653.129689,7.301716,16654.000000,0.870311,8.000000,17458.000,804.000,16093.440000,0.000,249.545,20.383437,804,2.207219,1.845633
veh_002777,completed,16659.861053,6.731364,16660.000000,0.138947,6.000000,17460.000,800.000,16093.440000,0.000,245.534,23.776462,800,3.057741,1.711599
veh_002778,completed,16663.648842,3.787788,16664.000000,0.351158,4.000000,17462.000,798.000,16093.440000,0.000,243.452,25.148197,798,2.973285,1.713851
veh_002779,completed,16669.528222,5.879381,16670.000000,0.471778,6.000000,17464.000,794.000,16093.440000,0.000,239.558,22.913390,794,2.720541,1.696895
veh_002780,completed,16674.221280,4.693058,16675.000000,0.778720,5.000000,17466.000,791.000,16093.440000,0.000,236.757,24.285721,791,2.815595,2.135132
veh_002781,completed,16680.140006,5.918725,16681.000000,0.859994,6.000000,17472.000,791.000,16093.440000,0.000,236.944,21.303097,791,3.154645,1.958669
veh_002782,completed,16686.725412,6.585407,16687.000000,0.274588,6.000000,17475.000,788.000,16093.440000,0.000,233.515,22.117141,788,3.116187,2.530245
veh_002783,completed,16693.489535,6.764122,16694.000000,0.510465,7.000000,17477.000,783.000,16093.440000,0.000,228.512,23.306703,783,2.594582,1.825170
veh_002784,completed,16701.985211,8.495677,16702.000000,0.014789,8.000000,17584.000,882.000,16093.440000,0.000,327.826,18.210840,882,4.043691,1.966043
veh_002785,completed,16707.233986,5.248775,16708.000000,0.766014,6.000000,17585.000,877.000,16093.440000,0.000,323.138,25.618133,877,2.105869,1.337735
veh_002786,completed,16712.791571,5.557585,16713.000000,0.208429,5.000000,17588.000,875.000,16093.440000,0.000,320.546,22.483059,875,2.762727,1.887950
veh_002787,completed,16719.652613,6.861042,16720.000000,0.347387,7.000000,17590.000,870.000,16093.440000,0.000,316.043,21.562876,870,3.335038,2.572308
veh_002788,completed,16727.095592,7.442979,16728.000000,0.904408,8.000000,17635.000,907.000,16093.440000,0.000,352.763,18.174365,907,2.805753,1.141464
veh_002789,completed,16731.548456,4.452864,16732.000000,0.451544,4.000000,17637.000,905.000,16093.440000,0.000,350.872,23.300567,905,3.457497,1.661953
veh_002790,completed,16738.578531,7.030076,16739.000000,0.421469,7.000000,17653.000,914.000,16093.440000,0.000,360.131,17.944426,914,3.891243,1.975425
veh_002791,completed,16745.576750,6.998218,16746.000000,0.423250,7.000000,17656.000,910.000,16093.440000,0.000,355.613,21.489977,910,2.897506,1.829192
veh_002792,completed,16751.351215,5.774465,16752.000000,0.648785,6.000000,17658.000,906.000,16093.440000,0.000,351.419,23.531176,906,4.632824,1.488319
veh_002793,completed,16756.929562,5.578347,16757.000000,0.070438,5.000000,17662.000,905.000,16093.440000,0.000,350.954,19.466106,905,2.741208,1.678211
veh_002794,completed,16764.028534,7.098972,16765.000000,0.971466,8.000000,17675.000,910.000,16093.440000,0.000,355.803,18.437314,910,2.510939,1.926905
veh_002795,completed,16770.669289,6.640755,16771.000000,0.330711,6.000000,17677.000,906.000,16093.440000,0.000,351.546,21.299208,906,2.201131,1.599706
veh_002796,completed,16777.270343,6.601054,16778.000000,0.729657,7.000000,17679.000,901.000,16093.440000,0.000,346.878,23.304095,901,2.742960,1.778830
veh_002797,completed,16782.172654,4.902310,16783.000000,0.827346,5.000000,17682.000,899.000,16093.440000,0.000,344.453,22.539166,899,2.978312,1.929581
veh_002798,completed,16785.589199,3.416545,16786.000000,0.410801,3.000000,17684.000,898.000,16093.440000,0.000,343.626,23.791850,898,2.771764,2.059107
veh_002799,completed,16791.448194,5.858995,16792.000000,0.551806,6.000000,17686.000,894.000,16093.440000,0.000,339.866,20.798823,894,2.571913,1.957225
veh_002800,completed,16797.041546,5.593352,16798.000000,0.958454,6.000000,17689.000,891.000,16093.440000,0.000,336.501,23.217435,891,5.085392,2.382301
veh_002801,completed,16803.728768,6.687222,16804.000000,0.271232,6.000000,17692.000,888.000,16093.440000,0.000,334.015,21.845372,888,2.668459,2.180315
veh_002802,completed,16808.581998,4.853231,16809.000000,0.418002,5.000000,17695.000,886.000,16093.440000,0.000,331.833,22.615949,886,2.067456,2.332707
veh_002803,completed,16815.534044,6.952046,16816.000000,0.465956,7.000000,17697.000,881.000,16093.440000,0.000,326.886,24.349643,881,3.685957,1.616924
veh_002804,completed,16822.148458,6.614414,16823.000000,0.851542,7.000000,17700.000,877.000,16093.440000,0.000,322.459,20.844853,877,3.739614,1.892545
veh_002805,completed,16827.038264,4.889806,16828.000000,0.961736,5.000000,17702.000,874.000,16093.440000,0.000,319.487,22.597302,874,3.095107,1.550014
veh_002806,completed,16834.455807,7.417543,16835.000000,0.544193,7.000000,17705.000,870.000,16093.440000,0.000,315.746,20.627372,870,2.604821,2.025409
veh_002807,completed,16839.941432,5.485625,16840.000000,0.058568,5.000000,17707.000,867.000,16093.440000,0.000,312.532,21.809087,867,3.438143,1.590240
veh_002808,completed,16844.896729,4.955296,16845.000000,0.103271,5.000000,17709.000,864.000,16093.440000,0.000,309.772,23.429022,864,3.613906,2.039548
veh_002809,completed,16851.273029,6.376301,16852.000000,0.726971,7.000000,17711.000,859.000,16093.440000,0.000,305.063,24.389345,859,4.497623,2.095872
veh_002810,completed,16857.250960,5.977931,16858.000000,0.749040,6.000000,17714.000,856.000,16093.440000,0.000,301.448,22.634795,856,2.660231,1.906799
veh_002811,completed,16861.893380,4.642420,16862.000000,0.106620,4.000000,17716.000,854.000,16093.440000,0.000,299.604,24.394627,854,1.250079,1.809416
veh_002812,completed,16868.823589,6.930209,16869.000000,0.176411,7.000000,17718.000,849.000,16093.440000,0.000,294.661,22.542893,849,3.117875,1.501776
veh_002813,completed,16874.809857,5.986268,16875.000000,0.190143,6.000000,17720.000,845.000,16093.440000,0.000,290.558,25.600806,845,2.141520,1.619763
veh_002814,completed,16879.672537,4.862680,16880.000000,0.327463,5.000000,17722.000,842.000,16093.440000,0.000,287.794,23.764022,842,1.965296,1.937955
veh_002815,completed,16883.041588,3.369051,16884.000000,0.958412,4.000000,17724.000,840.000,16093.440000,0.000,285.909,21.540975,840,3.084634,2.009410
veh_002816,completed,16889.681214,6.639626,16890.000000,0.318786,6.000000,17729.000,839.000,16093.440000,0.000,284.750,19.170336,839,2.200255,2.078250
veh_002817,completed,16895.829750,6.148536,16896.000000,0.170250,6.000000,17731.000,835.000,16093.440000,0.000,281.118,22.013274,835,1.936857,2.190513
veh_002818,completed,16902.008824,6.179074,16903.000000,0.991176,7.000000,17733.000,830.000,16093.440000,0.000,276.075,26.428445,830,3.132240,1.780021
veh_002819,completed,16910.074061,8.065237,16911.000000,0.925939,8.000000,17735.000,824.000,16093.440000,0.000,269.853,21.941615,824,2.921058,1.802999
veh_002820,completed,16912.338139,2.264078,16913.000000,0.661861,2.000000,17758.000,845.000,16093.440000,0.000,291.023,18.271172,845,3.225170,1.858863
veh_002821,completed,16920.241950,7.903811,16921.000000,0.758050,8.000000,17760.000,839.000,16093.440000,0.000,285.081,22.971324,839,2.723723,1.961331
veh_002822,completed,16928.287648,8.045698,16929.000000,0.712352,8.000000,17764.000,835.000,16093.440000,0.000,281.131,21.151329,835,3.499569,1.789399
veh_002823,completed,16932.817534,4.529886,16933.000000,0.182466,4.000000,17767.000,834.000,16093.440000,0.000,279.850,21.210031,834,2.906385,1.739204
veh_002824,completed,16940.339546,7.522012,16941.000000,0.660454,8.000000,17770.000,829.000,16093.440000,0.000,274.647,22.234036,829,2.417117,2.065078
veh_002825,completed,16945.121606,4.782060,16946.000000,0.878394,5.000000,17771.000,825.000,16093.440000,0.000,271.102,23.398610,825,3.185203,1.088211
veh_002826,completed,16949.557847,4.436241,16950.000000,0.442153,4.000000,17774.000,824.000,16093.440000,0.000,269.740,22.279129,824,2.616058,1.842000
veh_002827,completed,16955.405754,5.847907,16956.000000,0.594246,6.000000,17776.000,820.000,16093.440000,0.000,265.607,24.011254,820,3.531335,1.499067
veh_002828,completed,16964.147231,8.741477,16965.000000,0.852769,9.000000,17778.000,813.000,16093.440000,0.000,259.027,26.215605,813,2.086116,2.376325
veh_002829,completed,16970.689732,6.542501,16971.000000,0.310268,6.000000,17781.000,810.000,16093.440000,0.000,255.394,21.839569,810,3.517844,1.605250
veh_002830,completed,16976.764509,6.074777,16977.000000,0.235491,6.000000,17791.000,814.000,16093.440000,0.000,259.776,21.363759,814,3.681214,1.473290
veh_002831,completed,16984.093027,7.328517,16985.000000,0.906973,8.000000,17793.000,808.000,16093.440000,0.000,253.456,23.310571,808,3.987040,1.728261
veh_002832,completed,16989.159280,5.066253,16990.000000,0.840720,5.000000,17853.000,863.000,16093.440000,0.000,309.020,18.547868,863,2.540736,1.781606
veh_002833,completed,16997.405552,8.246272,16998.000000,0.594448,8.000000,17861.000,863.000,16093.440000,0.000,309.034,21.512946,863,4.192860,1.769733
veh_002834,completed,17005.761483,8.355931,17006.000000,0.238517,8.000000,17863.000,857.000,16093.440000,0.000,302.979,24.712387,857,2.208232,1.830624
veh_002835,completed,17012.405298,6.643816,17013.000000,0.594702,7.000000,17866.000,853.000,16093.440000,0.000,298.501,25.608961,853,2.664057,2.222102
veh_002836,completed,17017.222897,4.817599,17018.000000,0.777103,5.000000,17914.000,896.000,16093.440000,0.000,341.945,18.348764,896,3.631406,1.872244
veh_002837,completed,17024.830921,7.608023,17025.000000,0.169079,7.000000,17916.000,891.000,16093.440000,0.000,337.018,23.886969,891,3.388991,1.932523
veh_002838,completed,17031.272959,6.442038,17032.000000,0.727041,7.000000,17919.000,887.000,16093.440000,0.000,333.120,22.102160,887,4.202974,2.128750
veh_002839,completed,17038.238455,6.965496,17039.000000,0.761545,7.000000,17921.000,882.000,16093.440000,0.000,327.963,21.178610,882,3.187455,1.630723
veh_002840,completed,17045.943306,7.704851,17046.000000,0.056694,7.000000,17923.000,877.000,16093.440000,0.000,322.784,21.857816,877,3.449884,1.638505
veh_002841,completed,17052.597958,6.654652,17053.000000,0.402042,7.000000,17925.000,872.000,16093.440000,0.000,317.513,26.582972,872,3.359383,1.404508
veh_002842,completed,17057.244151,4.646194,17058.000000,0.755849,5.000000,17927.000,869.000,16093.440000,0.000,314.711,25.286313,869,2.873986,2.008703
veh_002843,completed,17065.479633,8.235482,17066.000000,0.520367,8.000000,17929.000,863.000,16093.440000,0.000,308.538,24.379752,863,2.885427,1.615066
veh_002844,completed,17071.898543,6.418909,17072.000000,0.101457,6.000000,17931.000,859.000,16093.440000,0.000,304.537,24.188998,859,1.495759,1.423138
veh_002845,completed,17078.384779,6.486236,17079.000000,0.615221,7.000000,17933.000,854.000,16093.440000,0.000,299.399,20.630651,854,3.027242,1.749353
veh_002846,completed,17085.307421,6.922643,17086.000000,0.692579,7.000000,17935.000,849.000,16093.440000,0.000,294.582,23.233312,849,3.258505,1.672841
veh_002847,completed,17091.775021,6.467599,17092.000000,0.224979,6.000000,17937.000,845.000,16093.440000,0.000,290.655,21.868211,845,3.464835,1.601990
veh_002848,completed,17098.896943,7.121922,17099.000000,0.103057,7.000000,17939.000,840.000,16093.440000,0.000,285.674,22.967962,840,2.195346,1.893690
veh_002849,completed,17105.193131,6.296188,17106.000000,0.806869,7.000000,17941.000,835.000,16093.440000,0.000,280.472,24.306932,835,2.664585,1.590162
veh_002850,completed,17110.926747,5.733616,17111.000000,0.073253,5.000000,17945.000,834.000,16093.440000,0.000,279.864,19.638305,834,3.877270,1.495544
veh_002851,completed,17116.101473,5.174725,17117.000000,0.898527,6.000000,17947.000,830.000,16093.440000,0.000,275.868,22.852470,830,3.678441,1.841159
veh_002852,completed,17121.334485,5.233012,17122.000000,0.665515,5.000000,17951.000,829.000,16093.440000,0.000,274.855,21.281985,829,2.136833,1.489450
veh_002853,completed,17126.902233,5.567748,17127.000000,0.097767,5.000000,17954.000,827.000,16093.440000,0.000,272.622,20.969838,827,3.360036,2.319849
veh_002854,completed,17134.386391,7.484158,17135.000000,0.613609,8.000000,17962.000,827.000,16093.440000,0.000,272.566,21.444389,827,4.742575,1.577828
veh_002855,completed,17139.881052,5.494660,17140.000000,0.118948,5.000000,17964.000,824.000,16093.440000,0.000,269.643,23.306806,824,2.711957,2.051175
veh_002856,completed,17145.714436,5.833384,17146.000000,0.285564,6.000000,17966.000,820.000,16093.440000,0.000,265.923,24.790822,820,5.301681,1.774136
veh_002857,completed,17151.562843,5.848407,17152.000000,0.437157,6.000000,17968.000,816.000,16093.440000,0.000,262.055,26.168801,816,3.159517,1.924035
veh_002858,completed,17158.363645,6.800801,17159.000000,0.636355,7.000000,17971.000,812.000,16093.440000,0.000,257.458,23.777937,812,4.024625,2.116555
veh_002859,completed,17165.337116,6.973472,17166.000000,0.662884,7.000000,17973.000,807.000,16093.440000,0.000,252.503,25.777054,807,3.725653,1.751638
veh_002860,completed,17174.298785,8.961669,17175.000000,0.701215,9.000000,17975.000,800.000,16093.440000,0.000,245.723,21.842929,800,3.737983,1.392134
veh_002861,completed,17178.209190,3.910405,17179.000000,0.790810,4.000000,17977.000,798.000,16093.440000,0.000,243.689,20.487919,798,4.228844,1.508767
veh_002862,completed,17183.867265,5.658076,17184.000000,0.132735,5.000000,17979.000,795.000,16093.440000,0.000,240.497,20.702801,795,3.468640,1.240353
veh_002863,completed,17190.726799,6.859534,17191.000000,0.273201,7.000000,17980.000,789.000,16093.440000,0.000,234.915,23.884851,789,4.167718,1.656765
veh_002864,completed,17194.199116,3.472317,17195.000000,0.800884,4.000000,17983.000,788.000,16093.440000,0.000,233.437,22.704275,788,2.894582,1.795252
veh_002865,completed,17202.811127,8.612011,17203.000000,0.188873,8.000000,17992.000,789.000,16093.440000,0.000,234.932,21.228780,789,2.975257,1.463560
veh_002866,completed,17208.636965,5.825837,17209.000000,0.363035,6.000000,17994.000,785.000,16093.440000,0.000,230.864,22.370631,785,3.741403,1.679268
veh_002867,completed,17213.445968,4.809003,17214.000000,0.554032,5.000000,18042.000,828.000,16093.440000,0.000,273.711,19.228522,828,2.448778,2.017061
veh_002868,completed,17220.902100,7.456132,17221.000000,0.097900,7.000000,18044.000,823.000,16093.440000,0.000,268.738,23.200116,823,2.945049,1.655169
veh_002869,completed,17223.605088,2.702989,17224.000000,0.394912,3.000000,18046.000,822.000,16093.440000,0.000,267.841,25.890518,822,2.693934,1.753482
veh_002870,completed,17229.923448,6.318360,17230.000000,0.076552,6.000000,18048.000,818.000,16093.440000,0.000,263.504,25.488231,818,2.823726,1.700242
veh_002871,completed,17234.436199,4.512752,17235.000000,0.563801,5.000000,18050.000,815.000,16093.440000,0.000,260.885,24.945781,815,3.370925,2.197608
veh_002872,completed,17240.413834,5.977634,17241.000000,0.586166,6.000000,18058.000,817.000,16093.440000,0.000,262.605,22.367275,817,4.272574,2.044231
veh_002873,completed,17246.974920,6.561087,17247.000000,0.025080,6.000000,18068.000,821.000,16093.440000,0.000,267.029,19.012527,821,2.958781,2.244877
veh_002874,completed,17254.163719,7.188798,17255.000000,0.836281,8.000000,18070.000,815.000,16093.440000,0.000,260.991,23.064899,815,3.465332,1.583807
veh_002875,completed,17260.780710,6.616992,17261.000000,0.219290,6.000000,18073.000,812.000,16093.440000,0.000,257.982,21.727996,812,2.845844,2.329655
veh_002876,completed,17269.910294,9.129584,17270.000000,0.089706,9.000000,18075.000,805.000,16093.440000,0.000,250.937,21.775571,805,2.822728,1.809441
veh_002877,completed,17276.003260,6.092966,17277.000000,0.996740,7.000000,18077.000,800.000,16093.440000,0.000,246.119,22.294909,800,1.924055,1.876764
veh_002878,completed,17281.490368,5.487109,17282.000000,0.509632,5.000000,18181.000,899.000,16093.440000,0.000,344.565,18.515184,899,3.937297,1.885588
veh_002879,completed,17289.329546,7.839178,17290.000000,0.670454,8.000000,18183.000,893.000,16093.440000,0.000,338.681,25.195245,893,2.795316,1.810290
veh_002880,completed,17295.231590,5.902044,17296.000000,0.768410,6.000000,18186.000,890.000,16093.440000,0.000,335.482,21.689298,890,2.753474,2.678802
veh_002881,completed,17301.858912,6.627322,17302.000000,0.141088,6.000000,18188.000,886.000,16093.440000,0.000,331.718,24.301930,886,2.323055,2.232978
veh_002882,completed,17308.538777,6.679865,17309.000000,0.461223,7.000000,18190.000,881.000,16093.440000,0.000,326.721,22.880086,881,1.964753,1.916092
veh_002883,completed,17314.426625,5.887848,17315.000000,0.573375,6.000000,18192.000,877.000,16093.440000,0.000,322.614,22.326136,877,2.500789,2.112263
veh_002884,completed,17319.774274,5.347649,17320.000000,0.225726,5.000000,18195.000,875.000,16093.440000,0.000,320.438,22.882097,875,2.891753,2.175633
veh_002885,completed,17324.789754,5.015481,17325.000000,0.210246,5.000000,18197.000,872.000,16093.440000,0.000,317.360,24.787079,872,2.441538,1.742359
veh_002886,completed,17332.144482,7.354727,17333.000000,0.855518,8.000000,18199.000,866.000,16093.440000,0.000,311.864,21.272238,866,3.027140,1.726816
veh_002887,completed,17335.081979,2.937498,17336.000000,0.918021,3.000000,18201.000,865.000,16093.440000,0.000,310.870,21.894352,865,3.444012,1.805150
veh_002888,completed,17345.805726,10.723746,17346.000000,0.194274,10.000000,18203.000,857.000,16093.440000,0.000,302.894,20.918632,857,3.075989,1.409799
veh_002889,completed,17353.536907,7.731181,17354.000000,0.463093,8.000000,18209.000,855.000,16093.440000,0.000,300.570,21.316160,855,1.474892,1.420800
veh_002890,completed,17360.091610,6.554704,17361.000000,0.908390,7.000000,18211.000,850.000,16093.440000,0.000,295.623,23.260842,850,2.786679,1.656575
veh_002891,completed,17368.942172,8.850561,17369.000000,0.057828,8.000000,18213.000,844.000,16093.440000,0.000,289.986,23.237656,844,2.745619,2.259975
veh_002892,completed,17375.354155,6.411983,17376.000000,0.645845,7.000000,18216.000,840.000,16093.440000,0.000,285.518,24.611581,840,3.741438,2.047114
veh_002893,completed,17380.011702,4.657547,17381.000000,0.988298,5.000000,18218.000,837.000,16093.440000,0.000,282.789,21.162492,837,2.818722,1.942631
veh_002894,completed,17387.552323,7.540621,17388.000000,0.447677,7.000000,18220.000,832.000,16093.440000,0.000,278.091,22.913567,832,3.050405,2.070016
veh_002895,completed,17391.098267,3.545944,17392.000000,0.901733,4.000000,18222.000,830.000,16093.440000,0.000,276.080,25.956850,830,2.585121,1.817605
veh_002896,completed,17397.998365,6.900098,17398.000000,0.001635,6.000000,18224.000,826.000,16093.440000,0.000,271.857,21.101022,826,1.963965,1.653089
veh_002897,completed,17405.795517,7.797151,17406.000000,0.204483,8.000000,18226.000,820.000,16093.440000,0.000,266.094,21.013657,820,4.326986,1.890201
veh_002898,completed,17412.597966,6.802449,17413.000000,0.402034,7.000000,18229.000,816.000,16093.440000,0.000,261.488,19.904085,816,2.548447,2.072494
veh_002899,completed,17416.421158,3.823192,17417.000000,0.578842,4.000000,18230.000,813.000,16093.440000,0.000,259.127,24.079741,813,3.563692,1.464077
veh_002900,completed,17422.728835,6.307677,17423.000000,0.271165,6.000000,18233.000,810.000,16093.440000,0.000,255.430,20.232850,810,2.200217,1.864958
veh_002901,completed,17428.544204,5.815369,17429.000000,0.455796,6.000000,18258.000,829.000,16093.440000,0.000,274.998,20.158665,829,2.979987,2.002477
veh_002902,completed,17433.430887,4.886683,17434.000000,0.569113,5.000000,18260.000,826.000,16093.440000,0.000,272.090,24.886599,826,3.066836,1.527457
veh_002903,completed,17435.962919,2.532032,17436.000000,0.037081,2.000000,18289.000,853.000,16093.440000,0.000,298.683,19.615456,853,3.724555,1.540896
veh_002904,completed,17440.184670,4.221751,17441.000000,0.815330,5.000000,18291.000,850.000,16093.440000,0.000,295.747,19.889421,850,2.616051,2.080444
veh_002905,completed,17445.433569,5.248899,17446.000000,0.566431,5.000000,18298.000,852.000,16093.440000,0.000,298.039,19.173673,852,3.246801,2.226025
veh_002906,completed,17453.121900,7.688330,17454.000000,0.878100,8.000000,18300.000,846.000,16093.440000,0.000,292.119,22.753062,846,3.784747,1.544315
veh_002907,completed,17463.251632,10.129732,17464.000000,0.748368,10.000000,18303.000,839.000,16093.440000,0.000,284.545,25.190921,839,3.169003,1.825255
veh_002908,completed,17470.536816,7.285184,17471.000000,0.463184,7.000000,18305.000,834.000,16093.440000,0.000,279.948,19.815049,834,2.665680,1.863191
veh_002909,completed,17475.354428,4.817612,17476.000000,0.645572,5.000000,18307.000,831.000,16093.440000,0.000,276.704,24.102294,831,2.335002,1.259195
veh_002910,completed,17480.722872,5.368444,17481.000000,0.277128,5.000000,18309.000,828.000,16093.440000,0.000,273.729,24.721557,828,2.925458,1.421451
veh_002911,completed,17488.346152,7.623280,17489.000000,0.653848,8.000000,18311.000,822.000,16093.440000,0.000,268.019,22.740260,822,2.380227,2.001885
veh_002912,completed,17495.266838,6.920686,17496.000000,0.733162,7.000000,18333.000,837.000,16093.440000,0.000,282.865,19.183293,837,2.886144,1.700102
veh_002913,completed,17501.853214,6.586376,17502.000000,0.146786,6.000000,18335.000,833.000,16093.440000,0.000,279.073,23.419532,833,1.732485,1.459737
veh_002914,completed,17508.210352,6.357138,17509.000000,0.789648,7.000000,18337.000,828.000,16093.440000,0.000,274.090,25.760684,828,3.106432,1.589814
veh_002915,completed,17516.009290,7.798938,17517.000000,0.990710,8.000000,18340.000,823.000,16093.440000,0.000,268.582,25.535884,823,3.426964,1.955205
veh_002916,completed,17525.363207,9.353917,17526.000000,0.636793,9.000000,18342.000,816.000,16093.440000,0.000,261.557,21.888417,816,2.054597,1.827898
veh_002917,completed,17531.377611,6.014404,17532.000000,0.622389,6.000000,18347.000,815.000,16093.440000,0.000,261.096,20.422124,815,2.321473,1.525102
veh_002918,completed,17537.615781,6.238170,17538.000000,0.384219,6.000000,18349.000,811.000,16093.440000,0.000,256.683,22.560668,811,3.232153,1.296434
veh_002919,completed,17544.372410,6.756629,17545.000000,0.627590,7.000000,18351.000,806.000,16093.440000,0.000,251.464,22.197086,806,4.261553,1.635314
veh_002920,completed,17549.679174,5.306764,17550.000000,0.320826,5.000000,18352.000,802.000,16093.440000,0.000,248.072,22.212660,802,1.955788,1.617759
veh_002921,completed,17552.390232,2.711058,17553.000000,0.609768,3.000000,18355.000,802.000,16093.440000,0.000,247.470,23.658613,802,2.829930,1.714601
veh_002922,completed,17559.130828,6.740596,17560.000000,0.869172,7.000000,18357.000,797.000,16093.440000,0.000,243.022,21.221865,797,3.091078,1.829877
veh_002923,completed,17564.030459,4.899631,17565.000000,0.969541,5.000000,18359.000,794.000,16093.440000,0.000,239.989,21.139769,794,2.306351,1.521575
veh_002924,completed,17572.005364,7.974905,17573.000000,0.994636,8.000000,18362.000,789.000,16093.440000,0.000,234.567,24.456805,789,1.885764,2.104572
veh_002925,completed,17578.279006,6.273642,17579.000000,0.720994,6.000000,18401.000,822.000,16093.440000,0.000,267.568,19.318608,822,2.955374,1.476167
veh_002926,completed,17586.525142,8.246136,17587.000000,0.474858,8.000000,18403.000,816.000,16093.440000,0.000,261.762,24.142166,816,2.374713,1.931732
veh_002927,completed,17591.238804,4.713662,17592.000000,0.761196,5.000000,18405.000,813.000,16093.440000,0.000,259.046,23.578160,813,3.824067,2.024343
veh_002928,completed,17598.935590,7.696786,17599.000000,0.064410,7.000000,18407.000,808.000,16093.440000,0.000,254.152,23.364394,808,4.085682,1.790143
veh_002929,completed,17602.488143,3.552553,17603.000000,0.511857,4.000000,18410.000,807.000,16093.440000,0.000,252.665,21.377074,807,3.863571,1.553593
veh_002930,completed,17609.894642,7.406499,17610.000000,0.105358,7.000000,18412.000,802.000,16093.440000,0.000,247.970,25.338658,802,3.827475,1.876133
veh_002931,completed,17615.538773,5.644131,17616.000000,0.461227,6.000000,18414.000,798.000,16093.440000,0.000,243.695,25.375269,798,2.971270,1.522847
veh_002932,completed,17622.944921,7.406147,17623.000000,0.055079,7.000000,18428.000,805.000,16093.440000,0.000,250.914,20.233929,805,3.064027,1.390306
veh_002933,completed,17628.407750,5.462830,17629.000000,0.592250,6.000000,18446.000,817.000,16093.440000,0.000,262.678,19.758324,817,4.163901,1.904278
veh_002934,completed,17635.431448,7.023697,17636.000000,0.568552,7.000000,18449.000,813.000,16093.440000,0.000,258.656,21.138636,813,2.693283,2.237966
veh_002935,completed,17642.185399,6.753951,17643.000000,0.814601,7.000000,18450.000,807.000,16093.440000,0.000,253.092,23.148420,807,1.542822,1.338415
veh_002936,completed,17648.760131,6.574733,17649.000000,0.239869,6.000000,18453.000,804.000,16093.440000,0.000,249.562,20.844305,804,3.025065,2.051663
veh_002937,completed,17655.424150,6.664018,17656.000000,0.575850,7.000000,18455.000,799.000,16093.440000,0.000,245.080,24.508325,799,3.131006,2.530525
veh_002938,completed,17663.944804,8.520654,17664.000000,0.055196,8.000000,18458.000,794.000,16093.440000,0.000,239.552,21.624950,794,3.909240,1.683237
veh_002939,completed,17669.102856,5.158052,17670.000000,0.897144,6.000000,18460.000,790.000,16093.440000,0.000,235.480,26.434011,790,3.350889,1.572457
veh_002940,completed,17677.207974,8.105118,17678.000000,0.792026,8.000000,18462.000,784.000,16093.440000,0.000,229.544,23.877943,784,2.452889,1.889250
veh_002941,completed,17682.676797,5.468822,17683.000000,0.323203,5.000000,18469.000,786.000,16093.440000,0.000,231.495,22.787738,786,3.230674,1.926383
veh_002942,completed,17690.487221,7.810424,17691.000000,0.512779,8.000000,18476.000,785.000,16093.440000,0.000,230.882,20.663875,785,3.650006,1.488140
veh_002943,completed,17699.996801,9.509580,17700.000000,0.003199,9.000000,18478.000,778.000,16093.440000,0.000,224.040,21.526484,778,1.635183,1.980413
veh_002944,completed,17704.799318,4.802517,17705.000000,0.200682,5.000000,18565.000,860.000,16093.440000,0.000,305.452,18.687697,860,2.492920,1.477436
veh_002945,completed,17707.565269,2.765951,17708.000000,0.434731,3.000000,18567.000,859.000,16093.440000,0.000,304.572,21.956973,859,2.795568,1.885085
veh_002946,completed,17713.810858,6.245589,17714.000000,0.189142,6.000000,18569.000,855.000,16093.440000,0.000,301.074,22.657505,855,2.738867,2.073807
veh_002947,completed,17718.773323,4.962466,17719.000000,0.226677,5.000000,18572.000,853.000,16093.440000,0.000,298.687,23.227496,853,1.846206,1.604508
veh_002948,completed,17723.983602,5.210279,17724.000000,0.016398,5.000000,18574.000,850.000,16093.440000,0.000,296.074,21.949711,850,3.108123,1.741823
veh_002949,completed,17729.489707,5.506105,17730.000000,0.510293,6.000000,18579.000,849.000,16093.440000,0.000,294.992,23.350980,849,3.351178,2.125678
veh_002950,completed,17734.689024,5.199317,17735.000000,0.310976,5.000000,18581.000,846.000,16093.440000,0.000,291.774,23.945329,846,3.423017,1.412120
veh_002951,completed,17742.835530,8.146506,17743.000000,0.164470,8.000000,18584.000,841.000,16093.440000,0.000,286.402,21.725796,841,3.586714,2.416776
veh_002952,completed,17750.523618,7.688088,17751.000000,0.476382,8.000000,18586.000,835.000,16093.440000,0.000,280.514,21.337546,835,2.580938,1.492939
veh_002953,completed,17758.262272,7.738654,17759.000000,0.737728,8.000000,18588.000,829.000,16093.440000,0.000,274.722,24.439754,829,3.690744,1.993396
veh_002954,completed,17767.730474,9.468203,17768.000000,0.269526,9.000000,18597.000,829.000,16093.440000,0.000,274.905,20.751129,829,2.139323,1.621591
veh_002955,completed,17772.574317,4.843843,17773.000000,0.425683,5.000000,18599.000,826.000,16093.440000,0.000,272.106,24.367302,826,3.387954,2.052997
veh_002956,completed,17774.829145,2.254828,17775.000000,0.170855,2.000000,18612.000,837.000,16093.440000,0.000,282.845,19.068106,837,1.712768,1.409897
veh_002957,completed,17783.864468,9.035323,17784.000000,0.135532,9.000000,18614.000,830.000,16093.440000,0.000,276.011,21.392587,830,2.443107,1.750528
veh_002958,completed,17790.240178,6.375709,17791.000000,0.759822,7.000000,18616.000,825.000,16093.440000,0.000,271.111,23.466324,825,2.739509,1.853114
veh_002959,completed,17796.156652,5.916475,17797.000000,0.843348,6.000000,18618.000,821.000,16093.440000,0.000,266.622,22.463654,821,2.775948,1.320895
veh_002960,completed,17799.452280,3.295628,17800.000000,0.547720,3.000000,18620.000,820.000,16093.440000,0.000,265.994,21.445960,820,3.135800,1.858414
veh_002961,completed,17803.424737,3.972457,17804.000000,0.575263,4.000000,18622.000,818.000,16093.440000,0.000,263.680,23.995482,818,2.825810,1.495372
veh_002962,completed,17810.462591,7.037854,17811.000000,0.537409,7.000000,18623.000,812.000,16093.440000,0.000,258.096,23.975156,812,3.952071,1.124471
veh_002963,completed,17816.247878,5.785286,17817.000000,0.752122,6.000000,18626.000,809.000,16093.440000,0.000,254.505,23.806478,809,2.814875,2.109514
veh_002964,completed,17819.018572,2.770694,17820.000000,0.981428,3.000000,18628.000,808.000,16093.440000,0.000,253.649,21.162160,808,2.787575,1.696492
veh_002965,completed,17823.607851,4.589279,17824.000000,0.392149,4.000000,18630.000,806.000,16093.440000,0.000,251.796,22.819887,806,4.231065,1.703188
veh_002966,completed,17831.181549,7.573697,17832.000000,0.818451,8.000000,18632.000,800.000,16093.440000,0.000,245.419,23.730832,800,2.057257,1.119435
veh_002967,completed,17839.099556,7.918007,17840.000000,0.900444,8.000000,18657.000,817.000,16093.440000,0.000,262.481,20.230249,817,4.332759,1.373666
veh_002968,completed,17845.420792,6.321236,17846.000000,0.579208,6.000000,18659.000,813.000,16093.440000,0.000,258.451,25.137089,813,3.524420,1.554770
veh_002969,completed,17855.671787,10.250995,17856.000000,0.328213,10.000000,18660.000,804.000,16093.440000,0.000,250.080,24.188070,804,1.443786,1.744771
veh_002970,completed,17863.211875,7.540087,17864.000000,0.788125,8.000000,18666.000,802.000,16093.440000,0.000,247.761,20.285923,802,3.834455,1.935994
veh_002971,completed,17871.927272,8.715398,17872.000000,0.072728,8.000000,18668.000,796.000,16093.440000,0.000,241.682,23.128539,796,2.836169,1.513415
veh_002972,completed,17879.927213,7.999940,17880.000000,0.072787,8.000000,18670.000,790.000,16093.440000,0.000,235.798,23.516402,790,2.749610,1.921538
veh_002973,completed,17887.174070,7.246857,17888.000000,0.825930,8.000000,18682.000,794.000,16093.440000,0.000,240.099,19.429654,794,2.649270,2.016296
veh_002974,completed,17891.165268,3.991197,17892.000000,0.834732,4.000000,18696.000,804.000,16093.440000,0.000,249.868,20.426422,804,2.791555,1.950220
veh_002975,completed,17894.764728,3.599461,17895.000000,0.235272,3.000000,18698.000,803.000,16093.440000,0.000,248.939,24.584454,803,2.708277,1.741684
veh_002976,completed,17899.652704,4.887976,17900.000000,0.347296,5.000000,18711.000,811.000,16093.440000,0.000,257.090,21.478898,811,4.053805,2.116349
veh_002977,completed,17906.040240,6.387536,17907.000000,0.959760,7.000000,18734.000,827.000,16093.440000,0.000,272.815,20.242273,827,4.052298,2.010460
veh_002978,completed,17912.041861,6.001621,17913.000000,0.958139,6.000000,18738.000,825.000,16093.440000,0.000,270.842,20.720228,825,2.469078,1.733855
veh_002979,completed,17918.603918,6.562057,17919.000000,0.396082,6.000000,18740.000,821.000,16093.440000,0.000,266.777,22.056984,821,3.839999,1.761366
veh_002980,completed,17924.573921,5.970003,17925.000000,0.426079,6.000000,18750.000,825.000,16093.440000,0.000,270.796,19.935721,825,1.812013,1.883657
veh_002981,completed,17931.290563,6.716642,17932.000000,0.709437,7.000000,18752.000,820.000,16093.440000,0.000,265.851,20.268960,820,4.523064,1.578565
veh_002982,completed,17938.771886,7.481323,17939.000000,0.228114,7.000000,18763.000,824.000,16093.440000,0.000,269.692,20.864017,824,4.037299,1.737191
veh_002983,completed,17944.783811,6.011925,17945.000000,0.216189,6.000000,18765.000,820.000,16093.440000,0.000,265.567,20.114374,820,2.996072,1.537369
veh_002984,completed,17950.351833,5.568022,17951.000000,0.648167,6.000000,18767.000,816.000,16093.440000,0.000,261.816,24.192843,816,3.272431,2.175617
veh_002985,completed,17952.419892,2.068059,17953.000000,0.580108,2.000000,18769.000,816.000,16093.440000,0.000,262.052,22.622655,816,3.673735,1.657691
veh_002986,completed,17959.728218,7.308325,17960.000000,0.271782,7.000000,18789.000,829.000,16093.440000,0.000,275.116,19.982238,829,2.888978,2.012406
veh_002987,completed,17964.568212,4.839995,17965.000000,0.431788,5.000000,18791.000,826.000,16093.440000,0.000,271.926,21.798553,826,4.679739,1.531264
veh_002988,completed,17969.204498,4.636286,17970.000000,0.795502,5.000000,18793.000,823.000,16093.440000,0.000,268.731,23.516310,823,2.466268,1.421780
veh_002989,completed,17976.506029,7.301531,17977.000000,0.493971,7.000000,18826.000,849.000,16093.440000,0.000,294.706,19.141498,849,2.723432,1.602650
veh_002990,completed,17983.883693,7.377663,17984.000000,0.116307,7.000000,18828.000,844.000,16093.440000,0.000,289.814,23.897982,844,2.771143,2.048536
veh_002991,completed,17990.903641,7.019949,17991.000000,0.096359,7.000000,18847.000,856.000,16093.440000,0.000,302.135,18.733275,856,3.502604,1.776703
veh_002992,completed,17998.333152,7.429511,17999.000000,0.666848,8.000000,18850.000,851.000,16093.440000,0.000,296.628,21.408620,851,2.366619,2.060012
veh_002993,completed,18002.692061,4.358909,18003.000000,0.307939,4.000000,18852.000,849.000,16093.440000,0.000,294.785,24.330646,849,2.934670,1.947219
veh_002994,completed,18008.348265,5.656204,18009.000000,0.651735,6.000000,18855.000,846.000,16093.440000,0.000,291.466,26.456313,846,4.134497,2.436227
veh_002995,completed,18013.523251,5.174986,18014.000000,0.476749,5.000000,18858.000,844.000,16093.440000,0.000,289.381,19.642545,844,1.755160,1.791795
veh_002996,completed,18022.118020,8.594769,18023.000000,0.881980,9.000000,18859.000,836.000,16093.440000,0.000,282.047,22.483469,836,3.429679,1.824037
veh_002997,completed,18029.413725,7.295705,18030.000000,0.586275,7.000000,18862.000,832.000,16093.440000,0.000,277.718,19.806074,832,2.854898,1.719075
veh_002998,completed,18035.047812,5.634088,18036.000000,0.952188,6.000000,18864.000,828.000,16093.440000,0.000,274.078,21.656650,828,3.201741,1.997280
veh_002999,completed,18042.309996,7.262183,18043.000000,0.690004,7.000000,18867.000,824.000,16093.440000,0.000,269.612,25.980061,824,2.521709,2.104358
veh_003000,completed,18048.872052,6.562057,18049.000000,0.127948,6.000000,18869.000,820.000,16093.440000,0.000,265.855,19.456118,820,3.397246,1.574423
veh_003001,completed,18054.695897,5.823844,18055.000000,0.304103,6.000000,18871.000,816.000,16093.440000,0.000,261.923,23.094850,816,4.455458,1.724756
veh_003002,completed,18061.396219,6.700322,18062.000000,0.603781,7.000000,18914.000,852.000,16093.440000,0.000,297.857,18.890770,852,3.176388,1.936342
veh_003003,completed,18068.672096,7.275878,18069.000000,0.327904,7.000000,18917.000,848.000,16093.440000,0.000,293.764,21.320559,848,2.551456,2.469081
veh_003004,completed,18074.458869,5.786772,18075.000000,0.541131,6.000000,18920.000,845.000,16093.440000,0.000,290.465,22.262236,845,3.510094,2.092106
veh_003005,completed,18078.583135,4.124266,18079.000000,0.416865,4.000000,18921.000,842.000,16093.440000,0.000,288.154,25.153066,842,3.235182,1.805385
veh_003006,completed,18085.115009,6.531874,18086.000000,0.884991,7.000000,18924.000,838.000,16093.440000,0.000,283.854,21.749330,838,4.490546,2.103666
veh_003007,completed,18090.718919,5.603910,18091.000000,0.281081,5.000000,18941.000,850.000,16093.440000,0.000,295.876,18.906793,850,2.186952,1.542524
veh_003008,completed,18095.000892,4.281973,18096.000000,0.999108,5.000000,18944.000,848.000,16093.440000,0.000,293.422,24.002874,848,3.939681,1.873423
veh_003009,completed,18099.848557,4.847666,18100.000000,0.151443,4.000000,18973.000,873.000,16093.440000,0.000,318.739,18.978879,873,3.544722,1.931567
veh_003010,completed,18105.474370,5.625813,18106.000000,0.525630,6.000000,18975.000,869.000,16093.440000,0.000,315.074,24.821577,869,2.961596,2.227804
veh_003011,completed,18111.515117,6.040747,18112.000000,0.484883,6.000000,18977.000,865.000,16093.440000,0.000,311.126,20.882427,865,3.080077,1.724702
veh_003012,completed,18118.357650,6.842533,18119.000000,0.642350,7.000000,18980.000,861.000,16093.440000,0.000,306.463,21.704889,861,2.414600,1.824895
veh_003013,completed,18124.038934,5.681284,18125.000000,0.961066,6.000000,18982.000,857.000,16093.440000,0.000,302.492,23.235892,857,2.395726,1.826366
veh_003014,completed,18130.713795,6.674861,18131.000000,0.286205,6.000000,18984.000,853.000,16093.440000,0.000,298.538,22.778714,853,3.677551,1.738509
veh_003015,completed,18136.153737,5.439942,18137.000000,0.846263,6.000000,19001.000,864.000,16093.440000,0.000,309.553,19.965192,864,3.433727,2.127655
veh_003016,completed,18142.972227,6.818490,18143.000000,0.027773,6.000000,19003.000,860.000,16093.440000,0.000,305.654,25.916114,860,2.816775,1.840002
veh_003017,completed,18149.576835,6.604608,18150.000000,0.423165,7.000000,19007.000,857.000,16093.440000,0.000,303.070,19.590737,857,3.907177,1.511136
veh_003018,completed,18156.430591,6.853756,18157.000000,0.569409,7.000000,19010.000,853.000,16093.440000,0.000,298.866,24.733427,853,3.061135,2.183030
veh_003019,completed,18164.586310,8.155719,18165.000000,0.413690,8.000000,19012.000,847.000,16093.440000,0.000,292.429,22.560805,847,3.670841,1.401209
veh_003020,completed,18170.162056,5.575747,18171.000000,0.837944,6.000000,19014.000,843.000,16093.440000,0.000,289.155,22.069596,843,2.868829,1.920632
veh_003021,completed,18173.772166,3.610110,18174.000000,0.227834,3.000000,19016.000,842.000,16093.440000,0.000,287.955,23.773465,842,2.432527,1.382001
veh_003022,completed,18179.655357,5.883191,18180.000000,0.344643,6.000000,19045.000,865.000,16093.440000,0.000,310.862,18.751494,865,2.049086,1.454935
veh_003023,completed,18186.869504,7.214147,18187.000000,0.130496,7.000000,19050.000,863.000,16093.440000,0.000,308.800,20.050194,863,2.751112,1.820433
veh_003024,completed,18192.906913,6.037409,18193.000000,0.093087,6.000000,19053.000,860.000,16093.440000,0.000,305.540,19.825110,860,3.110942,2.053894
veh_003025,completed,18199.384086,6.477173,18200.000000,0.615914,7.000000,19055.000,855.000,16093.440000,0.000,300.689,22.242760,855,3.786754,1.572444
veh_003026,completed,18202.800099,3.416013,18203.000000,0.199901,3.000000,19057.000,854.000,16093.440000,0.000,300.080,21.263861,854,3.124780,2.142081
veh_003027,completed,18207.548884,4.748785,18208.000000,0.451116,5.000000,19060.000,852.000,16093.440000,0.000,297.463,23.321561,852,1.883044,1.900210
veh_003028,completed,18214.356960,6.808076,18215.000000,0.643040,7.000000,19064.000,849.000,16093.440000,0.000,295.030,19.629547,849,3.719332,1.410971
veh_003029,completed,18221.523638,7.166678,18222.000000,0.476362,7.000000,19067.000,845.000,16093.440000,0.000,290.597,23.479304,845,3.223687,2.208215
veh_003030,completed,18226.397998,4.874360,18227.000000,0.602002,5.000000,19069.000,842.000,16093.440000,0.000,287.784,25.896031,842,3.598193,1.972286
veh_003031,completed,18232.948514,6.550516,18233.000000,0.051486,6.000000,19070.000,837.000,16093.440000,0.000,283.124,21.463534,837,2.147231,1.162877
veh_003032,completed,18237.882004,4.933490,18238.000000,0.117996,5.000000,19072.000,834.000,16093.440000,0.000,279.890,25.029265,834,2.857738,1.699018
veh_003033,completed,18242.153337,4.271333,18243.000000,0.846663,5.000000,19074.000,831.000,16093.440000,0.000,276.785,21.722921,831,4.282297,1.599283
veh_003034,completed,18248.259850,6.106513,18249.000000,0.740150,6.000000,19076.000,827.000,16093.440000,0.000,272.665,22.154141,827,3.715173,1.833378
veh_003035,completed,18254.585399,6.325549,18255.000000,0.414601,6.000000,19078.000,823.000,16093.440000,0.000,268.604,21.997028,823,3.812325,1.816319
veh_003036,completed,18261.179982,6.594583,18262.000000,0.820018,7.000000,19083.000,821.000,16093.440000,0.000,266.622,19.388933,821,1.516561,1.994339
veh_003037,completed,18268.275050,7.095068,18269.000000,0.724950,7.000000,19085.000,816.000,16093.440000,0.000,261.524,21.743498,816,3.037802,1.285409
veh_003038,completed,18276.790722,8.515672,18277.000000,0.209278,8.000000,19087.000,810.000,16093.440000,0.000,255.582,24.014526,810,3.494563,1.791729
veh_003039,completed,18284.213847,7.423125,18285.000000,0.786153,8.000000,19095.000,810.000,16093.440000,0.000,255.800,20.877127,810,2.910323,1.862598
veh_003040,completed,18289.672574,5.458727,18290.000000,0.327426,5.000000,19098.000,808.000,16093.440000,0.000,253.371,24.204036,808,2.214999,2.545270
veh_003041,completed,18297.082107,7.409533,18298.000000,0.917893,8.000000,19106.000,808.000,16093.440000,0.000,253.699,20.628349,808,2.637140,2.089066
veh_003042,completed,18300.880830,3.798724,18301.000000,0.119170,3.000000,19113.000,812.000,16093.440000,0.000,257.863,20.956239,812,1.363132,1.348514
veh_003043,completed,18307.031869,6.151039,18308.000000,0.968131,7.000000,19115.000,807.000,16093.440000,0.000,252.930,24.683152,807,2.522370,1.761102
veh_003044,completed,18314.612087,7.580218,18315.000000,0.387913,7.000000,19118.000,803.000,16093.440000,0.000,248.636,21.143651,803,3.023598,1.796079
veh_003045,completed,18321.630830,7.018743,18322.000000,0.369170,7.000000,19121.000,799.000,16093.440000,0.000,245.059,22.133397,799,3.491346,2.009250
veh_003046,completed,18328.873191,7.242361,18329.000000,0.126809,7.000000,19123.000,794.000,16093.440000,0.000,240.134,22.843663,794,2.910784,1.948373
veh_003047,completed,18337.738250,8.865059,18338.000000,0.261750,9.000000,19125.000,787.000,16093.440000,0.000,232.950,24.957205,787,3.301075,1.737337
veh_003048,completed,18342.627136,4.888886,18343.000000,0.372864,5.000000,19197.000,854.000,16093.440000,0.000,299.658,18.933636,854,3.211894,2.015207
veh_003049,completed,18349.819302,7.192166,18350.000000,0.180698,7.000000,19199.000,849.000,16093.440000,0.000,294.690,20.496921,849,4.318080,1.897356
veh_003050,completed,18355.679296,5.859994,18356.000000,0.320704,6.000000,19212.000,856.000,16093.440000,0.000,302.137,19.801699,856,1.433646,2.062343
veh_003051,completed,18363.351296,7.672000,18364.000000,0.648704,8.000000,19214.000,850.000,16093.440000,0.000,296.003,24.479112,850,2.338244,1.553878
veh_003052,completed,18369.527725,6.176429,18370.000000,0.472275,6.000000,19216.000,846.000,16093.440000,0.000,291.756,22.569680,846,1.760759,1.856459
veh_003053,completed,18376.700847,7.173122,18377.000000,0.299153,7.000000,19218.000,841.000,16093.440000,0.000,286.873,26.593560,841,1.992584,1.868240
veh_003054,completed,18385.021001,8.320154,18386.000000,0.978999,9.000000,19220.000,834.000,16093.440000,0.000,279.782,23.680341,834,3.195592,1.419462
veh_003055,completed,18391.967375,6.946373,18392.000000,0.032625,6.000000,19222.000,830.000,16093.440000,0.000,275.761,24.648004,830,2.942357,1.930585
veh_003056,completed,18397.652651,5.685276,18398.000000,0.347349,6.000000,19225.000,827.000,16093.440000,0.000,272.737,21.775751,827,2.503208,1.619989
veh_003057,completed,18403.101135,5.448485,18404.000000,0.898865,6.000000,19227.000,823.000,16093.440000,0.000,268.692,24.227648,823,2.530336,1.729222
veh_003058,completed,18408.060081,4.958946,18409.000000,0.939919,5.000000,19230.000,821.000,16093.440000,0.000,266.970,19.762154,821,3.926638,2.105634
veh_003059,completed,18415.617252,7.557171,18416.000000,0.382748,7.000000,19252.000,836.000,16093.440000,0.000,282.081,20.474732,836,1.757696,1.787328
veh_003060,completed,18423.585726,7.968474,18424.000000,0.414274,8.000000,19254.000,830.000,16093.440000,0.000,276.070,22.404183,830,3.173213,1.728863
veh_003061,completed,18429.219256,5.633530,18430.000000,0.780744,6.000000,19265.000,835.000,16093.440000,0.000,280.585,19.626255,835,2.698714,1.704729
veh_003062,completed,18432.505204,3.285948,18433.000000,0.494796,3.000000,19266.000,833.000,16093.440000,0.000,279.133,22.836384,833,3.374166,1.853107
veh_003063,completed,18437.554933,5.049729,18438.000000,0.445067,5.000000,19269.000,831.000,16093.440000,0.000,276.470,22.108604,831,3.264488,1.780613
veh_003064,completed,18444.205915,6.650982,18445.000000,0.794085,7.000000,19271.000,826.000,16093.440000,0.000,271.701,22.425144,826,2.786512,2.164230
veh_003065,completed,18448.785741,4.579826,18449.000000,0.214259,4.000000,19273.000,824.000,16093.440000,0.000,269.801,21.628871,824,2.855181,1.838790
veh_003066,completed,18451.847998,3.062257,18452.000000,0.152002,3.000000,19276.000,824.000,16093.440000,0.000,269.647,23.411055,824,3.653786,2.101823
veh_003067,completed,18457.181358,5.333360,18458.000000,0.818642,6.000000,19278.000,820.000,16093.440000,0.000,265.485,22.722810,820,1.841484,1.435106
veh_003068,completed,18460.121075,2.939717,18461.000000,0.878925,3.000000,19280.000,819.000,16093.440000,0.000,264.982,24.312543,819,2.758523,2.197570
veh_003069,completed,18466.609238,6.488163,18467.000000,0.390762,6.000000,19288.000,821.000,16093.440000,0.000,267.021,19.472828,821,2.971147,1.431690
veh_003070,completed,18472.007626,5.398388,18473.000000,0.992374,6.000000,19290.000,817.000,16093.440000,0.000,263.047,22.895125,817,4.380704,1.753310
veh_003071,completed,18478.098027,6.090401,18479.000000,0.901973,6.000000,19293.000,814.000,16093.440000,0.000,259.446,20.710071,814,1.831241,1.461059
veh_003072,completed,18486.043012,7.944985,18487.000000,0.956988,8.000000,19295.000,808.000,16093.440000,0.000,253.830,21.769478,808,2.202675,2.213631
veh_003073,completed,18490.681109,4.638096,18491.000000,0.318891,4.000000,19297.000,806.000,16093.440000,0.000,251.522,23.997936,806,3.768094,1.454647
veh_003074,completed,18493.459254,2.778145,18494.000000,0.540746,3.000000,19298.000,804.000,16093.440000,0.000,250.094,23.533012,804,2.355444,1.463695
veh_003075,completed,18499.416710,5.957456,18500.000000,0.583290,6.000000,19301.000,801.000,16093.440000,0.000,246.571,20.711776,801,3.401197,1.909126
veh_003076,completed,18506.120155,6.703444,18507.000000,0.879845,7.000000,19330.000,823.000,16093.440000,0.000,268.418,19.514736,823,3.229781,1.888992
veh_003077,completed,18509.975840,3.855685,18510.000000,0.024160,3.000000,19337.000,827.000,16093.440000,0.000,272.508,22.324076,827,3.170942,1.484287
veh_003078,completed,18515.423152,5.447312,18516.000000,0.576848,6.000000,19338.000,822.000,16093.440000,0.000,267.850,22.634992,822,2.893971,1.307154
veh_003079,completed,18520.902356,5.479204,18521.000000,0.097644,5.000000,19340.000,819.000,16093.440000,0.000,264.933,25.852526,819,1.027675,1.636086
veh_003080,completed,18526.944086,6.041730,18527.000000,0.055914,6.000000,19342.000,815.000,16093.440000,0.000,260.619,24.304478,815,2.753805,1.653837
veh_003081,completed,18532.020843,5.076757,18533.000000,0.979157,6.000000,19344.000,811.000,16093.440000,0.000,256.550,23.160301,811,3.851980,1.660535
veh_003082,completed,18542.016037,9.995194,18543.000000,0.983963,10.000000,19346.000,803.000,16093.440000,0.000,249.064,22.416945,803,2.362939,1.597267
veh_003083,completed,18547.622367,5.606330,18548.000000,0.377633,5.000000,19390.000,842.000,16093.440000,0.000,288.077,19.183577,842,2.920386,1.832475
veh_003084,completed,18553.902153,6.279786,18554.000000,0.097847,6.000000,19393.000,839.000,16093.440000,0.000,284.401,23.137683,839,2.476747,1.684669
veh_003085,completed,18559.175026,5.272872,18560.000000,0.824974,6.000000,19475.000,915.000,16093.440000,0.000,360.665,18.039980,915,3.398041,1.993329
veh_003086,completed,18561.210366,2.035341,18562.000000,0.789634,2.000000,19477.000,915.000,16093.440000,0.000,360.643,21.181926,915,3.487579,1.742395
veh_003087,completed,18569.281722,8.071356,18570.000000,0.718278,8.000000,19479.000,909.000,16093.440000,0.000,354.799,23.662321,909,3.130164,2.028088
veh_003088,completed,18577.316950,8.035228,18578.000000,0.683050,8.000000,19481.000,903.000,16093.440000,0.000,348.757,20.611461,903,2.712565,1.843624
veh_003089,completed,18581.334809,4.017859,18582.000000,0.665191,4.000000,19483.000,901.000,16093.440000,0.000,346.413,21.455089,901,2.579730,1.381065
veh_003090,completed,18585.296426,3.961618,18586.000000,0.703574,4.000000,19486.000,900.000,16093.440000,0.000,345.729,19.555355,900,2.475189,1.857108
veh_003091,completed,18591.133077,5.836651,18592.000000,0.866923,6.000000,19488.000,896.000,16093.440000,0.000,341.807,25.124105,896,3.745965,2.164439
veh_003092,completed,18600.426932,9.293855,18601.000000,0.573068,9.000000,19490.000,889.000,16093.440000,0.000,334.808,22.200567,889,2.777730,1.771943
veh_003093,completed,18606.906336,6.479404,18607.000000,0.093664,6.000000,19492.000,885.000,16093.440000,0.000,330.614,24.085456,885,2.290994,1.417392
veh_003094,completed,18612.619448,5.713112,18613.000000,0.380552,6.000000,19494.000,881.000,16093.440000,0.000,326.884,20.747593,881,2.112588,2.187685
veh_003095,completed,18617.467849,4.848401,18618.000000,0.532151,5.000000,19496.000,878.000,16093.440000,0.000,324.032,22.790753,878,2.778262,1.980948
veh_003096,completed,18624.443934,6.976085,18625.000000,0.556066,7.000000,19498.000,873.000,16093.440000,0.000,319.016,25.501769,873,2.995082,1.753843
veh_003097,completed,18629.888799,5.444865,18630.000000,0.111201,5.000000,19500.000,870.000,16093.440000,0.000,316.072,21.240631,870,2.248687,1.472359
veh_003098,completed,18636.959505,7.070706,18637.000000,0.040495,7.000000,19502.000,865.000,16093.440000,0.000,310.867,21.265429,865,3.553673,1.404490
veh_003099,completed,18640.014289,3.054785,18641.000000,0.985711,4.000000,19504.000,863.000,16093.440000,0.000,308.623,24.541508,863,3.451685,1.546773
veh_003100,completed,18646.806952,6.792663,18647.000000,0.193048,6.000000,19506.000,859.000,16093.440000,0.000,304.656,21.584277,859,3.935753,1.476267
veh_003101,completed,18653.283940,6.476987,18654.000000,0.716060,7.000000,19507.000,853.000,16093.440000,0.000,299.067,21.853676,853,3.211015,1.453666
veh_003102,completed,18657.243604,3.959664,18658.000000,0.756396,4.000000,19509.000,851.000,16093.440000,0.000,296.878,25.553346,851,3.711689,1.067037
veh_003103,completed,18661.694652,4.451048,18662.000000,0.305348,4.000000,19512.000,850.000,16093.440000,0.000,295.337,22.395593,850,3.545012,2.090402
veh_003104,completed,18667.473588,5.778936,18668.000000,0.526412,6.000000,19514.000,846.000,16093.440000,0.000,291.727,20.864994,846,3.705765,1.390278
veh_003105,completed,18672.743824,5.270236,18673.000000,0.256176,5.000000,19516.000,843.000,16093.440000,0.000,288.879,22.391348,843,3.768319,2.003923
veh_003106,completed,18679.178863,6.435039,18680.000000,0.821137,7.000000,19518.000,838.000,16093.440000,0.000,283.849,25.694256,838,2.975396,1.647881
veh_003107,completed,18683.026845,3.847982,18684.000000,0.973155,4.000000,19520.000,836.000,16093.440000,0.000,281.868,20.471346,836,2.019837,1.644120
veh_003108,completed,18687.699999,4.673154,18688.000000,0.300001,4.000000,19603.000,915.000,16093.440000,0.000,360.670,18.378927,915,3.983684,1.654273
veh_003109,completed,18696.871008,9.171009,18697.000000,0.128992,9.000000,19605.000,908.000,16093.440000,0.000,353.675,23.377880,908,3.679029,1.274398
veh_003110,completed,18701.607443,4.736435,18702.000000,0.392557,5.000000,19610.000,908.000,16093.440000,0.000,353.542,21.094345,908,3.309433,1.982447
veh_003111,completed,18706.968282,5.360839,18707.000000,0.031718,5.000000,19612.000,905.000,16093.440000,0.000,350.391,23.978031,905,2.525954,1.643931
veh_003112,completed,18712.702668,5.734386,18713.000000,0.297332,6.000000,19614.000,901.000,16093.440000,0.000,346.589,23.983141,901,5.212148,1.783210
veh_003113,completed,18718.284934,5.582267,18719.000000,0.715066,6.000000,19616.000,897.000,16093.440000,0.000,343.096,25.157394,897,2.950677,1.943868
veh_003114,completed,18726.095284,7.810349,18727.000000,0.904716,8.000000,19620.000,893.000,16093.440000,0.000,338.776,20.933334,893,2.495409,1.505301
veh_003115,completed,18731.237026,5.141742,18732.000000,0.762974,5.000000,19622.000,890.000,16093.440000,0.000,335.878,24.887897,890,3.028389,1.765166
veh_003116,completed,18738.519420,7.282394,18739.000000,0.480580,7.000000,19625.000,886.000,16093.440000,0.000,331.403,24.787821,886,2.174339,1.884055
veh_003117,completed,18743.236241,4.716821,18744.000000,0.763759,5.000000,19635.000,891.000,16093.440000,0.000,336.635,19.334280,891,4.352991,1.872325
veh_003118,completed,18750.395859,7.159618,18751.000000,0.604141,7.000000,19637.000,886.000,16093.440000,0.000,331.813,24.431267,886,3.703216,1.702508
veh_003119,completed,18756.074742,5.678883,18757.000000,0.925258,6.000000,19639.000,882.000,16093.440000,0.000,327.503,23.163187,882,1.556091,1.477191
veh_003120,completed,18761.812599,5.737857,18762.000000,0.187401,5.000000,19640.000,878.000,16093.440000,0.000,323.992,21.568998,878,2.998584,1.501469
veh_003121,completed,18767.679671,5.867072,18768.000000,0.320329,6.000000,19642.000,874.000,16093.440000,0.000,319.777,24.486845,874,2.247764,1.575858
veh_003122,completed,18774.505042,6.825371,18775.000000,0.494958,7.000000,19644.000,869.000,16093.440000,0.000,314.795,19.826061,869,2.140960,1.844145
veh_003123,completed,18778.714848,4.209806,18779.000000,0.285152,4.000000,19646.000,867.000,16093.440000,0.000,312.900,25.942674,867,2.627806,2.103409
veh_003124,completed,18783.259172,4.544324,18784.000000,0.740828,5.000000,19648.000,864.000,16093.440000,0.000,309.859,23.476544,864,4.062751,2.036267
veh_003125,completed,18792.315011,9.055839,18793.000000,0.684989,9.000000,19650.000,857.000,16093.440000,0.000,303.055,20.503732,857,3.289093,1.850590
veh_003126,completed,18799.074748,6.759738,18800.000000,0.925252,7.000000,19652.000,852.000,16093.440000,0.000,297.765,26.787954,852,3.776985,1.124449
veh_003127,completed,18804.533426,5.458678,18805.000000,0.466574,5.000000,19655.000,850.000,16093.440000,0.000,295.430,21.360652,850,3.252531,2.166429
veh_003128,completed,18811.496559,6.963133,18812.000000,0.503441,7.000000,19656.000,844.000,16093.440000,0.000,290.114,23.272859,844,3.335894,1.766651
veh_003129,completed,18817.406353,5.909794,18818.000000,0.593647,6.000000,19659.000,841.000,16093.440000,0.000,286.863,21.450975,841,4.112877,2.064998
veh_003130,completed,18820.029245,2.622892,18821.000000,0.970755,3.000000,19661.000,840.000,16093.440000,0.000,285.479,23.327270,840,2.642176,1.207880
veh_003131,completed,18826.271240,6.241995,18827.000000,0.728760,6.000000,19667.000,840.000,16093.440000,0.000,285.633,19.020208,840,4.063935,2.326436
veh_003132,completed,18832.088428,5.817188,18833.000000,0.911572,6.000000,19669.000,836.000,16093.440000,0.000,281.914,24.015568,836,2.180341,1.681645
veh_003133,completed,18838.612130,6.523702,18839.000000,0.387870,6.000000,19705.000,866.000,16093.440000,0.000,312.111,19.337765,866,4.813206,1.640809
veh_003134,completed,18843.450039,4.837909,18844.000000,0.549961,5.000000,19707.000,863.000,16093.440000,0.000,308.989,24.427876,863,3.396694,1.609435
veh_003135,completed,18849.119362,5.669323,18850.000000,0.880638,6.000000,19710.000,860.000,16093.440000,0.000,305.498,23.732189,860,4.044551,2.292270
veh_003136,completed,18856.832550,7.713188,18857.000000,0.167450,7.000000,19712.000,855.000,16093.440000,0.000,301.013,23.897638,855,3.679845,2.393467
veh_003137,completed,18862.606283,5.773733,18863.000000,0.393717,6.000000,19714.000,851.000,16093.440000,0.000,296.708,20.408676,851,3.223241,1.132640
veh_003138,completed,18867.962839,5.356555,18868.000000,0.037161,5.000000,19745.000,877.000,16093.440000,0.000,322.755,18.392501,877,3.305496,1.397170
veh_003139,completed,18874.510419,6.547580,18875.000000,0.489581,7.000000,19747.000,872.000,16093.440000,0.000,317.768,21.407018,872,2.852053,1.875569
veh_003140,completed,18879.919169,5.408750,18880.000000,0.080831,5.000000,19749.000,869.000,16093.440000,0.000,314.986,25.074500,869,2.496521,2.080479
veh_003141,completed,18887.520959,7.601790,18888.000000,0.479041,8.000000,19760.000,872.000,16093.440000,0.000,318.017,19.901556,872,2.280926,1.354907
veh_003142,completed,18893.259201,5.738242,18894.000000,0.740799,6.000000,19763.000,869.000,16093.440000,0.000,314.722,24.576838,869,2.036614,2.328131
veh_003143,completed,18899.804257,6.545056,18900.000000,0.195743,6.000000,19764.000,864.000,16093.440000,0.000,310.137,24.978926,864,2.393424,1.411532
veh_003144,completed,18904.748067,4.943810,18905.000000,0.251933,5.000000,19766.000,861.000,16093.440000,0.000,306.769,21.409729,861,2.506144,1.423761
veh_003145,completed,18908.876371,4.128303,18909.000000,0.123629,4.000000,19768.000,859.000,16093.440000,0.000,304.815,23.573755,859,2.820451,1.984765
veh_003146,completed,18915.955333,7.078962,18916.000000,0.044667,7.000000,19770.000,854.000,16093.440000,0.000,299.759,20.608808,854,2.936298,1.415718
veh_003147,completed,18922.348323,6.392990,18923.000000,0.651677,7.000000,19772.000,849.000,16093.440000,0.000,295.115,21.991196,849,3.814311,1.840910
veh_003148,completed,18929.304480,6.956157,18930.000000,0.695520,7.000000,19775.000,845.000,16093.440000,0.000,290.818,20.784376,845,2.156954,1.211076
veh_003149,completed,18936.409502,7.105022,18937.000000,0.590498,7.000000,19777.000,840.000,16093.440000,0.000,285.926,21.441752,840,3.769561,1.832738
veh_003150,completed,18940.205611,3.796108,18941.000000,0.794389,4.000000,19793.000,852.000,16093.440000,0.000,297.905,19.549534,852,3.707496,1.819956
veh_003151,completed,18946.385289,6.179678,18947.000000,0.614711,6.000000,19795.000,848.000,16093.440000,0.000,293.947,22.677209,848,3.356378,1.760142
veh_003152,completed,18949.376561,2.991272,18950.000000,0.623439,3.000000,19797.000,847.000,16093.440000,0.000,292.986,21.485348,847,4.594875,1.790649
veh_003153,completed,18956.155602,6.779041,18957.000000,0.844398,7.000000,19799.000,842.000,16093.440000,0.000,287.661,22.942932,842,2.181609,1.170296
veh_003154,completed,18960.527158,4.371557,18961.000000,0.472842,4.000000,19801.000,840.000,16093.440000,0.000,286.024,25.133683,840,4.250295,1.900590
veh_003155,completed,18967.228118,6.700960,18968.000000,0.771882,7.000000,19804.000,836.000,16093.440000,0.000,281.871,21.074730,836,3.466594,1.487874
veh_003156,completed,18974.317050,7.088932,18975.000000,0.682950,7.000000,19806.000,831.000,16093.440000,0.000,276.723,19.111081,831,1.928124,1.396116
veh_003157,completed,18979.507851,5.190801,18980.000000,0.492149,5.000000,19808.000,828.000,16093.440000,0.000,273.522,25.100713,828,2.144033,1.640201
veh_003158,completed,18985.473281,5.965429,18986.000000,0.526719,6.000000,19810.000,824.000,16093.440000,0.000,269.648,24.862725,824,2.407859,1.921223
veh_003159,completed,18993.306755,7.833474,18994.000000,0.693245,8.000000,19818.000,824.000,16093.440000,0.000,269.614,20.693352,824,2.688449,2.035149
veh_003160,completed,18996.825908,3.519153,18997.000000,0.174092,3.000000,19827.000,830.000,16093.440000,0.000,275.906,21.526798,830,1.279369,1.236018
veh_003161,completed,19003.791358,6.965450,19004.000000,0.208642,7.000000,19845.000,841.000,16093.440000,0.000,286.773,18.939415,841,2.317120,1.282621
veh_003162,completed,19009.968923,6.177565,19010.000000,0.031077,6.000000,19846.000,836.000,16093.440000,0.000,282.086,21.043661,836,2.788733,1.080575
veh_003163,completed,19017.391141,7.422218,19018.000000,0.608859,8.000000,19848.000,830.000,16093.440000,0.000,275.967,20.687089,830,3.183416,1.721043
veh_003164,completed,19020.913305,3.522163,19021.000000,0.086695,3.000000,19850.000,829.000,16093.440000,0.000,275.100,21.963590,829,3.522419,2.099957
veh_003165,completed,19026.918609,6.005305,19027.000000,0.081391,6.000000,19852.000,825.000,16093.440000,0.000,271.101,23.190595,825,4.135468,1.531141
veh_003166,completed,19034.574904,7.656295,19035.000000,0.425096,8.000000,19854.000,819.000,16093.440000,0.000,265.068,25.272812,819,2.231690,1.766460
veh_003167,completed,19042.613651,8.038746,19043.000000,0.386349,8.000000,19857.000,814.000,16093.440000,0.000,259.574,23.464445,814,4.202884,1.819585
veh_003168,completed,19047.459769,4.846119,19048.000000,0.540231,5.000000,19860.000,812.000,16093.440000,0.000,257.446,20.397360,812,4.070521,2.294332
veh_003169,completed,19053.040465,5.580696,19054.000000,0.959535,6.000000,19862.000,808.000,16093.440000,0.000,253.576,26.038362,808,1.807131,1.931772
veh_003170,completed,19061.802584,8.762119,19062.000000,0.197416,8.000000,19864.000,802.000,16093.440000,0.000,247.954,21.453468,802,2.515357,1.859553
veh_003171,completed,19065.672864,3.870280,19066.000000,0.327136,4.000000,19867.000,801.000,16093.440000,0.000,246.456,21.287615,801,3.010951,2.125109
veh_003172,completed,19071.604242,5.931378,19072.000000,0.395758,6.000000,19869.000,797.000,16093.440000,0.000,242.612,26.399151,797,3.429954,1.858839
veh_003173,completed,19077.870379,6.266137,19078.000000,0.129621,6.000000,19911.000,833.000,16093.440000,0.000,278.636,19.680945,833,3.246504,2.295222
veh_003174,completed,19084.132773,6.262394,19085.000000,0.867227,7.000000,19955.000,870.000,16093.440000,0.000,315.800,19.092636,870,2.511986,1.258175
veh_003175,completed,19088.731404,4.598631,19089.000000,0.268596,4.000000,19957.000,868.000,16093.440000,0.000,313.590,21.347802,868,2.535458,1.617685
veh_003176,completed,19096.178110,7.446705,19097.000000,0.821890,8.000000,19959.000,862.000,16093.440000,0.000,307.519,24.312009,862,2.705938,1.746429
veh_003177,completed,19103.510910,7.332800,19104.000000,0.489090,7.000000,19960.000,856.000,16093.440000,0.000,302.087,26.459699,856,1.982964,1.635996
veh_003178,completed,19112.235118,8.724208,19113.000000,0.764882,9.000000,19963.000,850.000,16093.440000,0.000,295.825,23.726884,850,2.649765,2.486208
veh_003179,completed,19117.045666,4.810548,19118.000000,0.954334,5.000000,19966.000,848.000,16093.440000,0.000,293.505,22.191567,848,3.174241,2.028604
veh_003180,completed,19122.323125,5.277459,19123.000000,0.676875,5.000000,19969.000,846.000,16093.440000,0.000,291.745,20.681035,846,3.473219,1.606309
veh_003181,completed,19129.968015,7.644890,19130.000000,0.031985,7.000000,19970.000,840.000,16093.440000,0.000,286.034,23.511374,840,3.277278,1.268266
veh_003182,completed,19138.691008,8.722993,19139.000000,0.308992,9.000000,19972.000,833.000,16093.440000,0.000,279.091,21.872324,833,1.768761,1.833415
veh_003183,completed,19144.676047,5.985039,19145.000000,0.323953,6.000000,19974.000,829.000,16093.440000,0.000,274.957,20.474389,829,2.371856,1.404188
veh_003184,completed,19148.384008,3.707961,19149.000000,0.615992,4.000000,20044.000,895.000,16093.440000,0.000,341.110,18.436409,895,2.719367,2.036727
veh_003185,completed,19154.059887,5.675879,19155.000000,0.940113,6.000000,20049.000,894.000,16093.440000,0.000,340.049,21.530205,894,3.838996,1.903041
veh_003186,completed,19161.506958,7.447071,19162.000000,0.493042,7.000000,20153.000,991.000,16093.440000,0.000,436.614,18.056352,991,3.366377,1.431357
veh_003187,completed,19168.524110,7.017152,19169.000000,0.475890,7.000000,20155.000,986.000,16093.440000,0.000,431.589,22.815127,986,2.444199,1.806314
veh_003188,completed,19176.193529,7.669419,19177.000000,0.806471,8.000000,20157.000,980.000,16093.440000,0.000,425.643,22.709101,980,2.814211,1.937437
veh_003189,completed,19185.080918,8.887390,19186.000000,0.919082,9.000000,20159.000,973.000,16093.440000,0.000,418.549,26.744161,973,2.613565,1.688244
veh_003190,completed,19190.433941,5.353022,19191.000000,0.566059,5.000000,20161.000,970.000,16093.440000,0.000,415.966,19.466420,970,3.179908,2.120967
veh_003191,completed,19195.077283,4.643342,19196.000000,0.922717,5.000000,20163.000,967.000,16093.440000,0.000,413.082,20.895185,967,3.310669,2.004220
veh_003192,completed,19199.273221,4.195938,19200.000000,0.726779,4.000000,20166.000,966.000,16093.440000,0.000,411.652,19.307939,966,2.350122,1.542760
veh_003193,completed,19205.089048,5.815827,19206.000000,0.910952,6.000000,20168.000,962.000,16093.440000,0.000,407.876,25.241942,962,3.973945,1.783485
veh_003194,completed,19212.617665,7.528617,19213.000000,0.382335,7.000000,20171.000,958.000,16093.440000,0.000,403.695,20.894912,958,3.266852,2.341628
veh_003195,completed,19221.208438,8.590773,19222.000000,0.791562,9.000000,20173.000,951.000,16093.440000,0.000,396.525,23.281271,951,3.610363,1.364273
veh_003196,completed,19227.536594,6.328157,19228.000000,0.463406,6.000000,20174.000,946.000,16093.440000,0.000,392.114,25.290881,946,3.521677,1.924377
veh_003197,completed,19233.558692,6.022098,19234.000000,0.441308,6.000000,20176.000,942.000,16093.440000,0.000,388.098,21.576404,942,2.907248,1.463421
veh_003198,completed,19239.359364,5.800672,19240.000000,0.640636,6.000000,20178.000,938.000,16093.440000,0.000,383.883,21.879946,938,3.365799,1.596864
veh_003199,completed,19247.198945,7.839581,19248.000000,0.801055,8.000000,20180.000,932.000,16093.440000,0.000,377.713,23.568983,932,2.683282,1.574461
veh_003200,completed,19252.055935,4.856990,19253.000000,0.944065,5.000000,20182.000,929.000,16093.440000,0.000,374.489,24.064752,929,2.285925,1.611536
veh_003201,completed,19257.898542,5.842607,19258.000000,0.101458,5.000000,20184.000,926.000,16093.440000,0.000,371.849,26.198624,926,2.806651,2.307560
veh_003202,completed,19263.782455,5.883913,19264.000000,0.217545,6.000000,20186.000,922.000,16093.440000,0.000,367.890,22.834697,922,2.426915,1.687112
veh_003203,completed,19269.741714,5.959259,19270.000000,0.258286,6.000000,20189.000,919.000,16093.440000,0.000,364.674,25.972718,919,3.986382,2.262561
veh_003204,completed,19278.454040,8.712327,19279.000000,0.545960,9.000000,20191.000,912.000,16093.440000,0.000,357.501,23.239299,912,2.971592,1.494497
veh_003205,completed,19283.116083,4.662042,19284.000000,0.883917,5.000000,20193.000,909.000,16093.440000,0.000,354.871,20.795786,909,3.021222,2.014219
veh_003206,completed,19292.798992,9.682909,19293.000000,0.201008,9.000000,20196.000,903.000,16093.440000,0.000,348.751,20.445407,903,2.606081,2.031461
veh_003207,completed,19297.816036,5.017044,19298.000000,0.183964,5.000000,20198.000,900.000,16093.440000,0.000,345.857,24.079376,900,4.273574,2.000021
veh_003208,completed,19302.585303,4.769267,19303.000000,0.414697,5.000000,20200.000,897.000,16093.440000,0.000,342.759,23.001878,897,3.960602,1.626593
veh_003209,completed,19307.593998,5.008695,19308.000000,0.406002,5.000000,20203.000,895.000,16093.440000,0.000,341.105,20.285371,895,3.391115,1.558944
veh_003210,completed,19314.567092,6.973093,19315.000000,0.432908,7.000000,20206.000,891.000,16093.440000,0.000,336.493,21.157038,891,2.037893,1.848419
veh_003211,completed,19320.545970,5.978878,19321.000000,0.454030,6.000000,20208.000,887.000,16093.440000,0.000,332.823,24.988243,887,4.358342,1.408615
veh_003212,completed,19328.227801,7.681832,19329.000000,0.772199,8.000000,20210.000,881.000,16093.440000,0.000,327.047,21.098125,881,2.250290,1.985681
veh_003213,completed,19332.992304,4.764502,19333.000000,0.007696,4.000000,20212.000,879.000,16093.440000,0.000,325.043,20.616576,879,2.597947,1.619846
veh_003214,completed,19336.482479,3.490175,19337.000000,0.517521,4.000000,20214.000,877.000,16093.440000,0.000,322.953,21.283688,877,1.443644,1.775542
veh_003215,completed,19341.926077,5.443598,19342.000000,0.073923,5.000000,20216.000,874.000,16093.440000,0.000,320.141,22.454356,874,4.294269,1.794753
veh_003216,completed,19348.345738,6.419661,19349.000000,0.654262,7.000000,20219.000,870.000,16093.440000,0.000,315.870,20.914814,870,3.548928,2.024292
veh_003217,completed,19352.141106,3.795368,19353.000000,0.858894,4.000000,20224.000,871.000,16093.440000,0.000,317.016,21.255137,871,3.925046,1.330529
veh_003218,completed,19357.981338,5.840232,19358.000000,0.018662,5.000000,20226.000,868.000,16093.440000,0.000,313.921,22.817990,868,2.951274,1.233399
veh_003219,completed,19364.784710,6.803372,19365.000000,0.215290,7.000000,20228.000,863.000,16093.440000,0.000,308.960,19.651009,863,2.656080,1.597897
veh_003220,completed,19369.574724,4.790013,19370.000000,0.425276,5.000000,20230.000,860.000,16093.440000,0.000,306.064,19.066734,860,1.268933,1.850418
veh_003221,completed,19374.338753,4.764029,19375.000000,0.661247,5.000000,20233.000,858.000,16093.440000,0.000,303.769,22.073680,858,2.988272,2.088111
veh_003222,completed,19378.695991,4.357238,19379.000000,0.304009,4.000000,20235.000,856.000,16093.440000,0.000,301.667,21.236077,856,2.789956,1.579398
veh_003223,completed,19384.480811,5.784820,19385.000000,0.519189,6.000000,20237.000,852.000,16093.440000,0.000,297.824,20.784433,852,3.214321,1.657748
veh_003224,completed,19391.165301,6.684490,19392.000000,0.834699,7.000000,20239.000,847.000,16093.440000,0.000,293.059,20.230334,847,3.357521,1.548287
veh_003225,completed,19401.286634,10.121333,19402.000000,0.713366,10.000000,20241.000,839.000,16093.440000,0.000,285.130,21.786478,839,3.594273,2.189954
veh_003226,completed,19409.034452,7.747818,19410.000000,0.965548,8.000000,20243.000,833.000,16093.440000,0.000,278.995,23.661057,833,1.828867,2.088192
veh_003227,completed,19413.141893,4.107441,19414.000000,0.858107,4.000000,20245.000,831.000,16093.440000,0.000,277.151,22.813332,831,1.885899,1.720004
veh_003228,completed,19416.836697,3.694804,19417.000000,0.163303,3.000000,20268.000,851.000,16093.440000,0.000,296.859,18.531149,851,2.971794,1.724948
veh_003229,completed,19422.671278,5.834581,19423.000000,0.328722,6.000000,20270.000,847.000,16093.440000,0.000,292.821,23.383485,847,2.320240,1.652410
veh_003230,completed,19431.029259,8.357981,19432.000000,0.970741,9.000000,20272.000,840.000,16093.440000,0.000,285.967,23.315985,840,2.799320,2.122205
veh_003231,completed,19438.014966,6.985706,19439.000000,0.985034,7.000000,20274.000,835.000,16093.440000,0.000,280.706,25.174555,835,3.171295,1.404631
veh_003232,completed,19443.223982,5.209016,19444.000000,0.776018,5.000000,20276.000,832.000,16093.440000,0.000,277.794,22.375286,832,3.103342,1.831392
veh_003233,completed,19450.726442,7.502460,19451.000000,0.273558,7.000000,20278.000,827.000,16093.440000,0.000,272.465,24.681607,827,3.376302,1.442965
veh_003234,completed,19458.792470,8.066028,19459.000000,0.207530,8.000000,20334.000,875.000,16093.440000,0.000,320.916,19.141254,875,2.315188,1.962358
veh_003235,completed,19466.985080,8.192611,19467.000000,0.014920,8.000000,20336.000,869.000,16093.440000,0.000,315.019,21.956398,869,2.230123,1.866920
veh_003236,completed,19471.385459,4.400378,19472.000000,0.614541,5.000000,20338.000,866.000,16093.440000,0.000,312.053,20.189735,866,3.151127,1.496988
veh_003237,completed,19478.041588,6.656129,19479.000000,0.958412,7.000000,20357.000,878.000,16093.440000,0.000,323.808,18.940709,878,3.557104,1.842409
veh_003238,completed,19482.119824,4.078236,19483.000000,0.880176,4.000000,20359.000,876.000,16093.440000,0.000,321.928,23.647445,876,1.896299,1.745121
veh_003239,completed,19486.911630,4.791806,19487.000000,0.088370,4.000000,20361.000,874.000,16093.440000,0.000,319.920,26.114729,874,2.838129,1.869360
veh_003240,completed,19490.993724,4.082095,19491.000000,0.006276,4.000000,20364.000,873.000,16093.440000,0.000,318.472,21.530819,873,2.158323,2.378581
veh_003241,completed,19496.600795,5.607071,19497.000000,0.399205,6.000000,20366.000,869.000,16093.440000,0.000,314.757,21.988138,869,3.069414,1.986943
veh_003242,completed,19500.446780,3.845984,19501.000000,0.553220,4.000000,20373.000,872.000,16093.440000,0.000,317.951,19.058408,872,3.257901,1.846107
veh_003243,completed,19507.609167,7.162387,19508.000000,0.390833,7.000000,20375.000,867.000,16093.440000,0.000,312.851,19.225811,867,2.181487,1.421830
veh_003244,completed,19513.590681,5.981514,19514.000000,0.409319,6.000000,20379.000,865.000,16093.440000,0.000,310.917,21.583057,865,2.302933,1.847941
veh_003245,completed,19518.293988,4.703307,19519.000000,0.706012,5.000000,20382.000,863.000,16093.440000,0.000,308.539,23.734836,863,1.503780,2.532112
veh_003246,completed,19525.022145,6.728157,19526.000000,0.977855,7.000000,20383.000,857.000,16093.440000,0.000,303.042,24.093589,857,3.759398,1.572158
veh_003247,completed,19533.318264,8.296120,19534.000000,0.681736,8.000000,20386.000,852.000,16093.440000,0.000,297.734,23.254037,852,2.893616,2.134643
veh_003248,completed,19539.836342,6.518078,19540.000000,0.163658,6.000000,20388.000,848.000,16093.440000,0.000,293.641,21.980218,848,3.411762,1.958363
veh_003249,completed,19544.960852,5.124510,19545.000000,0.039148,5.000000,20391.000,846.000,16093.440000,0.000,291.826,22.379804,846,1.636294,1.973621
veh_003250,completed,19550.535070,5.574218,19551.000000,0.464930,6.000000,20394.000,843.000,16093.440000,0.000,288.922,21.119865,843,3.025386,1.953560
veh_003251,completed,19556.378891,5.843821,19557.000000,0.621109,6.000000,20396.000,839.000,16093.440000,0.000,285.096,24.865023,839,1.988374,1.991477
veh_003252,completed,19561.326589,4.947698,19562.000000,0.673411,5.000000,20399.000,837.000,16093.440000,0.000,282.549,23.736060,837,2.618049,1.980965
veh_003253,completed,19564.758996,3.432406,19565.000000,0.241004,3.000000,20404.000,839.000,16093.440000,0.000,284.983,21.796411,839,2.282294,2.167415
veh_003254,completed,19570.191248,5.432253,19571.000000,0.808752,6.000000,20407.000,836.000,16093.440000,0.000,281.791,20.342697,836,3.546284,2.409145
veh_003255,completed,19578.055329,7.864081,19579.000000,0.944671,8.000000,20409.000,830.000,16093.440000,0.000,275.941,20.447403,830,3.148824,1.620618
veh_003256,completed,19582.814469,4.759140,19583.000000,0.185531,4.000000,20411.000,828.000,16093.440000,0.000,273.940,24.699051,828,3.487972,1.771630
veh_003257,completed,19585.918966,3.104497,19586.000000,0.081034,3.000000,20413.000,827.000,16093.440000,0.000,272.685,22.948214,827,2.262280,1.474314
veh_003258,completed,19591.785793,5.866827,19592.000000,0.214207,6.000000,20415.000,823.000,16093.440000,0.000,268.831,23.054941,823,2.664565,2.120709
veh_003259,completed,19599.440004,7.654211,19600.000000,0.559996,8.000000,20417.000,817.000,16093.440000,0.000,263.048,22.126460,817,3.663186,2.098501
veh_003260,completed,19602.856361,3.416357,19603.000000,0.143639,3.000000,20419.000,816.000,16093.440000,0.000,262.117,23.352087,816,2.370976,1.702956
veh_003261,completed,19609.141417,6.285055,19610.000000,0.858583,7.000000,20422.000,812.000,16093.440000,0.000,257.451,22.554588,812,3.238418,1.798748
veh_003262,completed,19615.758585,6.617169,19616.000000,0.241415,6.000000,20424.000,808.000,16093.440000,0.000,254.069,20.638887,808,1.637914,1.743426
veh_003263,completed,19622.563870,6.805285,19623.000000,0.436130,7.000000,20427.000,804.000,16093.440000,0.000,249.620,23.771028,804,4.225489,2.138446
veh_003264,completed,19629.399512,6.835643,19630.000000,0.600488,7.000000,20429.000,799.000,16093.440000,0.000,244.891,25.287631,799,2.442508,2.000684
veh_003265,completed,19636.311720,6.912207,19637.000000,0.688280,7.000000,20431.000,794.000,16093.440000,0.000,239.769,25.605760,794,1.597608,1.694073
veh_003266,completed,19639.935809,3.624089,19640.000000,0.064191,3.000000,20433.000,793.000,16093.440000,0.000,238.882,21.191150,793,1.199489,1.328890
veh_003267,completed,19646.859897,6.924088,19647.000000,0.140103,7.000000,20450.000,803.000,16093.440000,0.000,248.629,20.294940,803,2.382623,1.714448
veh_003268,completed,19654.926167,8.066270,19655.000000,0.073833,8.000000,20454.000,799.000,16093.440000,0.000,244.656,22.825478,799,3.352146,2.222215
veh_003269,completed,19660.593686,5.667519,19661.000000,0.406314,6.000000,20457.000,796.000,16093.440000,0.000,241.660,19.993023,796,2.544775,2.084550
veh_003270,completed,19667.150816,6.557130,19668.000000,0.849184,7.000000,20459.000,791.000,16093.440000,0.000,236.969,23.523671,791,2.171169,2.170685
veh_003271,completed,19671.629191,4.478376,19672.000000,0.370809,4.000000,20558.000,886.000,16093.440000,0.000,331.871,18.264021,886,2.147590,2.002890
veh_003272,completed,19679.583661,7.954470,19680.000000,0.416339,8.000000,20560.000,880.000,16093.440000,0.000,325.995,19.307632,880,1.827891,1.611236
veh_003273,completed,19684.656090,5.072429,19685.000000,0.343910,5.000000,20574.000,889.000,16093.440000,0.000,334.693,18.877801,889,3.253056,1.959457
veh_003274,completed,19693.130316,8.474226,19694.000000,0.869684,9.000000,20576.000,882.000,16093.440000,0.000,327.801,22.652698,882,2.383977,1.488898
veh_003275,completed,19698.560402,5.430086,19699.000000,0.439598,5.000000,20578.000,879.000,16093.440000,0.000,324.882,21.516925,879,3.048421,1.498463
veh_003276,completed,19705.577050,7.016648,19706.000000,0.422950,7.000000,20580.000,874.000,16093.440000,0.000,319.835,24.269319,874,2.490404,1.588475
veh_003277,completed,19710.776922,5.199872,19711.000000,0.223078,5.000000,20582.000,871.000,16093.440000,0.000,316.706,26.019292,871,3.150906,1.678715
veh_003278,completed,19719.593552,8.816629,19720.000000,0.406448,9.000000,20584.000,864.000,16093.440000,0.000,310.142,19.882971,864,3.530680,1.980319
veh_003279,completed,19722.635350,3.041798,19723.000000,0.364650,3.000000,20586.000,863.000,16093.440000,0.000,308.844,20.206525,863,3.099203,1.153554
veh_003280,completed,19729.189328,6.553978,19730.000000,0.810672,7.000000,20589.000,859.000,16093.440000,0.000,304.669,19.149246,859,3.082951,2.284929
veh_003281,completed,19732.070157,2.880830,19733.000000,0.929843,3.000000,20591.000,858.000,16093.440000,0.000,303.692,22.203190,858,4.040534,1.956656
veh_003282,completed,19736.262993,4.192836,19737.000000,0.737007,4.000000,20593.000,856.000,16093.440000,0.000,301.487,24.917865,856,1.686295,1.576607
veh_003283,completed,19745.100983,8.837990,19746.000000,0.899017,9.000000,20594.000,848.000,16093.440000,0.000,294.059,22.848620,848,2.438675,1.699759
veh_003284,completed,19752.463015,7.362032,19753.000000,0.536985,7.000000,20596.000,843.000,16093.440000,0.000,288.793,22.379399,843,3.053180,1.323421
veh_003285,completed,19755.447203,2.984189,19756.000000,0.552797,3.000000,20598.000,842.000,16093.440000,0.000,287.598,23.677207,842,1.877822,1.656889
veh_003286,completed,19761.438157,5.990954,19762.000000,0.561843,6.000000,20600.000,838.000,16093.440000,0.000,283.924,20.072571,838,3.737084,2.065878
veh_003287,completed,19766.508654,5.070497,19767.000000,0.491346,5.000000,20602.000,835.000,16093.440000,0.000,280.659,23.655358,835,1.897357,1.320330
veh_003288,completed,19773.363349,6.854695,19774.000000,0.636651,7.000000,20604.000,830.000,16093.440000,0.000,275.973,20.777549,830,3.319819,1.573374
veh_003289,completed,19782.138960,8.775611,19783.000000,0.861040,9.000000,20620.000,837.000,16093.440000,0.000,283.125,19.991610,837,1.875066,1.318197
veh_003290,completed,19789.119801,6.980841,19790.000000,0.880199,7.000000,20623.000,833.000,16093.440000,0.000,278.776,22.057403,833,3.071936,2.422467
veh_003291,completed,19795.771779,6.651979,19796.000000,0.228221,6.000000,20635.000,839.000,16093.440000,0.000,284.553,19.529544,839,3.469383,1.806520
veh_003292,completed,19802.533841,6.762062,19803.000000,0.466159,7.000000,20637.000,834.000,16093.440000,0.000,279.458,25.479141,834,2.851740,1.507342
veh_003293,completed,19806.895076,4.361235,19807.000000,0.104924,4.000000,20638.000,831.000,16093.440000,0.000,277.144,24.056175,831,2.638918,1.658872
veh_003294,completed,19813.946779,7.051702,19814.000000,0.053221,7.000000,20717.000,903.000,16093.440000,0.000,348.821,18.363937,903,2.389036,1.768410
veh_003295,completed,19821.328422,7.381644,19822.000000,0.671578,8.000000,20719.000,897.000,16093.440000,0.000,342.515,19.927097,897,2.959895,1.269135
veh_003296,completed,19826.409888,5.081466,19827.000000,0.590112,5.000000,20721.000,894.000,16093.440000,0.000,339.722,19.158199,894,2.815437,1.859485
veh_003297,completed,19831.446163,5.036274,19832.000000,0.553837,5.000000,20723.000,891.000,16093.440000,0.000,336.481,23.368718,891,2.837698,1.517096
veh_003298,completed,19839.621133,8.174971,19840.000000,0.378867,8.000000,20724.000,884.000,16093.440000,0.000,330.114,24.555620,884,3.137284,1.470820
veh_003299,completed,19845.934818,6.313685,19846.000000,0.065182,6.000000,20727.000,881.000,16093.440000,0.000,326.748,22.035120,881,2.553654,1.758782
veh_003300,completed,19850.228841,4.294023,19851.000000,0.771159,5.000000,20729.000,878.000,16093.440000,0.000,323.632,24.459790,878,2.029087,1.572440
veh_003301,completed,19855.592713,5.363872,19856.000000,0.407287,5.000000,20731.000,875.000,16093.440000,0.000,321.032,19.724088,875,3.205221,2.012342
veh_003302,completed,19860.906436,5.313723,19861.000000,0.093564,5.000000,20734.000,873.000,16093.440000,0.000,318.838,24.249900,873,2.865314,2.357804
veh_003303,completed,19866.809665,5.903229,19867.000000,0.190335,6.000000,20736.000,869.000,16093.440000,0.000,314.693,24.441926,869,3.186252,1.309976
veh_003304,completed,19872.700595,5.890930,19873.000000,0.299405,6.000000,20738.000,865.000,16093.440000,0.000,310.908,22.791966,865,2.691145,1.804270
veh_003305,completed,19878.326680,5.626085,19879.000000,0.673320,6.000000,20741.000,862.000,16093.440000,0.000,307.497,19.272707,862,4.338182,2.215994
veh_003306,completed,19886.837585,8.510904,19887.000000,0.162415,8.000000,20744.000,857.000,16093.440000,0.000,303.104,21.525874,857,3.888453,1.391940
veh_003307,completed,19894.086006,7.248421,19895.000000,0.913994,8.000000,20746.000,851.000,16093.440000,0.000,297.135,21.671701,851,2.735462,1.729509
veh_003308,completed,19902.310491,8.224485,19903.000000,0.689509,8.000000,20749.000,846.000,16093.440000,0.000,291.382,23.029030,846,3.476050,1.624858
veh_003309,completed,19905.768512,3.458021,19906.000000,0.231488,3.000000,20754.000,848.000,16093.440000,0.000,293.600,19.064883,848,2.126844,2.121735
veh_003310,completed,19911.935223,6.166710,19912.000000,0.064777,6.000000,20783.000,871.000,16093.440000,0.000,316.676,20.269000,871,3.246797,1.268612
veh_003311,completed,19919.697388,7.762165,19920.000000,0.302612,8.000000,20785.000,865.000,16093.440000,0.000,310.993,20.597405,865,1.373489,2.008752
veh_003312,completed,19926.785506,7.088118,19927.000000,0.214494,7.000000,20788.000,861.000,16093.440000,0.000,306.557,25.236479,861,3.118621,2.182223
veh_003313,completed,19931.766484,4.980978,19932.000000,0.233516,5.000000,20793.000,861.000,16093.440000,0.000,307.023,19.823954,861,4.077447,2.353612
veh_003314,completed,19936.632538,4.866054,19937.000000,0.367462,5.000000,20795.000,858.000,16093.440000,0.000,303.984,18.990108,858,2.640052,1.840948
veh_003315,completed,19944.072566,7.440028,19945.000000,0.927434,8.000000,20797.000,852.000,16093.440000,0.000,297.986,21.353215,852,2.414808,1.856826
veh_003316,completed,19949.753795,5.681229,19950.000000,0.246205,5.000000,20799.000,849.000,16093.440000,0.000,295.000,21.714064,849,2.699152,1.760905
veh_003317,completed,19956.726248,6.972453,19957.000000,0.273752,7.000000,20802.000,845.000,16093.440000,0.000,290.767,20.002003,845,2.150775,1.618989
veh_003318,completed,19962.961169,6.234922,19963.000000,0.038831,6.000000,20804.000,841.000,16093.440000,0.000,287.102,21.821145,841,3.733398,2.228552
veh_003319,completed,19968.784711,5.823542,19969.000000,0.215289,6.000000,20807.000,838.000,16093.440000,0.000,283.696,22.566232,838,3.158519,1.702574
veh_003320,completed,19974.965430,6.180720,19975.000000,0.034570,6.000000,20809.000,834.000,16093.440000,0.000,279.951,19.799152,834,2.462968,1.943763
veh_003321,completed,19979.721027,4.755597,19980.000000,0.278973,5.000000,20811.000,831.000,16093.440000,0.000,276.557,21.787557,831,3.108799,1.223449
veh_003322,completed,19988.272802,8.551775,19989.000000,0.727198,9.000000,20813.000,824.000,16093.440000,0.000,269.703,26.319732,824,2.622176,2.065390
veh_003323,completed,19995.095071,6.822270,19996.000000,0.904929,7.000000,20816.000,820.000,16093.440000,0.000,265.383,22.800358,820,3.001633,2.447141
veh_003324,completed,20003.194078,8.099006,20004.000000,0.805922,8.000000,20818.000,814.000,16093.440000,0.000,259.461,22.150344,814,2.488801,1.817742
veh_003325,completed,20008.400283,5.206205,20009.000000,0.599717,5.000000,20820.000,811.000,16093.440000,0.000,257.031,23.415665,811,2.381465,2.143512
veh_003326,completed,20013.589479,5.189196,20014.000000,0.410521,5.000000,20823.000,809.000,16093.440000,0.000,254.630,22.927913,809,2.140801,2.266646
veh_003327,completed,20019.110613,5.521134,20020.000000,0.889387,6.000000,20825.000,805.000,16093.440000,0.000,251.014,24.171047,805,2.910303,2.434113
veh_003328,completed,20023.818227,4.707614,20024.000000,0.181773,4.000000,20829.000,805.000,16093.440000,0.000,250.921,20.334808,805,2.892866,2.512351
veh_003329,completed,20030.835457,7.017230,20031.000000,0.164543,7.000000,20831.000,800.000,16093.440000,0.000,246.135,21.203095,800,2.937448,1.950644
veh_003330,completed,20037.904217,7.068760,20038.000000,0.095783,7.000000,20834.000,796.000,16093.440000,0.000,241.763,22.705232,796,3.419714,1.705600
veh_003331,completed,20043.134516,5.230299,20044.000000,0.865484,6.000000,20835.000,791.000,16093.440000,0.000,237.095,22.528353,791,2.639399,1.256199
veh_003332,completed,20048.655019,5.520504,20049.000000,0.344981,5.000000,20837.000,788.000,16093.440000,0.000,233.685,23.610101,788,2.362684,1.493031
veh_003333,completed,20055.219923,6.564903,20056.000000,0.780077,7.000000,20839.000,783.000,16093.440000,0.000,228.447,24.306095,783,3.226109,1.834549
veh_003334,completed,20060.091039,4.871116,20061.000000,0.908961,5.000000,20841.000,780.000,16093.440000,0.000,226.142,23.331892,780,3.785282,1.960887
veh_003335,completed,20065.477046,5.386008,20066.000000,0.522954,5.000000,20843.000,777.000,16093.440000,0.000,223.066,24.502926,777,1.658576,1.745500
veh_003336,completed,20073.817778,8.340731,20074.000000,0.182222,8.000000,20846.000,772.000,16093.440000,0.000,217.864,21.941262,772,3.607814,2.396648
veh_003337,completed,20078.697913,4.880136,20079.000000,0.302087,5.000000,20848.000,769.000,16093.440000,0.000,215.100,22.445307,769,2.686803,1.861716
veh_003338,completed,20083.922680,5.224767,20084.000000,0.077320,5.000000,20851.000,767.000,16093.440000,0.000,212.657,21.295481,767,1.685694,2.004203
veh_003339,completed,20093.679775,9.757095,20094.000000,0.320225,10.000000,20853.000,759.000,16093.440000,0.000,204.691,21.888954,759,3.828902,1.661250
veh_003340,completed,20096.490217,2.810442,20097.000000,0.509783,3.000000,20855.000,758.000,16093.440000,0.000,203.842,23.499082,758,3.156699,2.170169
veh_003341,completed,20100.713655,4.223438,20101.000000,0.286345,4.000000,20975.000,874.000,16093.440000,0.000,319.636,18.167164,874,2.955594,1.635262
veh_003342,completed,20109.409609,8.695954,20110.000000,0.590391,9.000000,20977.000,867.000,16093.440000,0.000,312.940,23.918123,867,1.471416,2.129658
veh_003343,completed,20114.795287,5.385678,20115.000000,0.204713,5.000000,20980.000,865.000,16093.440000,0.000,310.591,21.824167,865,3.587197,2.062045
veh_003344,completed,20121.545032,6.749745,20122.000000,0.454968,7.000000,20982.000,860.000,16093.440000,0.000,305.479,24.856765,860,1.531756,1.533797
veh_003345,completed,20130.724517,9.179486,20131.000000,0.275483,9.000000,20983.000,852.000,16093.440000,0.000,298.011,25.358262,852,3.265725,1.288842
veh_003346,completed,20135.648962,4.924445,20136.000000,0.351038,5.000000,20986.000,850.000,16093.440000,0.000,295.799,22.128387,850,3.000228,1.648856
veh_003347,completed,20140.761702,5.112740,20141.000000,0.238298,5.000000,20988.000,847.000,16093.440000,0.000,292.568,25.975812,847,3.637858,1.327692
veh_003348,completed,20147.377882,6.616180,20148.000000,0.622118,7.000000,20990.000,842.000,16093.440000,0.000,287.770,21.087238,842,3.411893,1.966355
veh_003349,completed,20153.264147,5.886266,20154.000000,0.735853,6.000000,20992.000,838.000,16093.440000,0.000,284.102,24.757493,838,4.608871,2.198331
veh_003350,completed,20158.476756,5.212609,20159.000000,0.523244,5.000000,20994.000,835.000,16093.440000,0.000,280.974,20.795517,835,2.042057,1.854199
veh_003351,completed,20164.276771,5.800014,20165.000000,0.723229,6.000000,20997.000,832.000,16093.440000,0.000,277.356,25.641622,832,2.759615,2.128245
veh_003352,completed,20168.284579,4.007808,20169.000000,0.715421,4.000000,20998.000,829.000,16093.440000,0.000,274.793,22.811726,829,1.657251,1.233084
veh_003353,completed,20174.983165,6.698586,20175.000000,0.016835,6.000000,21001.000,826.000,16093.440000,0.000,271.382,24.932453,826,2.457328,2.146130
veh_003354,completed,20182.234906,7.251741,20183.000000,0.765094,8.000000,21003.000,820.000,16093.440000,0.000,265.990,23.930522,820,3.020133,2.337375
veh_003355,completed,20187.992729,5.757823,20188.000000,0.007271,5.000000,21005.000,817.000,16093.440000,0.000,262.594,23.633418,817,2.410476,1.198844
veh_003356,completed,20193.657010,5.664281,20194.000000,0.342990,6.000000,21007.000,813.000,16093.440000,0.000,258.563,21.623883,813,2.835496,1.617796
veh_003357,completed,20200.480185,6.823175,20201.000000,0.519815,7.000000,21025.000,824.000,16093.440000,0.000,269.713,19.515965,824,2.467746,1.890201
veh_003358,completed,20205.672830,5.192645,20206.000000,0.327170,5.000000,21027.000,821.000,16093.440000,0.000,266.762,22.508146,821,2.764950,1.730807
veh_003359,completed,20211.210634,5.537804,20212.000000,0.789366,6.000000,21030.000,818.000,16093.440000,0.000,263.518,24.395996,818,2.617293,1.787275
veh_003360,completed,20217.108134,5.897499,20218.000000,0.891866,6.000000,21031.000,813.000,16093.440000,0.000,259.083,22.783842,813,2.971166,1.396533
veh_003361,completed,20225.316151,8.208017,20226.000000,0.683849,8.000000,21066.000,840.000,16093.440000,0.000,285.461,19.158774,840,2.991174,1.870376
veh_003362,completed,20231.242320,5.926169,20232.000000,0.757680,6.000000,21068.000,836.000,16093.440000,0.000,281.498,23.840246,836,1.088647,1.883470
veh_003363,completed,20237.071729,5.829408,20238.000000,0.928271,6.000000,21080.000,842.000,16093.440000,0.000,287.764,20.062853,842,3.713119,1.519416
veh_003364,completed,20242.825507,5.753778,20243.000000,0.174493,5.000000,21082.000,839.000,16093.440000,0.000,285.000,23.294017,839,2.915917,1.807615
veh_003365,completed,20248.249815,5.424308,20249.000000,0.750185,6.000000,21084.000,835.000,16093.440000,0.000,280.918,23.110958,835,3.327993,1.739965
veh_003366,completed,20252.802437,4.552622,20253.000000,0.197563,4.000000,21086.000,833.000,16093.440000,0.000,279.074,22.770663,833,3.052104,1.719674
veh_003367,completed,20257.423767,4.621330,20258.000000,0.576233,5.000000,21089.000,831.000,16093.440000,0.000,276.740,24.309738,831,3.570565,2.260900
veh_003368,completed,20264.714294,7.290527,20265.000000,0.285706,7.000000,21092.000,827.000,16093.440000,0.000,272.458,23.386988,827,2.874368,2.192639
veh_003369,completed,20269.860637,5.146342,20270.000000,0.139363,5.000000,21141.000,871.000,16093.440000,0.000,316.672,18.214471,871,2.382604,2.013352
veh_003370,completed,20275.999164,6.138527,20276.000000,0.000836,6.000000,21143.000,867.000,16093.440000,0.000,312.389,23.840263,867,2.551981,1.741533
veh_003371,completed,20281.284760,5.285596,20282.000000,0.715240,6.000000,21145.000,863.000,16093.440000,0.000,308.561,23.832025,863,2.116854,1.960586
veh_003372,completed,20285.292889,4.008129,20286.000000,0.707111,4.000000,21146.000,860.000,16093.440000,0.000,306.012,19.600498,860,3.238883,1.190860
veh_003373,completed,20290.595760,5.302872,20291.000000,0.404240,5.000000,21150.000,859.000,16093.440000,0.000,304.658,20.943350,859,2.666296,1.724269
veh_003374,completed,20298.691170,8.095410,20299.000000,0.308830,8.000000,21152.000,853.000,16093.440000,0.000,298.450,23.055824,853,2.640496,1.747212
veh_003375,completed,20304.069297,5.378127,20305.000000,0.930703,6.000000,21162.000,857.000,16093.440000,0.000,302.692,20.362925,857,2.791908,1.718759
veh_003376,completed,20309.054737,4.985440,20310.000000,0.945263,5.000000,21164.000,854.000,16093.440000,0.000,299.740,23.842243,854,3.681705,1.539272
veh_003377,completed,20314.412921,5.358184,20315.000000,0.587079,5.000000,21166.000,851.000,16093.440000,0.000,296.799,20.278996,851,2.334694,1.720463
veh_003378,completed,20319.910968,5.498046,20320.000000,0.089032,5.000000,21168.000,848.000,16093.440000,0.000,293.951,19.669061,848,1.042490,1.749443
veh_003379,completed,20326.253732,6.342764,20327.000000,0.746268,7.000000,21176.000,849.000,16093.440000,0.000,294.612,20.523717,849,1.479478,1.202705
veh_003380,completed,20331.636258,5.382526,20332.000000,0.363742,5.000000,21177.000,845.000,16093.440000,0.000,291.018,22.530300,845,3.888644,1.718761
veh_003381,completed,20337.489862,5.853604,20338.000000,0.510138,6.000000,21181.000,843.000,16093.440000,0.000,288.721,19.741809,843,3.241416,2.074059
veh_003382,completed,20342.753487,5.263625,20343.000000,0.246513,5.000000,21183.000,840.000,16093.440000,0.000,285.439,23.915982,840,2.814514,1.327568
veh_003383,completed,20349.289738,6.536251,20350.000000,0.710262,7.000000,21185.000,835.000,16093.440000,0.000,280.648,22.371644,835,3.168683,2.106983
veh_003384,completed,20355.756627,6.466888,20356.000000,0.243373,6.000000,21189.000,833.000,16093.440000,0.000,278.683,21.657801,833,1.688564,1.788422
veh_003385,completed,20362.074153,6.317526,20363.000000,0.925847,7.000000,21191.000,828.000,16093.440000,0.000,273.930,22.485263,828,2.316226,1.740988
veh_003386,completed,20369.023844,6.949691,20370.000000,0.976156,7.000000,21193.000,823.000,16093.440000,0.000,268.926,21.086977,823,1.481167,2.190597
veh_003387,completed,20374.874970,5.851126,20375.000000,0.125030,5.000000,21260.000,885.000,16093.440000,0.000,330.417,17.965503,885,3.965237,1.995715
veh_003388,completed,20382.694390,7.819420,20383.000000,0.305610,8.000000,21262.000,879.000,16093.440000,0.000,324.634,23.143567,879,3.441987,1.941019
veh_003389,completed,20389.393679,6.699289,20390.000000,0.606321,7.000000,21265.000,875.000,16093.440000,0.000,320.749,21.260372,875,1.722685,2.184465
veh_003390,completed,20397.625432,8.231753,20398.000000,0.374568,8.000000,21268.000,870.000,16093.440000,0.000,315.791,23.094944,870,2.031875,1.825464
veh_003391,completed,20403.505865,5.880433,20404.000000,0.494135,6.000000,21270.000,866.000,16093.440000,0.000,311.958,21.813471,866,3.192509,1.574184
veh_003392,completed,20409.914053,6.408188,20410.000000,0.085947,6.000000,21272.000,862.000,16093.440000,0.000,307.714,22.231750,862,2.438730,1.115784
veh_003393,completed,20414.890782,4.976728,20415.000000,0.109218,5.000000,21274.000,859.000,16093.440000,0.000,305.142,24.386721,859,2.528300,2.329428
veh_003394,completed,20420.914223,6.023441,20421.000000,0.085777,6.000000,21277.000,856.000,16093.440000,0.000,301.585,22.764671,856,2.281870,1.673874
veh_003395,completed,20428.141265,7.227042,20429.000000,0.858735,8.000000,21279.000,850.000,16093.440000,0.000,296.077,22.552133,850,3.652036,1.909538
veh_003396,completed,20433.593019,5.451754,20434.000000,0.406981,5.000000,21281.000,847.000,16093.440000,0.000,292.906,21.119246,847,1.814349,1.612904
veh_003397,completed,20441.831282,8.238264,20442.000000,0.168718,8.000000,21283.000,841.000,16093.440000,0.000,286.914,25.422404,841,2.418055,1.796895
veh_003398,completed,20447.869792,6.038509,20448.000000,0.130208,6.000000,21285.000,837.000,16093.440000,0.000,282.907,22.813816,837,3.370309,1.629755
veh_003399,completed,20456.244556,8.374765,20457.000000,0.755444,9.000000,21288.000,831.000,16093.440000,0.000,276.699,22.563674,831,2.794803,1.918856
veh_003400,completed,20460.671352,4.426795,20461.000000,0.328648,4.000000,21289.000,828.000,16093.440000,0.000,274.067,24.486332,828,1.652501,1.438252
veh_003401,completed,20466.256059,5.584707,20467.000000,0.743941,6.000000,21312.000,845.000,16093.440000,0.000,290.745,19.742629,845,3.983055,1.430097
veh_003402,completed,20471.511519,5.255460,20472.000000,0.488481,5.000000,21314.000,842.000,16093.440000,0.000,287.777,24.202369,842,2.344069,1.411578
veh_003403,completed,20479.027466,7.515947,20480.000000,0.972534,8.000000,21316.000,836.000,16093.440000,0.000,281.721,24.340554,836,2.583627,1.673592
veh_003404,completed,20485.990620,6.963154,20486.000000,0.009380,6.000000,21318.000,832.000,16093.440000,0.000,277.724,22.901322,832,1.533472,1.897155
veh_003405,completed,20491.875999,5.885379,20492.000000,0.124001,6.000000,21320.000,828.000,16093.440000,0.000,274.011,22.349778,828,4.090660,2.198181
veh_003406,completed,20497.192302,5.316303,20498.000000,0.807698,6.000000,21322.000,824.000,16093.440000,0.000,269.599,19.343952,824,3.001452,1.055227
veh_003407,completed,20503.152046,5.959744,20504.000000,0.847954,6.000000,21390.000,886.000,16093.440000,0.000,331.548,18.901755,886,2.770548,2.222845
veh_003408,completed,20510.238926,7.086879,20511.000000,0.761074,7.000000,21392.000,881.000,16093.440000,0.000,326.983,21.576542,881,3.167188,1.598520
veh_003409,completed,20517.492537,7.253611,20518.000000,0.507463,7.000000,21394.000,876.000,16093.440000,0.000,322.116,20.398515,876,4.090263,1.987441
veh_003410,completed,20523.403111,5.910574,20524.000000,0.596889,6.000000,21398.000,874.000,16093.440000,0.000,319.709,19.711610,874,2.908996,1.577832
veh_003411,completed,20528.732494,5.329383,20529.000000,0.267506,5.000000,21401.000,872.000,16093.440000,0.000,317.546,21.022349,872,1.599128,2.334873
veh_003412,completed,20534.885595,6.153101,20535.000000,0.114405,6.000000,21404.000,869.000,16093.440000,0.000,314.900,19.718080,869,2.904189,2.244747
veh_003413,completed,20541.079502,6.193907,20542.000000,0.920498,7.000000,21411.000,869.000,16093.440000,0.000,315.011,19.877039,869,2.489337,1.534345
veh_003414,completed,20547.458311,6.378808,20548.000000,0.541689,6.000000,21414.000,866.000,16093.440000,0.000,311.644,22.398067,866,3.529098,2.289409
veh_003415,completed,20552.778069,5.319758,20553.000000,0.221931,5.000000,21416.000,863.000,16093.440000,0.000,308.856,24.652390,863,3.734222,1.734500
veh_003416,completed,20561.388777,8.610708,20562.000000,0.611223,9.000000,21418.000,856.000,16093.440000,0.000,301.865,24.099892,856,2.481603,1.774227
veh_003417,completed,20566.445587,5.056810,20567.000000,0.554413,5.000000,21420.000,853.000,16093.440000,0.000,298.731,19.603472,853,2.850438,1.788773
veh_003418,completed,20574.714294,8.268707,20575.000000,0.285706,8.000000,21423.000,848.000,16093.440000,0.000,293.884,18.884152,848,3.686322,1.504943
veh_003419,completed,20582.804789,8.090495,20583.000000,0.195211,8.000000,21452.000,869.000,16093.440000,0.000,315.052,19.583734,869,3.792009,1.784078
veh_003420,completed,20590.225459,7.420670,20591.000000,0.774541,8.000000,21455.000,864.000,16093.440000,0.000,309.640,26.171461,864,2.020679,2.007629
veh_003421,completed,20599.036554,8.811095,20600.000000,0.963446,9.000000,21456.000,856.000,16093.440000,0.000,302.045,23.684684,856,1.570027,1.215802
veh_003422,completed,20605.870310,6.833756,20606.000000,0.129690,6.000000,21458.000,852.000,16093.440000,0.000,297.886,21.555598,852,2.415395,1.082166
veh_003423,completed,20611.395281,5.524971,20612.000000,0.604719,6.000000,21465.000,853.000,16093.440000,0.000,298.778,20.409015,853,1.852665,2.177009
veh_003424,completed,20616.610674,5.215393,20617.000000,0.389326,5.000000,21471.000,854.000,16093.440000,0.000,299.503,18.902775,854,3.319734,2.004219
veh_003425,completed,20621.604058,4.993385,20622.000000,0.395942,5.000000,21473.000,851.000,16093.440000,0.000,296.611,22.159781,851,3.726996,1.844131
veh_003426,completed,20628.860076,7.256018,20629.000000,0.139924,7.000000,21475.000,846.000,16093.440000,0.000,291.700,21.424671,846,3.504771,1.724317
veh_003427,completed,20632.639172,3.779096,20633.000000,0.360828,4.000000,21477.000,844.000,16093.440000,0.000,289.908,23.455560,844,2.023398,1.839826
veh_003428,completed,20636.505639,3.866467,20637.000000,0.494361,4.000000,21479.000,842.000,16093.440000,0.000,287.880,23.678934,842,3.493919,1.489131
veh_003429,completed,20644.804354,8.298715,20645.000000,0.195646,8.000000,21481.000,836.000,16093.440000,0.000,282.144,23.084425,836,2.375902,2.155137
veh_003430,completed,20652.323676,7.519322,20653.000000,0.676324,8.000000,21484.000,831.000,16093.440000,0.000,276.535,20.893683,831,3.719372,1.685993
veh_003431,completed,20658.945172,6.621496,20659.000000,0.054828,6.000000,21486.000,827.000,16093.440000,0.000,272.972,21.332606,827,4.152510,2.012685
veh_003432,completed,20666.330197,7.385024,20667.000000,0.669803,8.000000,21489.000,822.000,16093.440000,0.000,267.767,23.332908,822,4.378003,2.471121
veh_003433,completed,20673.491636,7.161440,20674.000000,0.508364,7.000000,21491.000,817.000,16093.440000,0.000,262.657,22.944765,817,3.338265,1.268548
veh_003434,completed,20679.211332,5.719696,20680.000000,0.788668,6.000000,21493.000,813.000,16093.440000,0.000,258.643,22.077977,813,1.447399,1.156130
veh_003435,completed,20683.008376,3.797044,20684.000000,0.991624,4.000000,21495.000,811.000,16093.440000,0.000,256.710,20.681227,811,4.011979,1.647154
veh_003436,completed,20690.933011,7.924635,20691.000000,0.066989,7.000000,21497.000,806.000,16093.440000,0.000,251.710,21.376892,806,3.041445,1.755843
veh_003437,completed,20697.602305,6.669293,20698.000000,0.397695,7.000000,21499.000,801.000,16093.440000,0.000,246.975,22.345182,801,2.672638,1.768655
veh_003438,completed,20701.537979,3.935675,20702.000000,0.462021,4.000000,21502.000,800.000,16093.440000,0.000,245.550,23.659214,800,4.356561,1.692217
veh_003439,completed,20707.751424,6.213444,20708.000000,0.248576,6.000000,21504.000,796.000,16093.440000,0.000,241.509,24.340175,796,4.763716,1.772550
veh_003440,completed,20713.048341,5.296918,20714.000000,0.951659,6.000000,21505.000,791.000,16093.440000,0.000,237.095,21.402881,791,3.349520,1.408866
veh_003441,completed,20718.875300,5.826959,20719.000000,0.124700,5.000000,21508.000,789.000,16093.440000,0.000,234.685,21.563180,789,2.475215,2.076842
veh_003442,completed,20724.383344,5.508044,20725.000000,0.616656,6.000000,21511.000,786.000,16093.440000,0.000,231.778,20.970194,786,2.830900,1.901922
veh_003443,completed,20731.210157,6.826813,20732.000000,0.789843,7.000000,21536.000,804.000,16093.440000,0.000,249.393,21.134552,804,3.586676,1.820673
veh_003444,completed,20736.897535,5.687377,20737.000000,0.102465,5.000000,21542.000,805.000,16093.440000,0.000,250.838,22.718104,805,2.981760,1.709696
veh_003445,completed,20741.165104,4.267570,20742.000000,0.834896,5.000000,21547.000,805.000,16093.440000,0.000,251.026,20.973229,805,3.562635,1.669693
veh_003446,completed,20748.174618,7.009514,20749.000000,0.825382,7.000000,21550.000,801.000,16093.440000,0.000,246.701,21.067352,801,3.221121,2.006117
veh_003447,completed,20754.903319,6.728701,20755.000000,0.096681,6.000000,21552.000,797.000,16093.440000,0.000,242.875,21.901416,797,2.238707,1.895573
veh_003448,completed,20758.764649,3.861330,20759.000000,0.235351,4.000000,21554.000,795.000,16093.440000,0.000,241.061,23.904815,795,2.613792,1.933289
veh_003449,completed,20765.378344,6.613695,20766.000000,0.621656,7.000000,21556.000,790.000,16093.440000,0.000,236.093,22.673811,790,1.745079,1.664338
veh_003450,completed,20772.709784,7.331440,20773.000000,0.290216,7.000000,21565.000,792.000,16093.440000,0.000,237.968,23.021158,792,3.268643,2.269647
veh_003451,unfinished,20778.481036,5.771252,20779.000000,0.518964,6.000000,,821.000,15992.791873,0.000,269.618,19.764736,821,1.620542,1.652516
veh_003452,unfinished,20784.762554,6.281518,20785.000000,0.237446,6.000000,,815.000,15952.382980,0.000,265.008,24.632658,815,2.618543,1.646817
veh_003453,unfinished,20789.616059,4.853505,20790.000000,0.383941,5.000000,,810.000,15905.081264,0.000,261.636,22.521635,810,2.683127,1.922466
veh_003454,unfinished,20792.990951,3.374892,20793.000000,0.009049,3.000000,,807.000,15851.620949,0.000,260.476,22.493382,807,4.439700,2.162844
veh_003455,unfinished,20799.773697,6.782746,20800.000000,0.226303,7.000000,,800.000,15805.524000,0.000,255.062,24.083458,800,4.051668,1.891786
veh_003456,unfinished,20805.641868,5.868171,20806.000000,0.358132,6.000000,,794.000,15769.799702,0.000,250.292,24.614552,794,1.734179,1.547908
veh_003457,unfinished,20812.286272,6.644404,20813.000000,0.713728,7.000000,,787.000,15724.264435,0.000,244.859,24.129557,787,3.099388,1.977466
veh_003458,unfinished,20817.934104,5.647831,20818.000000,0.065896,5.000000,,782.000,15682.616420,0.000,241.292,24.405963,782,3.178693,1.805786
veh_003459,unfinished,20823.543569,5.609465,20824.000000,0.456431,6.000000,,776.000,15644.251389,0.000,236.612,22.833460,776,2.656519,1.645702
veh_003460,unfinished,20829.787012,6.243443,20830.000000,0.212988,6.000000,,770.000,15596.656935,0.000,232.250,25.009333,770,4.560032,1.981554
veh_003461,unfinished,20835.692030,5.905018,20836.000000,0.307970,6.000000,,764.000,15552.898898,0.000,227.756,23.773122,764,3.296356,1.822934
veh_003462,unfinished,20842.991449,7.299419,20843.000000,0.008551,7.000000,,757.000,15515.024116,0.000,222.060,26.679248,757,2.179445,1.505912
veh_003463,unfinished,20848.355615,5.364166,20849.000000,0.644385,6.000000,,751.000,15470.810219,0.000,217.581,21.644545,751,2.119995,1.753310
veh_003464,unfinished,20852.189019,3.833404,20853.000000,0.810981,4.000000,,747.000,15431.328738,0.000,214.940,22.093718,747,3.835661,1.756854
veh_003465,unfinished,20858.405188,6.216170,20859.000000,0.594812,6.000000,,741.000,14939.123694,0.000,225.879,20.393459,741,2.620650,1.453735
veh_003466,unfinished,20862.450383,4.045195,20863.000000,0.549617,4.000000,,737.000,14886.622154,0.000,223.686,25.846730,737,3.002607,2.248737
veh_003467,unfinished,20864.649422,2.199038,20865.000000,0.350578,2.000000,,735.000,14478.694042,0.000,235.724,19.831843,735,2.015806,1.821300
veh_003468,unfinished,20869.004252,4.354830,20870.000000,0.995748,5.000000,,730.000,14373.181517,0.000,234.356,22.432319,730,3.557785,2.067705
veh_003469,unfinished,20874.346369,5.342117,20875.000000,0.653631,5.000000,,725.000,14325.062938,0.000,231.011,22.621869,725,2.024338,1.952096
veh_003470,unfinished,20879.152452,4.806083,20880.000000,0.847548,5.000000,,720.000,13698.674488,0.000,247.568,19.639660,720,3.905780,1.448383
veh_003471,unfinished,20882.847448,3.694996,20883.000000,0.152552,3.000000,,717.000,13625.237011,0.000,247.096,19.951770,717,5.219858,1.597547
veh_003472,unfinished,20888.510480,5.663032,20889.000000,0.489520,6.000000,,711.000,13492.736968,0.000,245.655,19.286166,711,3.627900,1.921087
veh_003473,unfinished,20896.335179,7.824699,20897.000000,0.664821,8.000000,,703.000,13423.050593,0.000,240.054,21.898576,703,4.539572,1.635764
veh_003474,unfinished,20903.579306,7.244126,20904.000000,0.420694,7.000000,,696.000,13367.903089,0.000,234.952,21.195562,696,2.790694,1.821900
veh_003475,unfinished,20909.591660,6.012354,20910.000000,0.408340,6.000000,,690.000,13165.532369,0.000,235.916,19.686760,690,2.065836,1.917376
veh_003476,unfinished,20916.973340,7.381680,20917.000000,0.026660,7.000000,,683.000,13126.595665,0.000,230.256,21.871568,683,2.132236,1.852946
veh_003477,unfinished,20922.312750,5.339410,20923.000000,0.687250,6.000000,,677.000,13085.120620,0.000,225.683,21.807269,677,2.055073,1.625653
veh_003478,unfinished,20926.989754,4.677005,20927.000000,0.010246,4.000000,,673.000,13027.719939,0.000,223.659,20.757292,673,4.117161,1.730088
veh_003479,unfinished,20934.007444,7.017690,20935.000000,0.992556,8.000000,,665.000,12990.089710,0.000,216.954,23.154549,665,2.084828,1.772161
veh_003480,unfinished,20938.382077,4.374633,20939.000000,0.617923,4.000000,,661.000,12500.259194,0.000,229.811,19.194487,661,2.702902,2.059400
veh_003481,unfinished,20944.883094,6.501017,20945.000000,0.116906,6.000000,,655.000,12472.046455,0.000,224.782,22.915839,655,2.105573,1.380533
veh_003482,unfinished,20950.844587,5.961493,20951.000000,0.155413,6.000000,,649.000,12426.845930,0.000,220.337,22.461458,649,2.436309,2.064495
veh_003483,unfinished,20956.300466,5.455879,20957.000000,0.699534,6.000000,,643.000,12379.792699,0.000,215.957,24.056489,643,2.718285,2.118094
veh_003484,unfinished,20961.613376,5.312910,20962.000000,0.386624,5.000000,,638.000,12036.762878,0.000,222.762,19.385673,638,3.277352,1.295520
veh_003485,unfinished,20969.319205,7.705828,20970.000000,0.680795,8.000000,,630.000,11996.212953,0.000,216.157,22.569858,630,3.706615,1.874838
veh_003486,unfinished,20972.935158,3.615954,20973.000000,0.064842,3.000000,,627.000,11940.232436,0.000,215.084,23.422233,627,4.457398,2.325608
veh_003487,unfinished,20979.338654,6.403496,20980.000000,0.661346,7.000000,,620.000,11388.593365,0.000,227.068,19.296143,620,2.663306,2.035762
veh_003488,unfinished,20984.905801,5.567146,20985.000000,0.094199,5.000000,,615.000,11344.362628,0.000,223.591,22.391072,615,2.359343,1.936573
veh_003489,unfinished,20989.793669,4.887868,20990.000000,0.206331,5.000000,,610.000,11303.548585,0.000,219.995,20.152809,610,3.342905,1.988892
veh_003490,unfinished,20995.852084,6.058415,20996.000000,0.147916,6.000000,,604.000,11264.394596,0.000,215.343,21.826211,604,3.623421,1.961281
veh_003491,unfinished,21002.325789,6.473705,21003.000000,0.674211,7.000000,,597.000,11226.446685,0.000,209.649,23.615499,597,2.535798,1.837760
veh_003492,unfinished,21008.235873,5.910083,21009.000000,0.764127,6.000000,,591.000,11181.629281,0.000,205.191,22.906849,591,2.911642,2.054688
veh_003493,unfinished,21014.603429,6.367557,21015.000000,0.396571,6.000000,,585.000,11095.149817,0.000,202.167,18.274131,585,2.828221,1.342777
veh_003494,unfinished,21022.725690,8.122261,21023.000000,0.274310,8.000000,,577.000,11049.898861,0.000,195.724,24.612190,577,1.557498,1.871728
veh_003495,unfinished,21027.824345,5.098655,21028.000000,0.175655,5.000000,,572.000,10925.471849,0.000,195.006,20.442320,572,3.141693,2.046320
veh_003496,unfinished,21034.451270,6.626925,21035.000000,0.548730,7.000000,,565.000,10875.215934,0.000,189.736,24.298940,565,1.772632,2.428211
veh_003497,unfinished,21037.843373,3.392104,21038.000000,0.156627,3.000000,,562.000,10825.236486,0.000,188.456,23.062210,562,3.133845,1.840665
veh_003498,unfinished,21044.528804,6.685431,21045.000000,0.471196,7.000000,,555.000,10786.886457,0.000,182.776,21.918834,555,2.781259,1.689207
veh_003499,unfinished,21047.728394,3.199589,21048.000000,0.271606,3.000000,,552.000,10602.197738,0.000,186.132,22.151510,552,4.527592,2.011757
veh_003500,unfinished,21054.675437,6.947043,21055.000000,0.324563,7.000000,,545.000,10546.662751,0.000,181.043,20.461116,545,2.689326,1.584120
veh_003501,unfinished,21059.962674,5.287238,21060.000000,0.037326,5.000000,,540.000,10491.086712,0.000,177.955,24.807560,540,3.590228,2.355030
veh_003502,unfinished,21066.208870,6.246196,21067.000000,0.791130,7.000000,,533.000,10460.465188,0.000,172.009,22.892840,533,1.831618,1.248410
veh_003503,unfinished,21070.025644,3.816773,21071.000000,0.974356,4.000000,,529.000,10414.482918,0.000,169.592,20.126919,529,3.481339,1.855709
veh_003504,unfinished,21076.061678,6.036035,21077.000000,0.938322,6.000000,,523.000,10370.580777,0.000,165.103,23.376884,523,2.869060,1.825998
veh_003505,unfinished,21083.297698,7.236020,21084.000000,0.702302,7.000000,,516.000,10326.339402,0.000,159.625,24.845205,516,3.623925,1.845544
veh_003506,unfinished,21090.227469,6.929771,21091.000000,0.772531,7.000000,,509.000,10284.623065,0.000,154.061,22.496248,509,3.320489,1.852781
veh_003507,unfinished,21096.201594,5.974125,21097.000000,0.798406,6.000000,,503.000,10237.496008,0.000,149.683,21.741566,503,3.182491,1.580420
veh_003508,unfinished,21102.191885,5.990291,21103.000000,0.808115,6.000000,,497.000,9474.154896,0.000,169.953,19.861793,497,3.337978,2.130405
veh_003509,unfinished,21109.910042,7.718156,21110.000000,0.089958,7.000000,,490.000,9434.292557,0.000,164.324,24.237435,490,4.371206,1.720965
veh_003510,unfinished,21117.014027,7.103985,21118.000000,0.985973,8.000000,,482.000,9393.583610,0.000,157.725,23.153003,482,2.711356,1.873844
veh_003511,unfinished,21122.076884,5.062857,21123.000000,0.923116,5.000000,,477.000,9349.586610,0.000,154.240,22.297925,477,4.323425,1.882590
veh_003512,unfinished,21127.207139,5.130255,21128.000000,0.792861,5.000000,,472.000,9306.130107,0.000,150.735,24.969896,472,2.242231,1.769289
veh_003513,unfinished,21132.187340,4.980201,21133.000000,0.812660,5.000000,,467.000,9257.072730,0.000,147.423,24.579327,467,2.245184,2.130598
veh_003514,unfinished,21138.133866,5.946526,21139.000000,0.866134,6.000000,,461.000,9210.609997,0.000,143.022,22.912495,461,3.085201,1.940318
veh_003515,unfinished,21142.392863,4.258997,21143.000000,0.607137,4.000000,,457.000,9166.219489,0.000,140.550,22.685759,457,3.612395,1.510307
veh_003516,unfinished,21145.155306,2.762442,21146.000000,0.844694,3.000000,,454.000,9126.770917,0.000,138.908,21.756115,454,2.966724,1.755057
veh_003517,unfinished,21150.827845,5.672539,21151.000000,0.172155,5.000000,,449.000,9088.631701,0.000,135.220,23.176098,449,2.859061,1.526741
veh_003518,unfinished,21157.207168,6.379323,21158.000000,0.792832,7.000000,,442.000,9058.052378,0.000,129.273,23.393137,442,3.347252,1.274377
veh_003519,unfinished,21163.486806,6.279638,21164.000000,0.513194,6.000000,,436.000,9007.587385,0.000,125.009,23.976312,436,3.381245,2.435181
veh_003520,unfinished,21171.114291,7.627485,21172.000000,0.885709,8.000000,,428.000,8962.832721,0.000,118.549,21.476609,428,3.903444,1.963654
veh_003521,unfinished,21175.175536,4.061245,21176.000000,0.824464,4.000000,,424.000,8927.660266,0.000,115.760,20.476316,424,1.443936,1.948797
veh_003522,unfinished,21180.405802,5.230266,21181.000000,0.594198,5.000000,,419.000,8860.735549,0.000,113.063,23.808706,419,4.667781,2.186336
veh_003523,unfinished,21184.242163,3.836361,21185.000000,0.757837,4.000000,,415.000,8799.305879,0.000,111.177,25.195261,415,2.402140,2.198347
veh_003524,unfinished,21190.610907,6.368745,21191.000000,0.389093,6.000000,,409.000,8526.882591,0.000,114.552,22.007635,409,2.781896,1.587482
veh_003525,unfinished,21196.454033,5.843126,21197.000000,0.545967,6.000000,,403.000,8357.384538,0.000,114.386,20.926280,403,3.487416,1.782801
veh_003526,unfinished,21201.732797,5.278764,21202.000000,0.267203,5.000000,,398.000,7864.685675,0.000,126.342,20.084257,398,3.810523,1.538476
veh_003527,unfinished,21207.794960,6.062163,21208.000000,0.205040,6.000000,,392.000,7820.360161,0.000,121.867,21.814786,392,3.423393,1.825575
veh_003528,unfinished,21212.734629,4.939669,21213.000000,0.265371,5.000000,,387.000,7241.574871,0.000,136.786,19.534298,387,2.976331,1.870494
veh_003529,unfinished,21217.201585,4.466957,21218.000000,0.798415,5.000000,,382.000,7196.978418,0.000,133.320,23.178750,382,3.325924,1.987638
veh_003530,unfinished,21225.572347,8.370762,21226.000000,0.427653,8.000000,,374.000,7151.961707,0.000,126.869,22.673515,374,2.736647,1.927530
veh_003531,unfinished,21232.787865,7.215518,21233.000000,0.212135,7.000000,,367.000,6731.527362,0.000,134.338,19.777086,367,2.489484,1.413253
veh_003532,unfinished,21238.511620,5.723755,21239.000000,0.488380,6.000000,,361.000,6679.181863,0.000,130.140,22.867175,361,3.608522,1.999403
veh_003533,unfinished,21242.199455,3.687836,21243.000000,0.800545,4.000000,,357.000,6640.575597,0.000,127.469,24.358874,357,1.783517,1.547495
veh_003534,unfinished,21247.878014,5.678559,21248.000000,0.121986,5.000000,,352.000,6604.317584,0.000,123.716,21.155900,352,3.488028,1.779401
veh_003535,unfinished,21254.739391,6.861377,21255.000000,0.260609,7.000000,,345.000,6560.237991,0.000,118.233,22.380572,345,2.788756,1.380263
veh_003536,unfinished,21260.994217,6.254826,21261.000000,0.005783,6.000000,,339.000,6523.338101,0.000,113.503,25.273319,339,3.414672,1.352655
veh_003537,unfinished,21268.507932,7.513715,21269.000000,0.492068,8.000000,,331.000,6479.865081,0.000,106.999,22.814825,331,3.420992,1.689389
veh_003538,unfinished,21276.348249,7.840317,21277.000000,0.651751,8.000000,,323.000,6434.119631,0.000,100.574,21.746489,323,3.341068,1.694871
veh_003539,unfinished,21282.221427,5.873178,21283.000000,0.778573,6.000000,,317.000,6385.488617,0.000,96.247,24.360740,317,3.909607,2.149659
veh_003540,unfinished,21287.519301,5.297874,21288.000000,0.480699,5.000000,,312.000,5995.998827,0.000,104.651,19.938734,312,2.439238,1.929712
veh_003541,unfinished,21292.777711,5.258410,21293.000000,0.222289,5.000000,,307.000,5956.365428,0.000,101.015,22.619464,307,4.399589,1.747190
veh_003542,unfinished,21298.157500,5.379789,21299.000000,0.842500,6.000000,,301.000,5652.740548,0.000,105.464,19.063986,301,2.451556,1.916681
veh_003543,unfinished,21305.514324,7.356824,21306.000000,0.485676,7.000000,,294.000,5601.494100,0.000,100.228,24.139273,294,3.697159,1.897535
veh_003544,unfinished,21310.878101,5.363777,21311.000000,0.121899,5.000000,,289.000,5393.936450,0.000,102.371,19.814306,289,3.541896,1.754569
veh_003545,unfinished,21314.356934,3.478832,21315.000000,0.643066,4.000000,,285.000,5344.512059,0.000,100.072,21.225715,285,3.440403,1.900036
veh_003546,unfinished,21321.054383,6.697449,21322.000000,0.945617,7.000000,,278.000,5302.451519,0.000,94.519,21.170732,278,2.368097,2.165775
veh_003547,unfinished,21326.905985,5.851602,21327.000000,0.094015,5.000000,,273.000,5267.754320,0.000,90.713,24.706040,273,3.654664,1.366299
veh_003548,unfinished,21332.205201,5.299217,21333.000000,0.794799,6.000000,,267.000,5225.458316,0.000,86.169,22.555047,267,3.961382,1.678598
veh_003549,unfinished,21335.259940,3.054738,21336.000000,0.740060,3.000000,,264.000,5188.866231,0.000,84.428,24.307730,264,2.511135,1.658402
veh_003550,unfinished,21343.015018,7.755079,21344.000000,0.984982,8.000000,,256.000,5160.890661,0.000,77.391,21.507602,256,1.866156,1.204532
veh_003551,unfinished,21350.059544,7.044526,21351.000000,0.940456,7.000000,,249.000,5116.866402,0.000,71.906,23.067019,249,2.345614,1.781716
veh_003552,unfinished,21354.354221,4.294677,21355.000000,0.645779,4.000000,,245.000,5068.269975,0.000,69.579,21.350439,245,2.436635,2.092734
veh_003553,unfinished,21360.581881,6.227660,21361.000000,0.418119,6.000000,,239.000,5030.546110,0.000,64.877,25.584764,239,4.175266,1.525540
veh_003554,unfinished,21364.956284,4.374402,21365.000000,0.043716,4.000000,,235.000,4907.576304,0.000,65.109,21.614169,235,4.523513,1.933204
veh_003555,unfinished,21368.915379,3.959095,21369.000000,0.084621,4.000000,,231.000,4749.901519,0.000,66.535,20.043632,231,2.391568,1.338475
veh_003556,unfinished,21371.767323,2.851943,21372.000000,0.232677,3.000000,,228.000,4519.755079,0.000,71.455,20.383007,228,3.321954,2.532904
veh_003557,unfinished,21378.936324,7.169001,21379.000000,0.063676,7.000000,,221.000,4418.624675,0.000,67.936,20.579652,221,3.035800,1.760353
veh_003558,unfinished,21386.256198,7.319874,21387.000000,0.743802,8.000000,,213.000,4362.089860,0.000,61.881,20.914406,213,2.395987,2.125884
veh_003559,unfinished,21391.791438,5.535240,21392.000000,0.208562,5.000000,,208.000,4264.970713,0.000,60.224,24.223234,208,3.950830,1.785653
veh_003560,unfinished,21397.701677,5.910239,21398.000000,0.298323,6.000000,,202.000,4219.122940,0.000,55.801,25.118914,202,1.936184,1.658355
veh_003561,unfinished,21406.334080,8.632402,21407.000000,0.665920,9.000000,,193.000,4161.544837,0.000,48.783,26.712485,193,2.945531,2.002152
veh_003562,unfinished,21411.200986,4.866907,21412.000000,0.799014,5.000000,,188.000,3418.995807,0.000,69.337,18.366125,188,3.816859,1.826312
veh_003563,unfinished,21415.423857,4.222871,21416.000000,0.576143,4.000000,,184.000,3376.649588,0.000,66.795,22.514976,184,1.296680,1.874572
veh_003564,unfinished,21421.615173,6.191316,21422.000000,0.384827,6.000000,,178.000,3041.974969,0.000,72.312,18.350776,178,3.793386,1.911337
veh_003565,unfinished,21428.439422,6.824249,21429.000000,0.560578,7.000000,,171.000,3000.204651,0.000,66.750,23.544663,171,2.266683,1.836064
veh_003566,unfinished,21433.994095,5.554673,21434.000000,0.005905,5.000000,,166.000,2955.881082,0.000,63.275,24.950660,166,1.395410,1.815017
veh_003567,unfinished,21437.854967,3.860872,21438.000000,0.145033,4.000000,,162.000,2912.205904,0.000,60.778,23.535479,162,2.363590,2.143667
veh_003568,unfinished,21442.704149,4.849182,21443.000000,0.295851,5.000000,,157.000,2872.442203,0.000,57.147,19.694833,157,4.090519,2.191193
veh_003569,unfinished,21449.731657,7.027509,21450.000000,0.268343,7.000000,,150.000,2499.453165,0.000,62.983,20.044843,150,3.647870,1.928767
veh_003570,unfinished,21456.803786,7.072129,21457.000000,0.196214,7.000000,,143.000,2442.712928,0.000,57.935,23.075607,143,3.074240,2.341082
veh_003571,unfinished,21460.297752,3.493965,21461.000000,0.702248,4.000000,,139.000,2397.831963,0.000,55.480,24.160026,139,3.496124,1.587324
veh_003572,unfinished,21464.463842,4.166090,21465.000000,0.536158,4.000000,,135.000,2359.630394,0.000,52.795,24.348032,135,2.721092,1.715916
veh_003573,unfinished,21468.986116,4.522274,21469.000000,0.013884,4.000000,,131.000,2321.161954,0.000,50.119,22.794045,131,3.929542,1.430993
veh_003574,unfinished,21474.947946,5.961830,21475.000000,0.052054,6.000000,,125.000,2274.240471,0.000,45.733,20.829466,125,2.594851,2.072995
veh_003575,unfinished,21484.258174,9.310227,21485.000000,0.741826,10.000000,,115.000,2224.910826,0.000,37.431,20.956448,115,2.775619,1.915783
veh_003576,unfinished,21489.829441,5.571268,21490.000000,0.170559,5.000000,,110.000,2168.663779,0.000,34.367,26.090070,110,3.350735,2.111178
veh_003577,unfinished,21495.922599,6.093158,21496.000000,0.077401,6.000000,,104.000,2117.976089,0.000,30.111,22.422414,104,4.446033,1.421427
veh_003578,unfinished,21500.726881,4.804282,21501.000000,0.273119,5.000000,,99.000,2070.091988,0.000,26.759,24.633351,99,2.134068,2.021921
veh_003579,unfinished,21510.604853,9.877972,21511.000000,0.395147,10.000000,,89.000,1677.862224,0.000,30.257,21.452749,89,3.173451,2.141994
veh_003580,unfinished,21515.701969,5.097116,21516.000000,0.298031,5.000000,,84.000,1634.754653,0.000,26.741,23.923168,84,3.806541,1.705814
veh_003581,unfinished,21520.934347,5.232378,21521.000000,0.065653,5.000000,,79.000,1588.066988,0.000,23.348,24.867343,79,2.032127,2.081224
veh_003582,unfinished,21527.168674,6.234328,21528.000000,0.831326,7.000000,,72.000,1540.348365,0.000,17.990,24.447626,72,2.950964,1.917925
veh_003583,unfinished,21531.182128,4.013454,21532.000000,0.817872,4.000000,,68.000,1509.654616,0.000,15.046,25.047138,68,4.516720,1.497018
veh_003584,unfinished,21538.395275,7.213147,21539.000000,0.604725,7.000000,,61.000,1274.817434,0.000,16.128,21.854024,61,3.820612,1.864776
veh_003585,unfinished,21544.382780,5.987505,21545.000000,0.617220,6.000000,,55.000,1185.594959,0.000,13.198,21.828352,55,2.751299,1.797885
veh_003586,unfinished,21549.118699,4.735919,21550.000000,0.881301,5.000000,,50.000,1134.425350,0.000,9.959,23.434828,50,2.239564,1.833966
veh_003587,unfinished,21554.224987,5.106288,21555.000000,0.775013,5.000000,,45.000,1062.227868,0.000,7.444,24.780009,45,4.283299,1.957222
veh_003588,unfinished,21557.383933,3.158946,21558.000000,0.616067,3.000000,,42.000,948.561766,0.000,8.356,22.284670,42,3.464558,2.106440
veh_003589,unfinished,21562.550601,5.166668,21563.000000,0.449399,5.000000,,37.000,872.253826,0.000,5.982,24.442312,37,2.940021,1.286601
veh_003590,unfinished,21565.138665,2.588064,21566.000000,0.861335,3.000000,,34.000,679.214158,0.000,9.625,21.979964,34,3.377782,1.327856
veh_003591,unfinished,21570.462969,5.324304,21571.000000,0.537031,5.000000,,29.000,576.255981,0.000,8.168,22.734515,29,2.658536,1.305354
veh_003592,unfinished,21575.719609,5.256639,21576.000000,0.280391,5.000000,,24.000,530.822104,0.000,4.732,22.655451,24,1.946253,1.689543
veh_003593,unfinished,21580.836138,5.116529,21581.000000,0.163862,5.000000,,19.000,390.656919,0.000,4.556,21.839081,19,2.300798,1.594428
veh_003594,unfinished,21585.961861,5.125723,21586.000000,0.038139,5.000000,,14.000,288.712278,0.000,3.064,22.217419,14,3.752870,2.248647
veh_003595,unfinished,21590.698892,4.737031,21591.000000,0.301108,5.000000,,9.000,204.126798,0.000,0.975,25.906447,9,4.207929,1.722902
veh_003596,unfinished,21598.549940,7.851048,21599.000000,0.450060,8.000000,,1.000,0.000000,0.000,0.000,22.813143,1,2.797937,1.826111
